1 1
0 0 0 0 5 0 0 0 0 
0 0 0 0 8 0 0 0 0 
0 0 0 0 2 0 0 0 0 
0 0 0 0 7 0 0 0 0 
6 4 5 3 1 2 9 7 8 
0 0 0 0 4 0 0 0 0 
0 0 0 0 9 0 0 0 0 
0 0 0 0 3 0 0 0 0 
0 0 0 0 6 0 0 0 0 

1 2
0 0 0 0 0 0 0 0 0 
0 5 0 0 8 0 0 2 0 
0 0 0 0 0 0 0 0 0 
0 0 0 0 0 0 0 0 0 
0 4 0 0 1 0 0 7 0 
0 0 0 0 0 0 0 0 0 
0 0 0 0 0 0 0 0 0 
0 6 0 0 3 0 0 9 0 
0 0 0 0 0 0 0 0 0 

1 3
0 0 0 0 0 0 0 0 0 
0 0 0 0 0 0 0 0 0 
0 0 0 0 0 0 0 0 0 
0 0 0 9 7 8 0 0 0 
0 0 0 3 1 2 0 0 0 
0 0 0 6 4 5 0 0 0 
0 0 0 0 0 0 0 0 0 
0 0 0 0 0 0 0 0 0 
0 0 0 0 0 0 0 0 0 

1 4
0 2 0 0 7 0 3 0 0 
0 0 0 0 0 0 0 0 0 
0 0 3 0 0 8 0 0 7 
0 9 0 1 0 0 0 0 0 
1 0 0 0 0 0 0 7 0 
0 0 0 0 0 4 6 0 0 
0 0 7 0 0 0 0 0 6 
0 0 0 3 0 0 0 0 0 
0 0 2 0 5 0 1 0 0 

1 5
0 7 3 0 9 0 0 8 0 
6 0 0 0 7 0 0 0 9 
0 0 0 6 5 4 0 0 3 
3 0 5 0 8 0 9 0 4 
0 8 0 7 0 3 0 5 0 
2 0 7 0 6 0 8 0 1 
1 0 0 9 3 5 0 0 0 
7 0 0 0 1 0 0 0 5 
0 9 0 0 2 0 3 1 0 

1 6
0 0 3 0 4 0 2 0 0 
0 0 1 5 0 9 7 0 0 
5 9 0 0 3 0 0 1 4 
9 7 0 0 5 0 0 4 8 
0 6 4 7 0 2 3 9 0 
3 0 0 0 9 0 0 0 2 
1 5 0 0 2 0 0 6 3 
0 0 9 1 0 5 4 0 0 
0 0 8 0 7 0 5 0 0 

1 7
4 0 6 5 9 1 0 2 0 
0 0 8 0 0 0 0 9 0 
5 0 9 0 2 0 0 1 0 
8 0 0 0 6 3 0 0 0 
7 2 5 9 0 8 4 6 3 
0 0 0 7 5 0 0 0 9 
0 5 0 0 7 0 8 0 6 
0 4 0 0 0 0 9 0 0 
0 8 0 3 4 9 1 0 2 

1 8
0 7 1 0 0 9 0 4 0 
0 0 2 5 0 0 3 7 8 
8 0 0 6 7 0 0 2 0 
6 9 0 0 1 8 0 0 4 
0 0 5 0 0 0 7 0 0 
2 0 0 4 5 0 0 8 3 
0 4 0 0 6 5 0 0 2 
1 3 6 0 0 7 4 0 0 
0 2 0 9 0 0 6 1 0 

1 9
0 3 0 0 1 0 0 7 0 
7 0 8 3 0 6 2 0 9 
6 0 0 0 7 0 0 0 4 
1 0 0 5 0 8 0 0 2 
0 7 5 0 0 0 1 8 0 
0 8 9 0 0 0 4 5 0 
9 0 0 4 5 3 0 0 1 
8 0 0 6 0 7 0 0 5 
0 6 4 1 0 9 3 2 0 

1 10
0 1 4 6 0 0 2 3 0 
5 0 0 0 8 3 0 0 9 
0 7 8 0 0 0 6 5 0 
4 5 3 0 2 9 0 1 0 
1 0 0 4 0 6 0 0 5 
0 2 0 5 1 0 4 7 3 
0 4 5 0 0 0 3 6 0 
7 0 0 8 6 0 0 0 2 
0 9 6 0 0 5 1 8 0 

1 11
0 0 4 0 7 8 2 0 0 
2 8 0 3 0 9 0 4 5 
0 0 6 0 4 0 7 1 0 
3 7 0 8 0 6 4 0 2 
0 0 5 0 0 0 0 7 1 
4 9 0 1 0 7 8 0 6 
0 0 9 0 2 0 5 8 0 
7 4 0 9 0 5 0 2 3 
0 0 3 0 8 1 9 0 0 

1 12
0 3 0 0 0 9 8 0 6 
2 0 9 0 8 1 0 3 0 
8 5 0 2 3 0 7 0 0 
0 8 7 0 4 5 0 1 0 
5 0 2 7 0 6 4 0 3 
0 4 0 9 2 0 6 7 0 
0 0 4 0 5 7 0 6 9 
0 6 0 1 9 0 3 0 8 
9 0 8 4 0 0 0 5 0 

1 13
0 7 5 4 6 0 9 1 0 
0 0 1 5 9 0 4 0 0 
4 9 2 0 0 7 6 0 0 
0 0 8 2 1 0 3 7 6 
0 0 6 0 7 0 1 0 0 
7 1 4 0 5 6 8 0 0 
0 0 3 7 0 0 5 6 9 
0 0 9 0 4 1 7 0 0 
0 6 7 0 3 5 2 4 0 

1 14
8 0 2 0 3 0 7 0 5 
0 3 0 7 0 8 0 1 0 
6 0 9 0 4 0 3 0 2 
7 0 1 3 0 9 5 0 6 
0 5 0 4 1 7 0 3 0 
9 0 3 6 0 2 1 0 4 
4 0 7 0 9 0 8 0 3 
0 9 0 2 0 3 0 5 0 
3 0 5 0 7 0 2 0 1 

1 15
0 0 0 3 0 0 0 0 6 
8 6 0 7 4 0 9 3 1 
3 0 9 0 0 8 5 0 2 
0 8 4 0 9 7 0 5 0 
0 1 0 4 2 5 0 9 0 
0 5 0 8 6 0 7 1 0 
5 0 8 2 0 0 4 0 9 
2 3 6 0 7 4 0 8 5 
4 0 0 0 0 6 0 0 0 

1 16
6 1 9 0 5 0 4 7 3 
0 0 5 3 0 7 1 0 0 
3 0 4 0 1 0 8 0 5 
2 4 0 0 9 0 0 3 1 
0 0 0 7 0 4 0 0 0 
5 8 0 0 3 0 0 4 2 
9 0 8 0 6 0 2 0 7 
0 0 1 9 0 2 6 0 0 
4 6 2 0 7 0 3 9 8 

1 17
0 2 1 5 6 4 7 9 0 
8 0 0 0 0 0 0 0 2 
4 7 0 8 9 2 0 5 3 
0 6 4 0 8 0 3 1 0 
0 0 0 6 0 9 0 0 0 
0 5 9 0 7 0 8 2 0 
9 4 0 3 5 6 0 8 1 
6 0 0 0 0 0 0 0 5 
0 8 3 9 2 1 6 7 0 

1 18
0 9 2 7 5 8 1 3 0 
7 0 0 0 0 0 0 8 2 
3 5 0 0 2 1 6 0 9 
0 0 5 3 0 0 9 4 0 
0 6 0 5 0 7 0 2 0 
0 3 9 0 0 4 7 0 0 
5 0 7 1 8 0 0 9 3 
4 8 0 0 0 0 0 0 6 
0 1 6 2 4 3 8 5 0 

1 19
1 0 0 8 0 5 0 0 9 
3 0 6 0 4 0 5 0 1 
0 9 0 2 6 1 0 8 0 
6 0 7 0 1 0 8 0 4 
0 1 0 6 7 8 0 3 0 
2 0 8 0 9 0 1 0 6 
9 4 0 3 8 6 0 1 2 
0 0 1 0 2 0 9 0 0 
7 2 0 1 0 9 0 6 8 

1 20
0 3 0 5 0 6 0 9 0 
8 0 5 9 7 0 3 0 6 
0 7 0 3 0 8 0 5 0 
0 9 3 0 6 1 0 4 5 
4 0 8 7 0 5 6 0 9 
0 5 6 0 9 3 0 8 2 
0 2 0 6 0 4 0 7 0 
9 0 4 1 8 0 5 0 3 
0 8 0 2 0 9 0 6 0 

1 21
8 0 6 2 0 3 4 0 9 
0 5 0 0 1 0 0 6 0 
4 0 9 7 0 6 5 0 2 
0 7 0 3 0 1 0 8 4 
0 0 8 0 4 0 1 0 0 
1 4 0 6 0 8 0 2 0 
3 0 2 8 0 4 9 0 1 
0 9 0 0 6 0 0 3 0 
7 0 1 9 0 5 2 0 6 

1 22
6 0 2 0 4 5 1 9 0 
0 3 0 2 7 0 0 0 6 
4 0 5 8 0 1 7 2 0 
9 0 7 0 3 0 0 8 0 
0 0 6 7 0 8 9 0 0 
0 1 0 0 9 0 3 0 2 
0 6 4 9 0 3 8 0 5 
1 0 0 0 8 7 0 6 0 
0 8 9 1 5 0 4 0 7 

1 23
8 0 0 2 6 1 0 0 4 
0 3 6 0 5 0 1 7 0 
0 9 0 7 0 4 0 8 0 
0 6 0 9 8 2 0 1 0 
2 0 3 0 4 0 8 0 9 
0 1 0 3 7 6 0 4 0 
0 8 0 6 0 7 0 9 0 
0 2 1 0 9 0 3 5 0 
7 0 0 5 1 3 0 0 8 

1 24
5 4 0 7 9 6 2 0 3 
2 0 6 0 4 3 7 0 0 
0 7 0 8 0 0 0 1 6 
0 0 2 0 0 7 0 4 8 
7 0 0 0 3 0 0 0 1 
8 9 0 5 0 0 6 0 0 
1 5 0 0 0 9 0 6 0 
0 0 9 6 8 0 1 0 2 
6 0 7 3 1 4 0 5 9 

1 25
0 9 0 0 8 0 0 3 0 
1 0 8 5 0 4 7 0 9 
0 5 0 2 9 6 0 8 0 
6 0 5 0 0 0 2 0 4 
3 0 1 4 5 9 6 0 8 
0 8 0 6 0 7 0 5 0 
0 1 2 9 0 3 8 6 0 
0 4 0 0 6 0 0 1 0 
8 0 6 1 0 5 9 0 2 

1 26
6 4 2 0 0 0 0 1 8 
0 0 0 0 0 9 7 0 6 
0 7 9 1 8 0 3 4 0 
0 1 8 0 3 7 0 9 4 
0 0 5 6 0 2 8 0 0 
3 6 0 9 4 0 5 2 0 
0 3 1 0 7 5 4 6 0 
7 0 6 8 0 0 0 0 0 
9 5 0 0 0 0 2 8 7 

1 27
5 6 0 2 3 0 1 0 9 
4 0 9 0 0 6 2 7 0 
0 8 0 9 7 0 3 0 6 
7 0 8 0 0 0 0 1 0 
2 0 6 8 0 3 5 0 7 
0 9 0 0 0 0 8 0 2 
6 0 5 0 4 9 0 2 0 
0 7 4 5 0 0 6 0 1 
8 0 3 0 6 1 0 5 4 

1 28
3 0 4 0 6 0 5 0 1 
7 8 0 1 0 2 0 9 3 
5 0 0 0 8 0 0 0 6 
6 5 0 7 4 1 0 2 8 
9 1 8 0 3 0 7 6 4 
0 0 2 0 0 0 3 0 0 
0 0 9 0 0 0 8 0 0 
2 0 5 8 7 6 1 0 9 
8 4 0 0 0 0 0 5 2 

1 29
2 8 3 0 0 0 4 5 1 
0 0 0 5 0 2 0 0 0 
1 5 0 3 8 4 0 2 6 
0 3 5 0 9 0 6 7 0 
0 0 7 0 4 0 9 0 0 
0 9 2 0 5 0 1 3 0 
5 7 0 9 3 1 0 6 8 
0 0 0 4 0 7 0 0 0 
9 6 1 0 0 0 3 4 7 

1 30
0 8 4 5 0 6 7 0 9 
1 3 0 4 7 0 5 8 0 
7 0 0 0 8 2 0 0 4 
8 0 0 6 0 1 0 0 7 
0 6 0 0 9 0 0 2 0 
3 0 0 2 0 7 0 0 6 
9 0 0 1 6 0 0 0 5 
0 2 1 0 5 4 0 9 8 
5 0 3 9 0 8 4 6 0 

1 31
8 7 0 0 0 5 4 0 0 
1 0 9 0 4 0 7 2 0 
0 0 0 7 0 0 0 8 0 
7 0 2 5 9 0 1 6 0 
3 9 5 1 7 6 8 4 2 
0 6 1 0 3 2 9 0 5 
0 1 0 0 0 9 0 0 0 
0 2 8 0 5 0 6 0 7 
0 0 3 6 0 0 0 9 8 

1 32
0 9 0 0 0 5 7 2 4 
0 4 0 0 7 2 0 0 1 
2 8 0 1 9 0 0 0 6 
6 3 1 0 0 9 8 7 0 
0 0 0 7 3 8 0 0 0 
0 2 8 5 0 0 4 3 9 
8 0 0 0 5 3 0 4 7 
3 0 0 4 6 0 0 9 0 
9 1 4 8 0 0 0 6 0 

1 33
4 0 0 2 0 3 0 5 1 
3 0 0 7 0 9 6 0 0 
5 6 2 8 1 0 0 0 0 
1 0 4 0 9 0 5 3 0 
0 8 0 1 3 5 0 4 0 
0 5 3 0 8 0 7 0 6 
0 0 0 0 4 6 2 9 7 
0 0 7 3 0 1 0 0 5 
2 4 0 9 0 8 0 0 3 

1 34
0 0 8 6 0 0 0 7 9 
0 0 3 8 0 5 4 0 6 
7 6 0 3 0 0 5 0 1 
1 9 0 0 8 0 2 3 0 
4 0 2 9 0 7 6 0 8 
0 5 6 0 2 0 0 1 7 
2 0 5 0 0 9 0 4 3 
3 0 9 1 0 4 8 0 0 
6 4 0 0 0 8 7 0 0 

1 35
3 0 0 9 5 7 0 8 6 
5 9 6 0 0 2 4 0 0 
0 0 8 0 0 4 5 0 0 
2 0 0 4 0 0 8 1 5 
6 0 0 5 8 9 0 0 7 
7 8 5 0 0 3 0 0 4 
0 0 7 2 0 0 6 0 0 
0 0 2 3 0 0 7 4 1 
4 6 0 7 9 1 0 0 8 

1 36
8 0 0 0 9 3 5 0 1 
0 2 4 7 0 0 8 0 6 
5 1 0 8 0 6 0 7 0 
9 0 0 6 0 2 0 4 5 
0 5 0 1 0 9 0 3 0 
4 6 0 5 0 8 0 0 9 
0 3 0 9 0 7 0 6 2 
7 0 5 0 0 1 9 8 0 
6 0 2 3 8 0 0 0 7 

1 37
5 2 0 4 0 7 0 0 3 
7 0 9 0 0 0 6 2 0 
0 8 0 2 9 5 0 1 7 
8 0 2 0 0 0 1 0 4 
0 9 0 6 8 4 0 5 0 
4 0 6 0 0 0 8 0 9 
9 7 0 5 4 1 0 3 0 
0 1 5 0 0 0 7 0 8 
2 0 0 8 0 3 0 9 1 

1 38
2 0 3 0 7 0 5 0 6 
9 1 0 5 0 3 0 8 7 
0 5 7 0 0 0 9 4 0 
0 0 2 0 1 0 6 0 0 
7 6 0 8 3 4 0 2 9 
0 0 1 0 5 0 8 0 0 
0 2 6 0 0 0 7 9 0 
1 3 0 7 0 5 0 6 2 
4 0 9 0 8 0 3 0 1 

1 39
0 7 4 0 2 0 3 9 0 
0 0 8 9 0 4 6 0 0 
9 0 0 3 1 8 0 0 7 
4 2 0 0 8 0 0 6 5 
0 0 7 6 3 2 1 0 0 
8 6 0 0 5 0 0 3 2 
6 0 0 7 9 5 0 0 3 
0 0 5 2 0 1 4 0 0 
0 1 9 0 4 0 5 2 0 

1 40
0 0 3 2 0 4 6 0 0 
5 0 0 7 0 1 0 0 9 
2 6 0 0 5 0 0 4 7 
0 5 7 0 4 0 3 9 0 
0 4 0 0 3 0 0 8 0 
1 0 6 9 8 7 4 0 5 
0 2 8 0 0 0 9 1 0 
6 0 5 0 1 0 8 0 2 
4 7 0 8 0 9 0 6 3 

1 41
0 3 0 5 6 4 0 1 0 
6 0 9 0 8 0 5 0 4 
5 8 0 1 0 9 0 6 3 
2 0 1 0 3 0 6 0 7 
0 0 0 7 0 2 0 0 0 
8 0 7 0 5 0 9 0 2 
3 9 0 4 0 6 0 2 5 
0 7 6 0 2 0 3 9 0 
0 0 5 3 0 7 4 0 0 

1 42
0 0 9 0 8 0 4 0 0 
5 0 0 9 0 4 0 0 8 
7 4 0 2 5 1 0 6 3 
8 9 3 0 1 0 2 7 4 
0 0 1 7 0 8 6 0 0 
6 5 0 0 0 0 0 9 1 
2 3 4 0 6 0 5 8 7 
0 8 0 3 7 2 0 4 0 
1 0 6 0 0 0 3 0 9 

1 43
0 0 9 0 0 0 7 0 0 
5 0 3 0 4 0 2 0 6 
4 7 0 6 2 0 0 1 3 
0 3 1 0 8 2 4 0 7 
7 0 5 9 0 0 1 8 0 
0 8 6 0 1 4 3 0 9 
8 9 0 3 5 0 0 2 4 
3 0 2 0 9 0 8 0 1 
0 0 4 0 0 0 9 0 0 

1 44
0 2 0 7 0 5 4 0 1 
5 1 7 0 0 6 8 2 0 
3 0 0 1 8 0 0 9 0 
0 9 6 0 4 0 3 0 2 
0 0 5 0 2 9 0 0 0 
0 4 3 0 6 0 1 0 9 
4 0 0 6 5 0 0 1 0 
8 5 1 0 0 4 9 3 0 
0 3 0 9 0 8 7 0 5 

1 45
9 0 8 2 0 1 0 5 0 
0 2 0 9 0 0 8 0 6 
0 1 5 0 6 0 0 2 3 
3 0 0 5 0 6 2 9 0 
8 4 2 0 9 0 5 0 7 
5 0 0 8 0 7 4 3 0 
0 3 4 0 1 0 0 8 5 
0 8 0 3 0 0 1 0 9 
1 0 9 6 0 4 0 7 0 

1 46
0 9 0 1 4 2 0 5 0 
2 0 6 0 8 0 4 0 7 
0 8 0 7 0 6 0 1 0 
6 0 1 0 5 0 3 0 2 
8 0 2 4 0 9 6 0 5 
0 7 0 2 0 3 0 8 0 
0 5 3 0 0 0 9 4 0 
4 0 9 0 7 0 5 0 8 
1 6 0 5 0 4 0 2 3 

1 47
0 7 0 9 6 3 0 2 0 
8 0 4 0 5 0 3 0 9 
9 0 0 0 1 0 0 0 6 
3 1 0 5 0 4 0 8 2 
4 0 6 8 2 7 1 0 5 
5 8 0 0 3 0 0 9 7 
6 3 0 0 4 0 0 7 1 
0 0 1 3 0 5 9 0 0 
0 0 9 0 8 0 2 0 0 

1 48
0 0 7 0 4 3 0 5 8 
0 8 0 1 0 2 0 9 0 
3 6 0 5 7 8 2 0 0 
0 2 1 0 5 0 0 4 3 
0 0 6 4 0 0 7 0 0 
0 9 4 0 2 0 0 8 6 
9 5 0 7 3 1 4 0 0 
0 7 0 6 0 4 0 3 0 
0 0 3 0 9 5 0 7 1 

1 49
0 9 0 0 0 8 0 0 5 
4 0 8 0 3 0 1 6 0 
7 0 2 6 0 1 4 0 9 
0 8 0 3 1 0 5 7 0 
5 0 3 0 0 2 8 0 6 
0 7 0 4 8 0 2 9 0 
9 0 7 8 0 4 3 0 1 
3 0 4 0 9 0 6 2 0 
0 6 0 0 0 3 0 0 7 

1 50
0 5 0 4 1 0 0 8 0 
0 9 0 0 7 8 0 6 0 
4 0 7 0 0 5 1 0 3 
0 4 1 0 3 0 9 0 2 
9 0 5 8 2 7 6 4 0 
0 2 6 0 4 0 3 0 8 
3 0 8 0 0 2 4 0 5 
0 6 0 0 5 9 0 3 0 
0 7 0 3 8 0 0 1 0 

2 1
2 0 1 8 0 9 5 0 7 
0 5 0 0 7 0 1 8 0 
7 0 6 4 0 5 0 0 3 
0 0 8 7 0 0 6 0 5 
5 3 0 0 6 4 0 9 0 
0 0 9 3 0 0 4 0 2 
1 0 4 9 0 7 0 0 6 
0 6 0 0 2 0 8 4 0 
8 0 5 6 0 3 2 0 1 

2 2
0 7 9 0 3 0 5 8 0 
2 0 0 6 0 4 0 0 7 
5 0 0 7 9 8 0 0 1 
0 5 8 0 4 0 2 6 0 
1 0 0 5 0 9 0 0 3 
9 0 2 0 7 0 1 0 5 
0 2 5 0 6 0 9 1 0 
4 0 0 9 8 3 0 0 2 
8 0 7 0 1 0 4 0 6 

2 3
0 9 0 0 7 0 0 3 0 
0 4 0 3 5 8 0 9 0 
8 0 7 9 0 2 6 0 1 
7 1 3 0 2 0 5 4 9 
0 2 0 0 9 0 0 8 0 
0 0 4 1 0 5 2 0 0 
1 5 8 0 0 0 3 7 4 
0 6 0 7 0 4 0 1 0 
4 0 9 0 1 0 8 0 6 

2 4
5 0 4 0 3 0 6 0 1 
0 6 0 5 0 1 0 7 0 
7 0 2 6 0 8 3 0 4 
0 7 9 0 2 0 8 4 0 
0 0 0 4 5 9 0 0 0 
0 3 5 0 8 0 9 2 0 
9 0 7 8 0 3 5 0 2 
0 8 0 9 0 5 0 6 0 
6 0 3 0 1 0 7 0 8 

2 5
4 0 9 6 0 1 0 0 8 
0 7 8 0 5 0 2 1 0 
3 0 0 8 0 4 5 0 9 
8 1 0 0 9 0 6 0 0 
0 0 6 7 0 2 0 3 5 
2 3 0 0 6 0 4 0 0 
5 0 0 1 0 7 9 0 3 
0 9 3 0 8 0 7 4 0 
7 0 4 9 0 6 0 0 2 

2 6
0 8 0 3 0 7 0 6 0 
6 0 3 0 5 0 7 0 1 
2 1 0 8 0 9 0 5 0 
3 0 9 0 8 0 6 0 5 
0 2 0 6 0 5 0 3 7 
7 0 5 0 2 0 8 0 4 
9 5 0 1 0 8 0 4 0 
4 0 6 0 9 0 1 0 8 
0 7 0 4 0 6 0 9 0 

2 7
5 0 3 0 6 0 0 8 1 
0 9 0 2 0 3 6 0 4 
0 8 0 5 0 9 2 0 3 
4 0 7 0 5 0 3 0 0 
0 5 0 9 0 4 1 6 7 
9 0 2 0 7 0 5 0 0 
0 4 0 1 0 8 7 0 6 
0 7 0 6 0 5 8 0 2 
8 0 6 0 9 0 0 1 5 

2 8
0 4 6 0 0 0 3 2 0 
2 7 0 9 1 3 0 5 4 
0 9 5 0 6 0 1 8 0 
0 2 0 7 3 5 0 9 0 
9 0 7 0 4 0 2 0 5 
0 3 0 2 0 9 0 6 0 
4 0 9 1 0 6 8 0 3 
8 0 0 0 7 0 0 0 2 
0 1 0 3 0 8 0 4 0 

2 9
0 0 6 0 8 0 9 0 0 
5 0 7 4 0 2 1 0 8 
0 4 0 0 7 0 0 5 0 
8 6 4 0 1 0 7 2 9 
0 0 1 0 2 0 5 0 0 
9 0 2 8 0 7 6 0 3 
0 2 0 0 3 0 0 6 0 
4 8 5 0 9 0 3 7 1 
0 0 3 1 5 4 8 0 0 

2 10
0 8 3 0 0 4 2 0 5 
1 0 0 9 2 0 0 0 7 
0 9 2 0 7 0 8 4 1 
0 3 0 5 0 9 0 8 0 
5 6 0 0 3 1 0 0 4 
0 7 0 6 0 2 0 5 0 
0 4 7 0 5 0 6 1 8 
3 0 0 8 9 0 0 0 2 
0 2 6 0 0 7 5 0 9 

2 11
7 0 6 0 5 0 3 0 8 
0 3 0 6 0 9 0 4 0 
5 0 1 0 8 0 0 7 0 
4 1 0 9 0 8 0 0 7 
3 8 9 0 2 0 5 6 4 
2 6 0 5 0 3 0 0 1 
1 0 8 0 9 0 0 5 0 
0 5 0 4 0 7 0 2 0 
6 0 4 0 3 0 7 0 9 

2 12
0 2 0 8 0 6 7 0 3 
3 0 7 5 1 0 0 8 0 
4 8 0 0 9 0 6 0 2 
0 5 0 4 0 9 0 0 1 
2 0 6 0 7 0 8 9 0 
0 1 0 2 0 5 0 0 7 
1 9 0 0 5 0 3 0 8 
6 0 4 1 3 0 0 2 0 
0 3 0 9 0 7 1 0 6 

2 13
0 0 0 5 9 1 0 0 0 
9 4 7 0 8 0 3 5 1 
0 5 0 7 0 4 0 6 0 
5 0 4 0 7 0 6 0 2 
0 3 0 4 2 8 0 9 0 
2 0 9 0 5 0 8 0 4 
0 0 8 2 0 5 9 0 0 
4 0 3 0 1 0 5 0 6 
1 0 0 8 6 3 0 0 7 

2 14
5 0 9 2 0 4 7 0 3 
0 4 8 0 3 0 2 9 0 
7 0 0 5 0 6 0 0 8 
1 0 5 8 0 7 3 0 4 
0 6 0 0 5 0 0 8 0 
3 0 0 9 0 2 0 0 7 
4 0 6 3 0 8 9 0 1 
0 3 1 0 7 0 5 4 0 
9 0 0 1 0 5 0 0 6 

2 15
0 2 6 0 0 0 7 0 5 
3 9 0 5 0 6 0 0 0 
0 5 0 3 8 2 1 0 9 
6 0 9 4 0 7 0 8 2 
0 7 5 0 0 0 9 0 0 
4 0 8 9 0 5 0 1 7 
0 8 0 6 1 3 2 0 4 
1 4 0 7 0 8 0 0 0 
0 6 3 0 0 0 8 0 1 

2 16
3 0 5 1 0 6 0 7 0 
0 4 0 0 9 0 5 0 0 
7 2 0 8 0 4 0 0 3 
0 0 6 9 0 8 0 5 2 
9 8 0 5 6 0 3 1 7 
0 0 7 4 0 1 0 8 9 
8 7 0 6 0 3 0 0 5 
0 6 0 0 4 0 1 0 0 
4 0 3 2 0 5 0 9 0 

2 17
9 0 0 3 0 0 4 0 0 
6 2 0 8 7 0 1 5 0 
3 0 8 2 0 4 9 0 7 
0 1 3 0 5 7 0 4 0 
0 8 0 0 3 0 2 0 0 
0 4 9 0 2 8 0 3 0 
4 0 5 1 0 6 3 0 2 
1 6 0 7 9 0 5 8 0 
8 0 0 5 0 0 6 0 0 

2 18
0 4 0 7 0 0 0 0 6 
1 0 7 0 9 4 8 0 2 
3 5 9 0 0 2 1 7 0 
8 0 0 0 6 0 9 0 0 
6 9 0 2 7 5 0 4 8 
0 0 2 0 3 0 0 0 1 
0 8 3 1 0 0 4 6 5 
5 0 6 9 4 0 7 0 3 
7 0 0 0 0 6 0 8 0 

2 19
0 0 5 0 0 0 9 8 3 
4 9 0 8 0 5 7 0 0 
0 3 6 0 2 7 1 0 4 
5 0 0 7 0 3 0 1 0 
0 2 8 0 4 0 5 0 7 
1 0 0 5 0 2 0 4 0 
0 5 4 0 1 6 8 0 9 
6 8 0 3 0 9 4 0 0 
0 0 3 0 0 0 6 2 5 

2 20
7 0 0 9 0 5 0 0 2 
0 3 4 0 8 0 9 7 0 
8 0 9 3 0 0 1 0 6 
4 0 0 5 1 3 0 0 8 
0 8 1 0 9 0 2 5 0 
6 0 0 4 2 8 0 0 1 
5 0 7 0 0 4 6 0 9 
0 6 3 0 5 0 4 8 0 
9 0 0 7 0 1 0 0 3 

2 21
0 0 8 2 6 0 7 3 0 
9 0 3 7 0 0 5 0 0 
0 2 0 5 3 9 0 1 8 
3 8 0 0 2 0 1 0 0 
0 0 4 8 0 6 0 9 3 
2 6 0 0 1 0 8 0 0 
0 9 0 1 4 8 0 5 7 
4 0 7 3 0 0 6 0 0 
0 0 1 6 7 0 9 4 0 

2 22
0 6 0 0 5 7 9 0 8 
0 9 0 1 0 4 0 3 0 
5 0 2 6 0 0 0 4 0 
6 1 0 0 9 0 3 7 0 
8 0 3 5 4 6 2 0 9 
0 4 9 0 1 0 0 8 6 
0 8 0 0 0 1 7 0 2 
0 5 0 4 0 2 0 6 0 
3 0 7 8 6 0 0 9 0 

2 23
3 0 0 6 0 5 0 2 7 
0 7 4 0 1 0 6 0 9 
8 0 0 9 0 7 1 4 0 
0 8 5 0 3 0 0 1 0 
6 0 3 0 9 0 2 0 5 
0 1 0 0 8 0 3 7 0 
0 6 9 4 0 2 0 0 8 
4 0 7 0 6 0 5 9 0 
5 2 0 3 0 9 0 0 1 

2 24
8 3 6 0 0 5 0 1 2 
0 0 9 0 1 0 5 4 0 
4 5 0 0 3 9 0 0 7 
0 0 7 3 6 0 2 0 0 
3 4 0 0 9 0 0 5 6 
0 0 8 0 2 1 7 0 0 
1 0 0 9 8 0 0 2 5 
0 2 5 0 4 0 6 0 0 
9 8 0 6 0 0 4 7 1 

2 25
0 4 5 0 6 0 9 8 0 
8 0 2 0 0 0 4 0 5 
7 9 0 8 4 5 0 3 1 
0 6 0 5 0 7 0 4 0 
4 0 0 0 3 0 0 0 2 
0 5 3 0 1 0 6 7 0 
0 3 7 9 8 6 1 2 0 
0 0 0 3 5 2 0 0 0 
6 2 9 1 0 4 8 5 3 

2 26
7 5 2 3 0 0 6 0 0 
0 0 8 0 7 0 0 0 5 
0 1 0 8 2 5 7 9 3 
4 6 9 7 0 0 2 0 0 
1 2 0 0 6 0 0 7 8 
0 0 5 0 0 9 4 3 6 
5 3 1 9 4 7 0 6 0 
9 0 0 0 5 0 3 0 0 
0 0 7 0 0 8 5 1 9 

2 27
0 0 0 4 6 2 0 0 0 
0 2 5 0 0 0 1 6 0 
0 4 6 9 0 1 2 8 0 
8 0 7 6 1 4 3 0 5 
6 0 0 3 2 9 0 0 7 
4 0 2 5 8 7 6 0 1 
0 7 4 8 0 6 5 3 0 
0 8 3 0 0 0 9 7 0 
0 0 0 2 7 3 0 0 0 

2 28
0 0 7 0 0 0 5 0 0 
1 9 6 0 3 0 4 8 7 
2 0 0 7 6 4 0 0 9 
4 0 9 0 7 0 8 0 2 
7 0 1 8 0 3 6 0 4 
8 0 2 0 9 0 1 0 5 
6 0 0 1 5 9 0 0 3 
5 7 4 0 8 0 9 6 1 
0 0 3 0 0 0 2 0 0 

2 29
0 6 0 4 0 3 0 2 0 
9 0 2 0 7 0 6 0 3 
0 5 4 6 0 1 9 7 0 
0 2 3 0 1 0 4 6 0 
0 0 0 8 4 6 0 0 0 
0 4 9 0 3 0 1 8 0 
0 3 7 1 0 2 8 9 0 
5 0 6 0 8 0 3 0 2 
0 8 0 3 0 9 0 5 0 

2 30
0 8 9 2 0 5 7 4 0 
4 0 0 0 0 0 0 0 6 
5 0 0 4 1 7 0 0 9 
6 4 1 0 8 0 3 7 5 
0 0 5 6 0 3 1 0 0 
7 3 8 0 5 0 6 9 2 
9 0 0 7 3 6 0 0 8 
1 0 0 0 0 0 0 0 3 
0 6 3 5 0 1 9 2 0 

2 31
0 0 5 9 8 7 0 0 0 
0 4 0 0 3 2 5 7 0 
6 7 0 1 0 0 0 3 2 
4 8 0 3 9 0 2 5 0 
9 0 3 7 0 1 4 0 6 
0 6 2 0 5 4 0 1 9 
8 3 0 0 0 9 0 2 5 
0 9 4 5 1 0 0 6 0 
0 0 0 2 7 3 8 0 0 

2 32
0 8 1 7 0 4 9 5 0 
2 0 9 0 0 0 7 0 1 
4 5 0 0 6 0 0 2 3 
8 0 0 9 5 6 0 0 7 
0 0 2 4 7 1 6 0 0 
6 0 0 8 3 2 0 0 4 
5 9 0 0 1 0 0 6 8 
7 0 8 0 0 0 5 0 2 
0 2 6 5 0 8 3 7 0 

2 33
0 8 0 9 4 0 5 0 6 
4 0 9 0 6 0 7 0 3 
6 0 5 0 8 3 0 4 0 
8 0 1 0 7 9 0 3 0 
7 5 0 3 0 0 4 9 8 
9 0 3 0 5 6 0 2 0 
5 0 8 0 1 2 0 7 0 
2 0 7 0 9 0 8 0 1 
0 6 0 7 3 0 9 0 2 

2 34
6 0 0 0 9 0 0 0 4 
4 0 1 0 7 0 8 0 3 
0 0 9 3 4 2 6 0 0 
2 4 8 0 1 0 7 6 9 
1 0 0 8 0 9 0 0 5 
5 9 3 0 6 0 1 2 8 
0 0 4 2 8 1 9 0 0 
9 0 6 0 3 0 5 0 2 
3 0 0 0 5 0 0 0 7 

2 35
8 0 0 1 3 9 0 0 0 
5 0 9 0 4 7 8 0 6 
0 0 4 6 0 8 0 3 2 
4 8 0 0 7 0 5 2 0 
0 0 3 8 2 1 6 0 0 
0 2 7 0 6 0 0 9 8 
6 9 0 5 0 2 4 0 0 
3 0 5 7 1 0 2 0 9 
0 0 0 3 9 4 0 0 5 

2 36
5 0 0 0 8 0 0 0 7 
2 3 0 0 1 0 0 6 5 
8 9 7 5 6 3 2 4 1 
0 0 3 0 9 0 1 0 0 
0 0 9 4 0 8 7 0 0 
0 0 2 0 3 0 9 0 0 
9 4 5 3 2 1 6 7 8 
6 2 0 0 7 0 0 3 9 
3 0 0 0 4 0 0 0 2 

2 37
0 4 7 1 6 8 0 2 0 
8 0 0 0 0 9 7 0 4 
6 0 0 7 3 0 0 5 0 
1 0 6 0 9 3 0 4 7 
4 0 3 5 0 7 6 0 8 
2 7 0 4 1 0 5 0 9 
0 6 0 0 8 2 0 0 5 
3 0 5 6 0 0 0 0 2 
0 1 0 9 4 5 3 8 0 

2 38
5 8 0 3 0 7 0 1 6 
0 0 9 0 8 0 5 0 0 
7 4 1 0 6 0 2 3 8 
0 0 6 8 0 4 7 0 0 
4 9 0 6 0 1 0 8 5 
0 0 3 5 0 9 4 0 0 
2 3 5 0 1 0 6 7 9 
0 0 8 0 9 0 1 0 0 
9 1 0 7 0 6 0 2 3 

2 39
7 8 0 3 1 0 4 0 2 
0 0 4 7 0 2 0 6 0 
9 0 1 0 6 4 0 8 0 
8 0 0 6 5 3 0 0 4 
0 5 3 4 0 8 6 7 0 
6 0 0 1 9 7 0 0 5 
2 0 8 0 7 5 0 4 0 
0 0 5 8 0 1 0 9 0 
4 9 0 2 3 0 5 0 8 

2 40
4 6 5 0 2 0 7 3 1 
2 0 0 6 0 5 0 0 9 
8 0 0 4 0 1 0 0 6 
0 8 0 0 9 0 0 7 0 
7 2 4 1 5 3 6 9 8 
0 5 0 0 6 0 0 1 0 
6 0 0 5 0 2 0 0 3 
5 0 0 3 0 9 0 0 7 
3 9 8 0 1 0 4 5 2 

2 41
0 5 0 7 0 4 3 0 0 
4 0 6 0 2 1 0 8 0 
7 0 1 6 9 0 4 2 0 
0 0 8 3 0 9 0 0 0 
6 9 3 0 1 0 8 5 2 
0 0 0 8 0 2 9 0 0 
0 4 2 0 3 6 5 0 8 
0 6 0 2 7 0 1 0 4 
0 0 7 9 0 5 0 6 0 

2 42
0 0 6 0 5 0 3 0 0 
4 0 9 7 8 2 1 0 6 
5 7 0 0 1 0 0 9 4 
0 6 0 0 4 0 0 1 0 
1 2 5 9 0 8 4 6 7 
0 8 0 0 6 0 0 2 0 
6 4 0 0 9 0 0 3 5 
3 0 1 5 7 4 6 0 2 
0 0 7 0 2 0 9 0 0 

2 43
9 0 0 0 8 7 0 0 0 
8 0 5 3 0 6 0 2 0 
7 0 6 4 2 0 8 0 1 
6 0 3 5 0 2 0 1 4 
0 4 9 0 6 0 2 7 0 
5 7 0 9 0 4 6 0 8 
4 0 1 0 3 9 5 0 2 
0 5 0 2 0 1 7 0 9 
0 0 0 6 5 0 0 0 3 

2 44
0 0 4 5 3 2 6 0 0 
9 0 0 4 1 7 0 0 2 
2 5 0 0 9 0 0 4 7 
0 3 9 0 7 0 1 2 0 
7 0 6 9 0 5 4 0 8 
0 2 8 0 4 0 7 9 0 
1 8 0 0 5 0 0 6 3 
3 0 0 7 6 1 0 0 4 
0 0 5 3 8 9 2 0 0 

2 45
0 0 8 0 0 6 2 5 9 
5 0 6 0 8 3 0 0 1 
0 4 0 1 0 5 0 8 6 
0 9 0 7 0 4 0 3 0 
6 0 3 8 5 0 9 1 4 
0 8 0 6 0 9 0 7 0 
0 5 0 2 0 8 0 6 7 
7 0 4 0 9 1 0 0 5 
0 0 2 0 0 7 4 9 3 

2 46
0 8 0 2 4 6 0 7 0 
4 0 9 0 7 0 2 0 6 
7 2 6 0 1 0 4 8 3 
0 6 0 9 0 7 0 2 0 
9 0 3 0 0 0 8 0 5 
0 5 0 3 0 8 0 9 0 
5 3 7 0 8 0 6 1 9 
1 0 8 0 3 0 7 0 2 
0 4 0 7 9 1 0 3 0 

2 47
0 0 9 5 0 0 0 4 0 
0 1 6 0 8 3 2 0 5 
0 5 0 4 0 6 0 3 7 
9 0 2 0 6 0 7 1 0 
0 6 0 1 4 9 0 8 0 
0 8 4 0 3 0 5 0 9 
8 9 0 3 0 2 0 5 0 
5 0 3 6 7 0 9 2 0 
0 2 0 0 0 4 8 0 0 

2 48
4 0 0 6 2 7 0 0 8 
9 6 0 3 8 1 0 2 4 
0 2 8 0 0 0 7 3 0 
0 5 0 0 7 0 0 6 0 
0 0 1 5 9 3 2 0 0 
0 7 0 0 1 0 0 5 0 
0 1 2 0 0 0 6 9 0 
5 4 0 9 6 8 0 7 2 
7 0 0 1 3 2 0 0 5 

2 49
0 8 5 2 0 0 0 4 6 
0 4 6 0 5 8 7 0 9 
0 0 0 9 0 0 3 5 0 
8 2 7 0 4 0 5 0 1 
5 1 0 8 0 3 0 9 7 
6 0 3 0 7 0 4 8 2 
0 6 9 0 0 5 0 0 0 
4 0 1 7 8 0 9 6 0 
7 3 0 0 0 6 2 1 0 

2 50
9 0 8 3 0 4 7 0 2 
0 0 4 0 5 0 1 0 0 
5 2 0 9 0 7 0 3 4 
8 0 7 0 3 0 2 0 6 
0 5 6 4 0 8 9 7 0 
3 0 2 0 6 0 8 0 5 
4 8 0 6 0 1 0 2 7 
0 0 9 0 7 0 4 0 0 
6 0 3 8 0 2 5 0 1 

3 1
3 5 0 0 6 0 0 7 4 
4 9 0 0 3 0 0 2 8 
6 2 7 4 0 1 9 3 5 
0 0 9 6 2 5 4 0 0 
0 0 0 7 0 8 0 0 0 
0 0 6 1 9 3 5 0 0 
8 6 4 3 0 9 7 5 2 
9 7 0 0 5 0 0 4 1 
5 1 0 0 7 0 0 9 6 

3 2
6 1 9 4 3 0 7 0 0 
3 7 4 0 5 8 0 0 0 
2 8 0 6 0 9 0 1 4 
8 9 7 0 1 0 6 0 0 
4 2 0 5 6 7 0 8 9 
0 0 6 0 8 0 4 2 7 
5 6 0 7 0 1 0 4 3 
0 0 0 8 4 0 9 6 2 
0 0 8 0 2 6 5 7 1 

3 3
7 1 0 4 0 5 0 9 6 
0 9 6 0 1 0 0 4 3 
5 0 4 6 0 9 0 2 1 
9 0 0 0 7 1 0 0 0 
1 0 2 0 5 0 9 0 7 
0 0 0 9 4 0 0 0 8 
4 7 0 1 0 3 6 0 2 
8 3 0 0 6 0 4 7 0 
6 2 0 7 0 4 0 3 5 

3 4
4 9 3 8 7 6 5 2 1 
0 0 6 5 1 4 9 0 0 
0 0 8 0 9 0 7 0 0 
7 2 5 0 3 0 1 9 6 
0 0 4 9 6 2 3 0 0 
0 0 9 0 5 0 4 0 0 
5 6 1 0 8 0 2 4 3 
3 0 0 6 2 1 0 0 9 
9 0 0 3 4 5 0 0 7 

3 5
0 0 2 7 0 5 0 1 0 
9 5 0 1 0 4 0 2 8 
8 0 1 0 9 0 5 0 7 
7 2 9 0 0 3 0 6 0 
5 0 4 9 1 6 3 0 2 
0 1 0 4 0 0 8 5 9 
1 0 3 0 7 0 4 0 5 
4 7 0 3 0 9 0 8 1 
0 9 0 5 0 1 7 0 0 

3 6
7 0 5 8 9 0 3 2 0 
0 9 0 1 3 5 8 0 4 
0 4 0 6 7 2 5 0 1 
0 6 0 0 0 0 0 4 0 
8 0 9 4 2 6 1 0 3 
0 2 0 0 0 0 0 6 0 
1 0 2 9 4 7 0 8 0 
9 0 4 3 6 8 0 1 0 
0 8 7 0 5 1 4 0 9 

3 7
0 1 9 8 5 7 2 6 0 
6 0 2 1 4 3 8 0 9 
7 3 0 0 0 0 0 4 1 
8 2 0 3 0 4 0 5 6 
0 6 0 5 9 8 0 1 0 
0 9 0 2 0 6 0 8 0 
0 7 0 0 0 0 0 9 0 
0 4 6 7 2 9 1 3 0 
0 0 1 6 3 5 4 0 0 

3 8
7 1 0 0 2 0 0 5 9 
5 0 0 9 0 1 0 0 3 
0 9 0 0 7 0 0 1 0 
9 0 0 2 8 5 0 0 4 
8 4 3 0 1 0 5 2 7 
6 2 0 7 0 3 0 8 1 
1 0 7 4 5 2 3 0 8 
2 3 0 1 9 6 0 7 5 
4 5 9 0 3 0 1 6 2 

3 9
0 0 9 0 0 8 4 0 0 
0 0 1 9 3 0 2 0 0 
6 8 0 0 1 0 3 9 5 
3 7 0 0 2 5 9 8 4 
5 9 8 4 7 6 1 3 2 
4 1 2 8 9 0 0 7 6 
9 6 7 0 5 0 0 4 1 
0 0 5 0 8 9 6 0 0 
0 0 3 6 0 0 7 0 0 

3 10
0 9 6 0 3 5 8 4 7 
4 3 0 7 6 0 2 0 0 
8 0 5 0 0 9 6 0 3 
6 4 0 5 7 0 0 2 8 
5 0 3 0 8 0 9 0 4 
7 8 0 0 9 4 0 6 1 
3 0 7 9 0 0 1 0 5 
0 0 8 0 1 7 0 3 2 
1 2 4 8 5 0 7 9 0 

3 11
0 0 8 6 3 0 0 2 7 
6 0 4 0 0 9 0 5 3 
3 5 0 7 1 0 8 0 9 
8 4 0 5 0 1 9 3 0 
5 0 9 0 7 0 6 0 4 
0 6 3 9 0 8 0 7 1 
9 0 6 0 5 7 0 4 8 
7 8 0 4 0 0 2 0 6 
4 3 0 0 2 6 7 0 0 

3 12
3 2 0 0 0 4 5 0 7 
9 8 0 3 5 7 6 0 0 
0 0 0 8 2 0 0 3 9 
1 4 5 7 0 2 0 6 3 
0 0 0 4 6 5 0 0 0 
2 6 0 9 0 3 4 5 8 
6 1 0 0 7 8 0 0 0 
0 0 9 2 4 1 0 7 6 
4 0 8 6 0 0 0 1 5 

3 13
0 1 0 0 8 0 0 7 0 
2 7 6 9 0 3 1 4 8 
5 8 0 0 6 0 0 9 3 
7 4 2 6 0 9 3 8 5 
8 9 0 0 0 0 0 6 1 
1 6 0 0 7 0 0 2 9 
4 5 8 0 2 0 9 1 7 
9 3 7 0 4 0 6 5 2 
6 0 0 0 9 0 0 0 4 

3 14
0 0 9 1 0 4 6 0 0 
0 2 4 0 3 0 9 7 0 
0 8 0 2 9 7 0 5 0 
6 0 0 8 0 2 0 0 7 
5 0 8 7 0 9 2 0 3 
2 9 0 0 5 0 0 8 1 
4 7 2 0 6 0 3 1 5 
8 6 0 5 2 1 0 4 9 
0 0 5 4 7 3 8 0 0 

3 15
9 4 0 0 5 0 0 6 8 
1 5 0 0 8 0 0 3 9 
0 0 6 1 4 9 7 5 2 
0 0 8 6 7 0 0 2 4 
7 3 0 0 2 0 0 9 6 
6 2 0 0 9 3 8 0 0 
4 7 5 8 6 2 9 0 0 
8 6 0 0 1 0 0 4 7 
2 1 0 0 3 0 0 8 5 

3 16
5 0 7 0 6 0 4 0 9 
3 6 0 9 5 4 0 2 7 
0 9 0 8 0 7 0 5 0 
0 2 6 0 7 0 3 8 0 
9 4 0 2 0 6 0 7 5 
0 7 0 0 3 0 0 9 0 
6 0 9 0 4 0 5 0 2 
2 3 0 1 9 5 0 6 8 
0 0 8 0 2 0 9 0 0 

3 17
2 6 0 7 3 5 0 4 9 
0 3 8 0 0 0 7 6 5 
5 9 7 0 0 0 1 3 2 
0 0 4 8 2 3 9 0 0 
0 0 3 9 0 7 5 0 0 
0 0 6 4 5 1 3 0 0 
8 7 5 0 0 0 6 9 3 
0 1 2 0 0 0 4 5 8 
3 4 0 5 8 6 0 7 1 

3 18
0 1 0 0 9 0 0 6 0 
4 0 5 6 2 7 1 0 9 
6 0 3 8 0 4 7 0 2 
0 5 0 4 0 2 0 8 0 
2 3 8 0 5 0 6 4 1 
0 7 0 1 0 6 0 2 0 
5 0 9 3 0 1 8 0 4 
3 0 7 9 4 8 2 0 5 
0 4 0 0 7 0 0 9 0 

3 19
5 2 7 0 0 8 0 6 0 
9 0 0 5 6 2 1 4 7 
0 6 0 0 7 0 2 0 8 
3 0 2 6 8 9 5 0 4 
6 7 0 0 5 0 0 3 2 
4 0 8 2 3 7 6 0 9 
2 0 1 0 4 0 0 8 0 
7 3 6 8 9 1 0 0 5 
0 4 0 7 0 0 3 9 1 

3 20
2 9 3 5 0 0 1 8 7 
6 0 4 0 8 2 5 0 0 
5 8 0 3 0 1 2 0 4 
0 7 2 0 6 0 0 4 0 
8 0 0 2 7 4 6 0 1 
0 4 6 0 5 0 0 2 0 
7 2 0 8 0 5 4 0 6 
3 0 1 0 2 7 9 0 0 
4 5 8 6 0 0 3 7 2 

3 21
0 0 7 4 6 5 3 0 0 
9 3 6 8 1 2 4 7 5 
0 0 5 0 9 0 8 0 0 
7 9 0 0 2 0 0 6 4 
0 0 4 5 7 6 9 0 0 
6 5 1 9 8 4 2 3 7 
0 0 9 0 5 0 7 0 0 
5 7 2 0 3 0 1 4 8 
0 0 3 2 4 7 6 0 0 

3 22
0 0 6 5 0 2 9 0 0 
0 0 2 0 0 0 6 0 0 
3 9 8 7 1 6 5 2 4 
0 0 5 0 2 0 8 0 0 
9 0 3 1 0 8 2 0 6 
0 8 1 0 6 0 4 9 0 
1 2 9 6 4 3 7 8 5 
0 0 7 0 8 0 3 0 0 
0 0 4 2 0 7 1 0 0 

3 23
0 0 0 3 0 6 2 9 7 
4 0 0 9 0 1 0 0 5 
9 6 3 2 5 7 0 0 0 
1 0 4 8 3 5 6 7 0 
0 3 0 0 7 0 8 0 2 
7 0 9 6 1 2 4 5 0 
3 9 8 5 6 4 0 0 0 
2 0 0 7 0 8 0 0 6 
0 0 0 1 0 3 9 8 4 

3 24
0 1 7 5 0 2 9 0 0 
9 0 4 0 6 0 5 1 7 
0 8 0 0 9 0 2 0 3 
2 9 6 7 8 4 0 5 0 
0 0 0 3 0 6 0 0 0 
0 5 0 2 1 9 4 6 8 
8 0 2 0 3 0 0 7 0 
5 3 1 0 7 0 6 0 4 
0 0 9 6 0 1 8 3 0 

3 25
7 8 0 4 0 3 0 0 9 
3 0 9 0 1 0 8 0 2 
1 6 0 8 9 2 0 3 7 
4 0 7 3 6 0 5 1 0 
9 0 0 5 0 7 0 0 6 
0 5 3 0 2 8 9 0 4 
5 9 0 2 7 1 0 8 3 
2 0 6 0 8 0 7 0 1 
8 0 0 6 0 4 0 9 5 

3 26
3 8 9 0 1 0 6 0 2 
5 0 4 0 2 6 0 9 0 
7 6 0 9 4 0 5 1 3 
6 0 1 2 0 5 0 7 0 
0 4 0 7 3 0 2 0 9 
2 0 7 4 0 9 0 8 0 
1 2 0 6 9 0 8 5 7 
4 0 6 0 5 2 0 3 0 
9 5 8 0 7 0 4 0 6 

3 27
6 0 7 5 4 1 8 0 9 
0 5 0 3 8 9 0 6 0 
9 0 1 0 0 0 3 0 4 
0 6 3 0 9 0 7 1 0 
4 0 8 7 2 5 9 0 6 
0 9 2 0 1 0 5 4 0 
8 0 5 0 0 0 6 0 1 
0 4 0 9 5 7 0 8 0 
3 0 9 1 6 8 4 0 5 

3 28
8 0 7 4 0 9 5 0 6 
0 9 0 0 8 0 0 1 0 
6 0 5 0 7 1 9 0 4 
0 4 0 9 0 0 0 7 0 
3 7 2 8 0 4 1 6 9 
0 5 0 0 0 2 0 4 0 
5 0 1 2 6 0 4 0 8 
0 6 0 0 9 0 0 5 0 
7 0 9 5 0 3 6 0 1 

3 29
8 6 7 2 0 3 9 5 4 
2 4 0 9 7 6 0 1 8 
0 0 0 8 0 5 0 0 0 
0 0 0 6 3 1 0 0 0 
6 3 0 7 0 9 0 4 1 
5 9 1 4 8 2 7 3 6 
3 5 0 0 2 0 0 9 7 
0 8 4 0 9 0 2 6 0 
0 0 0 5 6 4 0 0 0 

3 30
9 0 0 0 0 0 5 8 0 
0 4 5 8 7 0 6 0 1 
0 6 8 0 5 2 0 9 3 
0 2 7 4 0 6 0 1 9 
1 0 6 0 2 0 8 0 4 
8 9 0 3 0 7 2 5 0 
2 5 0 7 6 0 9 3 0 
6 0 3 0 9 1 7 4 0 
0 7 9 0 0 0 0 0 5 

3 31
0 6 9 4 0 0 0 7 0 
4 0 7 0 2 5 1 0 6 
0 8 0 6 7 3 0 2 9 
0 0 8 0 4 0 2 6 3 
0 1 0 5 0 2 0 9 0 
7 2 3 0 9 0 5 0 0 
9 5 0 3 8 4 0 1 0 
3 0 1 2 6 0 8 0 4 
0 4 0 0 0 7 9 3 0 

3 32
0 4 8 6 0 0 0 0 1 
0 9 5 0 4 1 2 3 0 
0 0 0 5 8 2 9 0 6 
4 1 0 0 0 9 0 7 3 
9 0 7 3 2 5 8 0 4 
5 8 0 4 0 0 0 9 2 
1 0 6 9 7 8 0 0 0 
0 2 9 1 5 0 3 6 0 
7 0 0 0 0 6 1 8 0 

3 33
4 0 0 2 0 8 0 0 0 
0 2 9 1 5 4 6 3 0 
0 5 8 0 0 0 0 1 0 
5 8 0 6 3 2 0 9 1 
3 9 0 4 0 5 0 2 6 
2 1 0 7 8 9 0 4 5 
0 6 0 0 0 0 5 7 0 
0 7 3 5 2 6 4 8 0 
0 0 0 9 0 3 0 0 2 

3 34
9 0 5 0 7 0 0 3 4 
0 4 8 3 0 9 7 0 0 
2 0 7 4 0 6 0 5 0 
8 7 0 2 6 0 0 1 0 
6 0 2 9 0 1 4 0 8 
0 9 0 0 8 4 0 2 5 
0 1 0 5 0 3 2 0 7 
0 0 3 6 0 8 5 9 0 
5 8 0 0 2 0 3 0 6 

3 35
9 8 0 0 4 3 1 0 0 
3 0 6 2 0 0 0 7 9 
0 1 2 8 0 6 5 0 4 
0 7 9 0 3 0 2 5 0 
0 6 0 9 5 1 0 8 0 
0 5 4 0 7 0 3 9 0 
6 0 1 5 0 9 7 4 0 
4 9 0 0 0 7 6 0 5 
0 0 7 1 6 0 0 2 8 

3 36
0 0 0 6 0 0 0 4 1 
6 0 8 5 2 0 3 7 0 
4 3 2 0 9 1 5 0 0 
2 8 0 0 7 6 4 5 0 
3 7 4 0 0 0 1 6 2 
0 6 5 2 4 0 0 9 8 
0 0 3 9 6 0 8 1 5 
0 2 6 0 1 5 9 0 7 
9 5 0 0 0 7 0 0 0 

3 37
8 0 0 7 0 0 9 1 6 
0 7 0 0 6 3 0 5 4 
5 0 9 4 0 8 2 0 3 
0 1 3 5 8 0 4 9 0 
0 5 0 2 0 9 0 8 0 
0 8 2 0 7 4 3 6 0 
3 0 7 6 0 1 5 0 8 
1 4 0 3 5 0 0 2 0 
6 9 5 0 0 2 0 0 7 

3 38
1 5 7 4 2 6 8 0 3 
9 0 0 0 8 0 0 0 5 
6 3 8 7 0 9 2 4 1 
0 8 0 0 0 0 0 3 0 
0 0 0 9 3 8 0 0 0 
0 9 0 0 0 0 0 7 0 
8 6 2 3 0 4 1 5 7 
7 0 0 0 6 0 0 0 9 
5 0 9 8 7 1 3 2 6 

3 39
0 3 0 6 8 0 1 4 0 
8 0 6 7 0 4 9 0 2 
0 5 0 0 9 3 0 7 8 
6 9 0 0 1 0 4 2 0 
4 0 5 8 0 7 3 0 9 
0 7 1 0 2 0 0 8 6 
5 8 0 9 3 0 0 6 0 
7 0 3 5 0 8 2 0 1 
0 4 9 0 7 6 0 5 0 

3 40
9 0 7 3 0 0 0 0 0 
0 6 4 0 2 9 7 5 0 
8 2 0 5 7 0 0 1 0 
5 1 2 0 0 8 3 0 4 
7 3 0 6 4 2 0 9 5 
4 0 6 1 0 0 8 7 2 
0 7 0 0 3 5 0 8 1 
0 4 1 9 8 0 5 2 0 
0 0 0 0 0 6 9 0 7 

3 41
0 3 7 8 4 0 5 1 0 
9 1 0 0 0 6 0 0 2 
5 0 4 9 0 7 6 3 0 
0 9 0 5 0 1 2 0 3 
1 0 2 0 9 0 8 0 7 
4 0 3 6 0 8 0 5 0 
0 6 9 1 0 4 7 0 5 
2 0 0 7 0 0 0 8 6 
0 8 1 0 6 5 3 9 0 

3 42
0 1 5 8 0 3 0 2 0 
3 8 0 6 5 4 0 9 1 
6 0 9 0 0 0 5 0 8 
0 7 6 2 0 9 1 4 0 
9 0 1 0 6 0 2 0 3 
0 3 4 5 0 7 6 8 0 
4 0 8 0 0 0 9 0 7 
5 9 0 7 4 1 0 6 2 
0 2 0 9 0 6 3 5 0 

3 43
7 3 0 0 0 2 0 0 5 
5 0 0 8 9 3 0 7 6 
8 6 0 0 1 5 3 2 0 
1 9 8 0 6 0 5 0 4 
0 4 0 3 0 9 0 8 0 
3 0 7 0 8 0 9 6 2 
0 1 6 5 2 0 0 4 3 
2 8 0 9 7 4 0 0 1 
4 0 0 1 0 0 0 9 8 

3 44
3 2 9 0 7 0 0 5 6 
0 0 4 0 6 2 0 0 3 
0 7 8 5 0 3 1 9 0 
0 4 1 6 9 0 2 0 5 
9 0 0 3 0 4 0 0 7 
7 0 6 0 5 8 9 4 0 
0 8 5 4 0 6 7 1 0 
1 0 0 7 8 0 5 0 0 
4 9 0 0 2 0 3 6 8 

3 45
6 0 7 5 0 9 0 0 3 
9 5 4 0 0 8 6 0 2 
0 0 3 2 6 0 7 5 0 
3 0 8 1 2 0 4 9 7 
5 0 0 0 8 0 0 0 1 
1 7 9 0 4 6 5 0 8 
0 9 6 0 7 3 1 0 0 
7 0 5 6 0 0 2 3 4 
4 0 0 8 0 2 9 0 6 

3 46
3 9 0 5 2 1 6 4 0 
7 0 0 0 9 0 0 0 8 
5 0 2 8 0 7 0 9 3 
0 0 5 7 0 0 0 0 0 
6 7 0 4 3 5 2 0 1 
0 0 3 2 0 0 0 0 0 
2 0 7 1 0 8 0 6 4 
4 0 0 0 6 0 0 0 5 
9 5 0 3 7 4 8 1 0 

3 47
7 0 4 9 0 2 8 0 3 
0 0 5 0 6 0 2 0 0 
6 8 0 4 3 1 0 9 5 
4 0 1 3 0 7 6 0 2 
0 7 8 0 0 0 1 5 0 
2 0 9 8 0 5 4 0 7 
1 9 0 2 8 3 0 7 4 
0 0 7 0 4 0 3 0 0 
5 0 3 1 0 6 9 0 8 

3 48
8 2 0 3 0 7 9 5 6 
0 0 5 8 0 6 4 0 0 
6 9 7 5 0 2 1 0 3 
0 0 0 0 3 0 0 9 8 
3 5 0 1 2 9 0 6 4 
4 7 0 0 8 0 0 0 0 
5 0 2 9 0 3 8 1 7 
0 0 6 4 0 1 3 0 0 
7 1 3 2 0 8 0 4 9 

3 49
2 0 4 5 3 8 0 0 6 
0 3 8 1 0 7 4 0 0 
5 0 7 0 0 0 3 8 1 
1 0 9 8 7 0 6 0 2 
0 7 0 2 0 5 0 9 0 
8 0 2 0 1 9 7 0 4 
4 9 5 0 0 0 8 0 3 
0 0 1 3 0 4 2 6 0 
6 0 0 9 8 1 5 0 7 

3 50
0 0 5 9 8 0 0 7 2 
2 0 6 0 5 7 9 0 4 
8 9 0 0 4 0 6 0 0 
0 0 8 7 6 0 4 2 3 
7 1 0 5 0 4 0 9 6 
3 6 4 0 2 9 5 0 0 
0 0 1 0 9 0 0 3 8 
4 0 9 3 7 0 1 0 5 
5 7 0 0 1 8 2 0 0 

4 1
4 8 7 0 3 5 1 2 0 
0 0 0 1 0 7 0 0 8 
0 5 1 0 4 0 3 6 7 
0 9 6 0 5 0 8 3 0 
3 0 5 8 9 2 6 0 4 
0 4 2 0 1 0 9 7 0 
9 6 4 0 7 0 2 8 0 
5 0 0 2 0 9 0 0 0 
0 2 8 4 6 0 5 9 1 

4 2
9 0 5 3 2 1 8 0 6 
0 6 4 0 7 0 3 2 0 
2 0 0 6 4 8 0 0 7 
3 8 0 0 5 0 0 1 4 
5 0 6 4 0 3 2 0 9 
7 0 9 0 1 0 5 0 8 
4 2 0 1 6 5 0 9 3 
0 5 0 7 0 4 0 8 0 
0 9 7 0 3 0 4 6 0 

4 3
4 3 6 5 1 2 7 9 8 
9 8 0 7 0 6 0 5 2 
7 2 0 0 9 0 0 4 6 
6 4 0 0 2 0 0 7 3 
0 0 9 6 5 3 8 0 0 
5 0 0 4 8 7 0 0 9 
0 0 7 9 3 1 4 0 0 
0 5 0 0 6 0 0 3 0 
3 9 0 0 7 0 0 8 1 

4 4
0 1 0 4 9 0 0 8 7 
9 8 4 0 7 3 6 0 2 
3 0 0 0 0 5 9 0 0 
8 7 1 6 5 2 0 3 9 
0 5 0 0 4 0 0 7 0 
4 9 0 7 1 8 2 6 5 
0 0 9 5 0 0 0 0 3 
6 0 5 8 3 0 7 9 4 
7 3 0 0 2 4 0 1 0 

4 5
0 7 6 3 0 0 5 0 8 
2 0 5 0 8 7 0 4 0 
3 4 0 5 2 0 7 1 9 
8 0 0 1 5 9 2 0 7 
0 0 9 0 0 0 8 0 0 
7 0 3 2 4 8 0 0 1 
4 9 7 0 3 2 0 6 5 
0 8 0 6 9 0 4 0 3 
6 0 1 0 0 5 9 8 0 

4 6
0 1 5 0 7 0 0 9 0 
8 0 9 0 3 5 0 6 2 
7 2 0 6 0 4 5 0 8 
1 7 6 0 4 2 8 3 0 
0 0 0 3 6 7 0 0 0 
0 3 2 8 1 0 6 4 7 
9 0 4 7 0 6 0 5 1 
3 6 0 9 5 0 2 0 4 
0 5 0 0 8 0 9 7 0 

4 7
5 0 3 1 2 0 8 6 0 
0 4 0 0 0 3 0 2 9 
2 8 9 0 4 5 1 0 0 
9 0 8 0 3 0 7 1 6 
0 0 7 5 6 8 4 0 0 
4 6 2 0 9 0 3 0 8 
0 0 6 3 1 0 2 4 5 
7 2 0 9 0 0 0 3 0 
0 1 4 0 5 6 9 0 7 

4 8
6 0 4 1 2 8 7 0 5 
0 0 5 9 0 7 3 0 0 
9 7 2 0 3 0 1 8 4 
0 6 0 8 5 3 0 2 0 
5 0 8 7 0 2 4 0 6 
0 2 0 6 9 4 0 1 0 
3 1 7 0 8 0 6 4 9 
0 5 9 4 0 1 8 7 0 
0 0 6 3 7 9 2 0 0 

4 9
0 7 0 0 8 0 0 6 0 
0 8 0 5 0 4 0 7 0 
0 0 5 6 0 7 8 0 0 
4 0 9 7 0 5 6 0 2 
5 2 0 0 6 0 0 9 4 
6 0 8 2 0 9 7 0 1 
7 6 1 3 0 2 5 4 8 
8 0 3 0 7 0 9 0 6 
0 9 4 0 5 0 1 3 0 

4 10
0 0 7 0 9 1 8 3 0 
8 3 0 5 0 0 0 1 4 
0 9 0 4 3 8 6 0 7 
7 0 3 6 0 2 4 0 1 
0 2 4 0 8 0 7 5 0 
9 0 6 7 0 4 3 0 2 
2 0 5 3 6 9 0 4 0 
3 6 0 0 0 5 0 7 9 
0 1 9 8 2 0 5 0 0 

4 11
7 0 5 3 8 0 6 1 0 
0 0 8 0 4 0 0 5 0 
6 3 9 1 0 7 4 0 2 
0 2 1 0 9 0 7 6 3 
9 0 0 6 0 8 0 0 4 
4 7 6 0 3 0 8 9 0 
3 0 7 8 0 5 2 4 1 
0 8 0 0 1 0 9 0 0 
0 6 4 0 2 9 5 0 8 

4 12
3 0 4 0 1 0 7 5 2 
0 9 0 3 0 5 8 0 4 
5 0 6 0 4 7 0 1 0 
2 4 0 7 6 0 1 9 0 
8 0 7 0 9 0 2 0 6 
0 1 9 0 5 3 0 8 7 
0 3 0 6 8 0 5 0 9 
9 0 5 1 0 2 0 4 0 
4 6 8 0 7 0 3 0 1 

4 13
4 0 2 0 3 8 5 0 9 
3 5 0 0 2 9 0 4 0 
0 0 6 7 0 0 2 3 0 
0 8 4 0 1 0 9 7 2 
2 0 9 5 7 4 8 0 6 
7 6 1 0 8 0 3 5 0 
0 4 3 0 0 1 6 0 0 
0 1 0 8 9 0 0 2 3 
8 0 7 4 6 0 1 0 5 

4 14
6 8 0 0 5 0 0 2 9 
2 0 0 3 6 9 0 0 4 
3 9 4 8 0 1 6 7 5 
0 0 0 5 1 6 0 0 0 
1 0 7 9 3 8 4 0 6 
5 6 9 2 0 7 1 8 3 
7 5 3 0 0 0 9 4 1 
0 0 6 0 7 0 2 0 0 
8 0 2 4 0 3 5 0 7 

4 15
0 9 2 6 0 4 5 3 0 
0 0 7 0 1 0 9 0 0 
0 4 0 5 9 3 0 7 0 
7 2 0 1 0 6 0 8 4 
0 0 0 4 8 9 0 0 0 
4 0 0 0 2 0 0 0 9 
6 1 4 9 3 2 8 5 7 
2 0 5 0 6 0 4 0 3 
9 8 0 7 4 5 0 6 1 

4 16
2 0 1 7 3 5 0 0 0 
0 0 3 0 8 4 7 5 0 
7 5 4 0 0 0 3 1 8 
9 0 7 5 1 6 0 8 0 
0 2 0 3 0 9 0 7 0 
0 1 0 8 2 7 5 0 4 
4 3 8 0 0 0 9 6 5 
0 6 2 9 5 0 4 0 0 
0 0 0 4 6 3 8 0 1 

4 17
8 0 6 4 2 0 0 0 5 
0 2 5 3 0 8 9 4 0 
0 3 4 0 0 5 1 0 2 
0 7 0 0 9 1 0 6 3 
2 4 9 0 0 0 5 1 8 
3 6 0 8 5 0 0 9 0 
1 0 7 5 0 0 6 3 0 
0 5 3 9 0 6 7 2 0 
6 0 0 0 7 3 8 0 4 

4 18
0 9 6 0 0 0 7 8 0 
0 2 8 0 7 3 0 5 1 
0 0 0 0 9 4 2 0 3 
6 8 0 4 5 7 0 1 9 
9 0 5 3 0 8 6 0 2 
1 4 0 2 6 9 0 7 8 
5 0 7 9 8 0 0 0 0 
2 1 0 7 4 0 8 3 0 
0 6 4 0 0 0 1 9 0 

4 19
0 2 0 6 0 5 4 0 8 
4 0 6 0 1 0 9 2 0 
0 3 9 2 4 7 0 0 0 
9 7 0 4 0 8 0 6 0 
0 0 4 0 2 0 8 0 0 
0 8 0 1 0 6 0 9 4 
0 0 0 9 5 1 7 8 0 
0 9 8 0 6 0 3 0 1 
7 0 1 3 0 4 0 5 0 

4 20
0 4 0 7 6 8 0 5 0 
5 0 0 1 4 9 0 0 2 
1 8 9 0 3 0 4 6 7 
9 6 4 8 0 1 3 2 5 
7 0 0 2 5 6 0 0 8 
8 2 0 0 9 0 0 7 1 
0 3 8 9 0 5 7 1 0 
2 0 0 6 1 4 0 0 3 
6 5 0 0 8 0 0 9 4 

4 21
0 0 0 9 0 0 0 4 7 
8 5 0 7 4 3 0 1 2 
9 7 4 0 2 6 8 0 5 
0 6 8 5 0 9 3 2 0 
0 0 9 0 0 0 5 0 0 
0 2 3 8 0 4 1 7 0 
6 3 7 0 5 8 2 0 1 
4 8 0 6 9 2 0 5 3 
0 0 0 3 0 0 0 6 8 

4 22
0 9 0 5 6 3 0 2 0 
0 0 5 0 8 0 6 0 0 
8 0 6 1 0 2 3 0 9 
0 7 9 8 0 5 1 4 0 
5 0 1 0 9 0 2 0 6 
4 3 0 6 1 7 0 9 5 
0 1 8 0 5 0 9 3 0 
0 0 3 2 0 8 7 0 0 
7 0 4 0 3 0 5 0 2 

4 23
6 5 7 0 0 0 1 9 8 
4 0 9 6 0 7 2 0 3 
3 0 8 0 5 0 4 0 6 
8 7 0 0 9 0 0 3 5 
9 4 0 0 6 0 0 2 1 
2 0 6 7 1 5 9 0 4 
0 9 3 0 4 0 5 6 0 
0 6 2 0 0 0 8 4 0 
0 8 0 9 2 6 0 1 0 

4 24
0 4 2 0 0 7 5 0 0 
5 6 0 9 3 0 1 2 4 
0 0 8 4 2 5 0 0 0 
9 0 1 8 0 6 0 3 5 
4 8 0 3 5 0 9 0 7 
7 0 3 1 0 9 0 6 2 
0 0 4 2 6 3 0 0 0 
6 3 0 7 9 0 2 8 1 
0 7 9 0 0 1 6 0 0 

4 25
0 1 0 2 0 8 0 6 0 
7 2 5 0 4 0 8 1 3 
0 8 0 5 0 7 0 9 0 
6 0 2 1 5 4 9 0 7 
0 9 0 0 8 0 0 5 0 
1 0 8 9 7 6 2 0 4 
0 7 0 8 0 5 0 4 0 
5 4 3 0 9 0 6 2 8 
0 6 0 4 0 3 0 7 0 

4 26
5 6 4 7 1 8 2 3 9 
0 9 0 0 5 0 0 7 0 
7 2 0 3 0 6 0 4 8 
9 0 7 0 2 0 8 0 6 
0 0 6 0 4 0 9 0 0 
0 0 0 6 8 9 0 0 0 
8 7 9 0 3 0 4 6 5 
6 0 5 0 7 0 1 0 2 
4 1 0 9 6 5 0 8 7 

4 27
8 7 0 0 5 6 9 2 0 
2 0 4 8 0 7 5 0 3 
9 0 6 4 0 0 0 7 8 
0 3 0 0 4 5 0 1 6 
0 0 9 3 7 1 0 0 0 
0 4 0 0 6 8 0 9 7 
5 0 2 6 0 0 0 3 1 
3 0 7 5 0 9 6 0 2 
4 6 0 0 2 3 8 5 0 

4 28
8 0 7 0 9 0 6 0 4 
0 6 5 4 0 7 3 9 0 
9 4 0 3 0 5 0 8 1 
0 8 1 0 7 0 2 6 0 
4 0 0 8 0 6 0 0 7 
0 2 6 0 3 0 5 4 0 
2 9 0 6 0 3 0 7 5 
0 7 3 2 0 8 9 1 0 
6 0 8 0 5 0 4 0 3 

4 29
4 6 0 0 9 0 0 7 3 
0 5 7 0 6 0 2 9 0 
0 0 8 7 0 3 4 0 0 
1 2 0 3 4 9 0 6 8 
8 3 4 0 0 0 9 1 5 
6 7 0 5 8 1 0 4 2 
0 0 6 1 0 2 5 0 0 
0 1 2 0 7 0 6 3 0 
9 8 0 0 5 0 0 2 7 

4 30
7 0 5 4 0 6 9 0 3 
9 4 0 8 0 2 0 1 6 
1 8 6 0 7 0 2 5 4 
2 0 0 5 0 8 0 0 9 
0 0 8 0 0 0 5 0 0 
6 0 0 7 0 3 0 0 8 
4 3 9 0 8 0 6 7 1 
5 6 0 9 0 1 0 4 2 
8 0 2 6 0 7 3 0 5 

4 31
0 1 6 0 0 0 7 4 0 
9 8 0 4 2 6 0 3 5 
0 0 4 7 0 8 2 0 0 
5 7 3 0 9 0 8 2 4 
0 6 0 5 4 7 0 1 0 
4 9 1 0 8 0 5 7 6 
0 0 9 8 0 2 6 0 0 
6 3 0 1 7 5 0 9 2 
0 2 5 0 0 0 3 8 0 

4 32
8 0 4 9 6 2 1 0 3 
0 2 0 0 7 0 0 8 0 
5 0 6 3 0 4 9 0 7 
4 0 1 7 0 3 6 0 5 
2 5 0 0 4 0 0 1 8 
6 0 9 8 0 1 7 0 2 
3 0 5 2 0 6 8 0 9 
0 9 0 0 3 0 0 6 0 
7 0 2 4 9 8 5 0 1 

4 33
7 0 0 4 9 8 0 0 2 
0 4 6 2 0 1 7 3 0 
9 0 0 0 3 0 0 0 8 
1 5 0 0 2 3 0 9 4 
6 8 9 1 4 5 2 0 3 
3 2 0 0 7 9 0 6 5 
4 0 0 0 8 0 0 0 7 
0 7 8 3 0 4 9 2 0 
2 0 0 5 1 7 0 0 6 

4 34
3 0 6 9 2 8 0 0 1 
0 0 8 3 0 5 0 9 7 
0 9 0 0 4 0 8 0 0 
6 8 0 5 7 0 0 2 4 
1 5 7 0 0 0 9 8 6 
4 3 0 0 9 6 0 7 5 
0 0 3 0 6 0 0 5 0 
9 6 0 7 0 4 2 0 0 
8 0 0 1 5 3 7 0 9 

4 35
6 0 0 1 8 9 5 2 3 
0 9 5 6 7 0 8 0 4 
0 0 8 3 4 0 0 0 0 
0 7 1 2 0 0 0 3 5 
9 0 2 7 5 3 1 0 8 
5 8 0 0 0 1 2 9 0 
0 0 0 0 2 7 3 0 0 
8 0 6 0 3 4 7 5 0 
7 3 9 5 1 6 0 0 2 

4 36
0 9 0 3 4 6 0 0 2 
2 0 8 0 0 5 9 0 6 
5 0 6 0 9 0 0 7 3 
0 5 0 6 3 1 0 2 0 
6 0 7 9 8 4 3 0 5 
0 8 0 7 5 2 0 9 0 
8 7 0 0 6 0 2 0 1 
4 0 9 8 0 0 5 0 7 
3 0 0 5 1 7 0 8 0 

4 37
9 3 8 0 0 0 1 5 4 
0 4 0 8 0 5 0 2 0 
2 0 5 0 4 0 3 0 7 
0 5 0 4 8 2 0 3 0 
8 0 6 9 7 3 5 0 1 
0 7 0 5 1 6 0 9 0 
4 0 3 0 2 0 9 0 5 
0 1 0 6 0 4 0 7 0 
6 9 7 0 0 0 4 1 2 

4 38
0 0 5 7 0 6 9 0 0 
0 9 7 0 3 0 4 6 0 
6 8 0 4 9 2 0 5 3 
7 0 9 8 0 3 6 0 5 
0 6 3 1 7 4 2 8 0 
4 0 8 6 0 9 1 0 7 
9 5 0 2 8 7 0 1 4 
0 3 4 0 6 0 5 7 0 
0 0 2 3 0 5 8 0 0 

4 39
0 4 5 0 1 0 2 0 3 
3 9 0 5 0 4 6 0 8 
0 1 0 3 6 7 5 9 0 
5 0 6 0 7 0 8 0 9 
0 7 4 0 0 0 3 6 0 
9 0 8 0 4 0 7 0 1 
0 6 1 7 8 9 0 3 0 
7 0 9 4 0 2 0 8 6 
4 0 3 0 5 0 9 2 0 

4 40
0 0 4 6 0 0 0 8 5 
8 0 0 0 2 4 7 0 9 
7 6 0 5 9 0 0 1 4 
9 0 3 0 4 6 0 0 2 
0 7 8 2 0 3 1 9 0 
2 0 0 9 7 0 4 0 8 
3 2 0 0 8 9 0 5 1 
5 0 1 7 6 0 0 0 3 
6 4 0 0 0 5 8 0 0 

4 41
9 0 7 1 8 0 2 6 5 
0 0 6 2 0 0 4 0 0 
3 0 0 6 0 4 8 0 9 
4 7 3 0 5 0 0 0 2 
0 8 9 3 2 7 1 5 0 
1 0 0 0 6 0 7 9 3 
5 0 8 7 0 2 0 0 6 
0 0 4 0 0 6 5 0 0 
2 6 1 0 4 9 3 0 8 

4 42
0 5 0 0 3 9 0 0 4 
7 0 4 8 0 6 0 9 5 
0 8 0 0 2 4 0 3 1 
5 0 7 3 4 8 9 0 6 
0 9 0 1 6 2 0 4 0 
2 0 6 9 7 5 1 0 3 
9 7 0 4 8 0 0 5 0 
4 2 0 6 0 7 3 0 8 
3 0 0 2 5 0 0 7 0 

4 43
0 3 4 0 0 0 5 9 0 
6 0 0 9 4 2 0 0 7 
0 2 0 5 7 3 0 8 0 
3 0 9 4 8 7 2 0 1 
1 7 0 0 5 0 0 4 6 
4 0 5 2 6 1 9 0 3 
0 9 0 1 3 5 0 6 0 
5 0 0 7 2 8 0 0 9 
0 1 3 0 0 0 7 2 0 

4 44
0 3 0 5 0 8 0 2 0 
7 0 2 0 4 0 5 0 8 
0 8 0 6 2 7 0 3 0 
3 0 4 1 8 0 7 0 2 
0 6 9 2 0 3 8 5 0 
2 0 8 0 5 4 3 0 6 
0 4 0 7 9 5 0 8 0 
5 0 7 0 6 0 9 0 3 
0 9 0 4 0 2 0 7 0 

4 45
9 3 0 6 0 2 0 1 8 
1 0 2 9 8 5 6 0 4 
8 0 4 0 7 0 2 0 5 
0 4 0 0 2 0 0 7 0 
0 1 9 5 0 7 4 8 0 
0 5 0 0 6 0 0 2 0 
3 0 1 0 5 0 9 0 7 
4 0 6 7 1 8 3 0 2 
5 2 0 3 0 6 0 4 1 

4 46
6 4 0 1 0 7 0 3 9 
8 0 7 3 2 4 6 0 1 
0 3 0 8 0 9 0 7 0 
4 0 6 0 9 0 7 0 3 
7 8 0 2 4 6 0 1 5 
0 0 5 0 3 0 4 0 0 
0 6 0 4 0 5 0 9 0 
1 0 9 0 8 0 5 0 2 
0 5 4 9 0 2 1 8 0 

4 47
1 8 0 7 9 4 0 6 2 
0 5 2 0 1 0 8 0 4 
9 0 0 2 0 5 0 3 0 
5 0 8 0 0 9 6 0 3 
0 9 0 8 3 7 0 2 0 
4 0 7 5 0 0 9 0 1 
0 7 0 3 0 6 0 0 9 
3 0 5 0 2 0 7 4 0 
2 6 0 4 7 1 0 5 8 

4 48
6 8 2 5 0 1 0 0 0 
5 0 7 0 2 0 4 0 0 
1 0 4 6 9 0 5 0 2 
8 0 0 7 1 6 9 5 4 
4 0 0 0 8 0 0 0 6 
9 6 1 4 5 2 0 0 3 
3 0 6 0 7 8 1 0 5 
0 0 9 0 3 0 6 0 8 
0 0 0 9 0 5 3 4 7 

4 49
0 9 8 0 2 0 3 7 0 
0 7 0 8 0 5 0 2 0 
5 0 2 3 0 6 8 0 9 
4 0 7 0 6 0 1 0 8 
0 1 5 7 3 4 2 9 0 
2 0 9 0 5 0 4 0 7 
9 0 1 6 0 7 5 0 3 
0 8 0 5 0 9 0 6 0 
0 5 6 0 8 0 9 4 0 

4 50
0 4 5 7 0 3 1 2 0 
1 0 6 0 5 0 4 0 9 
9 2 0 4 0 1 0 8 7 
0 0 1 0 2 0 7 0 0 
4 6 0 9 0 8 0 5 3 
0 0 9 0 7 0 6 0 0 
7 9 0 2 0 5 0 6 1 
6 0 4 0 3 0 8 0 2 
0 1 2 6 0 7 9 4 0 

5 1
6 7 4 5 0 3 1 2 8 
0 8 0 2 0 6 0 3 0 
0 9 3 8 0 7 5 6 0 
8 0 9 0 6 0 4 0 5 
0 6 0 4 0 9 0 8 0 
7 0 2 0 8 0 6 0 3 
0 5 8 6 0 4 3 7 0 
0 1 0 3 0 8 0 5 0 
3 2 7 9 0 1 8 4 6 

5 2
0 6 5 4 0 1 2 3 0 
0 9 7 5 0 6 1 4 0 
1 0 0 0 7 0 0 0 9 
4 7 3 0 0 0 6 8 1 
9 0 1 7 6 3 4 0 5 
6 5 2 0 0 0 7 9 3 
5 0 0 0 1 0 0 0 6 
0 4 9 6 0 7 8 1 0 
0 1 6 2 0 9 3 5 0 

5 3
9 0 4 0 1 0 5 0 6 
5 7 0 4 0 2 0 9 1 
3 0 1 5 9 6 7 0 8 
7 0 5 0 6 0 9 0 2 
0 6 9 3 0 7 8 1 0 
1 0 0 2 4 9 0 0 5 
6 0 7 1 0 5 4 0 3 
0 1 3 6 0 4 2 5 0 
4 0 2 0 3 0 1 0 7 

5 4
8 0 1 3 6 4 5 0 9 
6 4 0 0 0 0 0 3 0 
3 5 9 2 7 1 6 0 8 
0 8 0 6 0 5 1 0 7 
4 0 0 0 8 3 0 5 6 
0 6 0 1 0 7 4 0 3 
7 9 4 8 1 2 3 0 5 
5 2 0 0 0 0 0 1 0 
1 0 6 4 5 9 8 0 2 

5 5
1 7 0 2 3 4 0 5 8 
3 0 5 9 0 7 4 0 2 
6 4 0 8 5 1 0 9 3 
9 0 7 0 8 0 1 0 6 
0 0 0 4 9 6 0 0 0 
0 6 4 1 7 3 5 8 0 
0 9 8 7 0 5 3 6 0 
5 2 0 3 0 9 0 7 4 
0 1 0 6 4 8 0 2 0 

5 6
3 4 9 0 7 0 5 2 1 
0 0 0 9 0 1 0 0 0 
1 0 7 0 5 0 6 0 9 
4 0 5 7 0 9 2 0 6 
0 9 0 1 0 5 0 4 0 
6 7 1 2 0 3 9 5 8 
0 5 6 0 3 0 1 9 0 
0 1 0 4 0 7 0 6 0 
9 0 4 5 1 6 7 0 2 

5 7
6 4 9 7 3 8 5 1 2 
5 1 0 0 9 0 0 3 7 
3 0 0 4 1 5 0 0 8 
0 0 1 3 5 6 9 0 0 
0 0 4 0 7 0 8 0 0 
9 0 3 8 2 4 1 0 6 
1 0 0 9 6 7 0 0 5 
7 3 0 0 0 0 0 8 9 
0 9 5 2 0 3 7 6 0 

5 8
0 7 0 6 0 0 0 1 3 
6 0 1 2 7 3 0 5 4 
0 2 0 0 8 0 6 0 9 
2 0 5 8 3 6 0 9 1 
7 8 9 0 2 0 5 3 6 
1 3 0 9 5 7 4 0 8 
8 0 2 0 9 0 0 6 0 
3 6 0 5 1 8 9 0 2 
9 1 0 0 0 2 0 8 0 

5 9
0 1 5 8 0 7 4 2 0 
0 0 6 0 4 0 7 0 0 
3 0 4 1 0 5 9 0 6 
0 9 3 0 1 0 5 6 0 
6 0 1 7 8 3 2 0 9 
7 4 0 5 0 6 0 3 8 
1 3 0 6 5 2 0 9 4 
5 0 9 0 7 0 3 0 2 
0 2 8 9 0 1 6 7 0 

5 10
9 8 5 6 0 1 4 3 2 
1 4 0 3 2 8 0 5 9 
6 3 2 0 9 0 8 1 7 
3 0 8 0 6 0 9 0 5 
0 5 6 8 1 9 2 7 0 
0 0 9 0 4 0 1 0 0 
0 2 1 0 0 0 3 9 0 
8 0 0 9 5 4 0 0 1 
0 9 4 1 0 2 5 6 0 

5 11
0 0 3 4 5 6 2 0 0 
0 6 0 8 2 1 0 7 0 
2 0 8 0 7 0 4 0 5 
3 4 0 7 0 2 0 5 6 
6 0 5 9 4 8 7 0 1 
8 7 0 5 0 3 0 2 4 
9 0 7 0 8 0 6 0 2 
0 5 2 0 0 0 1 8 0 
0 0 6 2 3 4 5 0 0 

5 12
2 9 0 7 8 4 0 5 3 
3 0 0 0 2 0 0 0 6 
0 7 0 3 6 5 0 2 0 
6 2 0 0 1 0 0 3 4 
8 0 5 0 4 0 2 0 7 
4 3 7 5 9 2 6 8 1 
7 0 0 0 3 0 0 0 5 
5 0 3 0 7 0 4 0 2 
0 6 2 4 5 1 3 7 0 

5 13
7 9 8 0 4 0 5 3 6 
1 2 0 3 0 7 0 4 8 
3 5 4 0 6 0 7 1 2 
0 0 0 8 7 5 0 0 0 
6 7 9 1 0 2 8 5 4 
0 0 0 0 9 0 0 0 0 
4 8 0 5 2 3 0 9 1 
9 1 0 4 0 6 0 7 5 
5 0 2 7 0 9 4 0 3 

5 14
6 8 0 0 7 0 0 5 1 
5 0 1 0 8 0 7 0 9 
0 3 7 5 0 1 4 6 0 
3 9 5 6 0 7 8 4 2 
7 2 8 4 0 5 9 1 6 
0 1 6 0 2 0 5 3 0 
0 7 0 0 4 0 0 8 0 
1 0 4 9 6 8 2 0 3 
8 0 2 0 5 0 1 0 4 

5 15
3 6 8 7 4 2 1 5 9 
0 5 9 0 3 0 7 4 0 
7 0 0 9 5 6 0 0 8 
6 2 0 0 8 0 0 1 3 
9 0 4 0 7 0 6 0 5 
1 8 0 4 0 3 0 7 2 
4 7 2 0 9 0 3 6 1 
8 0 6 0 1 0 5 0 7 
5 1 0 6 2 7 0 9 4 

5 16
0 8 2 7 0 5 1 6 0 
5 0 4 0 3 0 9 0 7 
7 9 0 6 4 8 0 2 3 
2 7 9 0 8 0 4 5 1 
4 1 0 2 0 9 0 7 8 
0 5 6 0 7 0 2 3 0 
6 0 0 5 1 3 0 0 2 
9 0 5 0 2 0 7 0 6 
0 2 0 9 0 7 0 4 0 

5 17
0 3 9 4 0 8 6 5 0 
6 0 7 0 3 0 2 0 8 
2 5 0 6 0 9 0 4 3 
3 0 4 8 0 7 9 0 6 
0 9 0 0 0 0 0 8 0 
8 0 6 9 0 3 4 0 5 
4 7 0 5 0 1 0 3 9 
5 0 1 0 9 0 7 0 2 
0 6 3 7 0 2 5 1 0 

5 18
0 2 5 1 0 9 4 6 0 
7 0 9 0 5 0 2 0 8 
4 0 3 0 2 0 7 0 5 
0 9 0 5 1 3 0 4 0 
6 0 0 7 0 8 0 0 2 
3 0 7 4 6 2 9 0 1 
5 0 2 0 4 0 8 0 9 
0 7 4 9 0 5 3 2 0 
0 8 6 2 3 7 1 5 0 

5 19
7 3 8 2 0 4 1 5 6 
0 4 0 1 3 7 0 2 0 
1 0 2 0 5 0 4 0 7 
0 5 1 0 7 0 3 6 0 
2 0 4 0 1 0 7 0 5 
0 7 0 6 2 5 0 1 0 
0 1 0 7 0 2 0 4 0 
5 0 7 0 4 0 6 0 3 
4 0 9 0 0 0 2 0 1 

5 20
5 0 0 6 0 4 0 0 1 
3 0 0 1 7 5 0 0 2 
7 2 1 0 9 0 4 6 5 
2 5 3 0 6 0 8 1 7 
9 6 0 8 0 1 0 2 4 
4 1 8 0 3 0 5 9 6 
6 3 4 0 1 0 2 5 8 
8 0 0 5 4 6 0 0 3 
1 0 0 2 0 3 0 0 9 

5 21
0 6 0 2 7 5 0 3 0 
0 9 2 8 0 4 1 6 0 
3 0 5 0 9 0 7 0 4 
9 0 7 3 0 2 5 0 1 
0 2 3 0 5 0 4 9 0 
6 0 1 4 0 9 3 0 2 
2 0 9 0 4 0 6 0 3 
0 3 6 9 0 7 2 5 0 
0 1 0 6 2 3 0 4 0 

5 22
5 0 3 7 0 2 9 0 6 
0 0 6 0 0 0 8 0 0 
0 9 7 0 6 0 2 3 0 
6 0 1 8 0 4 5 0 9 
7 0 2 6 0 1 3 0 4 
9 0 8 5 0 3 7 0 1 
1 2 5 4 8 7 6 9 3 
0 0 9 0 0 0 4 0 0 
8 0 4 9 0 6 1 0 2 

5 23
7 8 0 6 0 2 0 5 4 
9 0 5 0 0 0 6 0 3 
0 3 0 9 4 5 0 1 0 
3 0 4 2 6 7 1 0 5 
2 7 8 1 0 3 4 9 6 
5 0 6 4 8 9 7 0 2 
0 5 0 3 7 4 0 6 0 
1 0 7 0 0 0 3 0 8 
4 6 0 8 0 1 0 7 9 

5 24
1 5 4 2 8 9 3 7 6 
0 0 7 0 4 0 5 0 0 
2 6 0 3 7 5 0 9 1 
0 0 6 0 9 0 2 0 0 
0 0 2 0 5 0 9 0 0 
5 7 9 0 3 0 8 1 4 
7 0 0 0 6 0 0 0 2 
9 0 3 7 1 4 6 0 5 
6 0 1 0 2 0 7 0 9 

5 25
0 8 1 0 2 0 6 3 0 
2 0 4 6 0 1 5 0 7 
6 5 0 3 7 4 0 2 8 
0 6 0 2 0 9 0 8 0 
9 0 2 5 1 8 3 0 6 
3 1 0 4 0 7 0 5 9 
4 2 0 8 9 6 0 1 5 
8 0 5 1 0 3 9 0 2 
0 9 6 0 5 0 8 4 0 

5 26
4 7 2 1 0 9 6 5 3 
6 1 0 2 0 7 0 9 8 
9 0 5 4 6 3 7 0 2 
7 0 6 8 0 1 3 0 5 
0 0 1 0 7 0 9 0 0 
0 4 8 0 3 0 1 6 0 
1 0 4 3 9 5 8 0 6 
0 5 7 6 0 4 2 3 0 
3 0 9 0 2 0 5 0 1 

5 27
4 0 6 0 9 7 0 5 8 
0 1 0 6 5 0 4 0 7 
0 5 9 8 0 2 3 6 0 
9 4 0 7 6 0 0 2 3 
0 7 5 0 8 0 9 4 0 
6 8 0 0 2 4 0 7 5 
0 6 8 2 0 9 5 1 0 
5 0 7 0 1 8 0 3 0 
1 2 0 5 3 0 7 0 9 

5 28
0 0 0 8 5 9 6 0 2 
6 2 5 1 0 4 8 3 0 
0 0 9 0 6 3 0 5 4 
9 5 0 6 8 2 3 0 1 
0 8 4 9 0 0 0 2 6 
2 1 0 3 4 7 5 0 8 
0 0 2 0 3 1 0 8 7 
7 9 8 5 0 6 4 1 0 
0 0 0 7 9 8 2 0 5 

5 29
9 5 0 6 4 7 0 1 2 
3 0 6 0 0 0 4 0 8 
0 7 2 3 0 8 5 9 0 
6 0 1 0 3 0 9 0 7 
0 9 0 5 6 2 0 4 0 
8 0 5 0 9 0 6 0 3 
0 8 9 2 0 3 7 6 0 
5 0 4 0 0 0 2 0 9 
2 6 0 4 8 9 0 3 5 

5 30
4 2 6 8 3 7 1 0 5 
0 9 5 0 0 1 0 8 7 
0 0 7 6 0 9 2 0 4 
2 6 0 0 8 0 9 7 0 
0 5 8 1 0 4 3 0 6 
9 1 0 0 6 0 5 4 0 
0 0 9 4 0 5 8 0 2 
0 4 2 0 0 6 0 5 3 
5 7 1 3 2 8 4 0 9 

5 31
0 9 0 7 2 6 0 5 0 
6 0 0 3 0 9 0 0 2 
5 7 2 8 1 4 9 3 6 
0 5 1 2 4 8 3 6 0 
3 0 6 0 0 0 2 0 5 
0 0 9 6 3 5 7 0 0 
9 3 7 5 8 2 6 4 1 
0 8 0 1 0 7 0 9 0 
0 0 5 4 9 3 8 0 0 

5 32
4 3 2 9 1 6 5 7 8 
5 0 1 0 3 0 6 0 2 
0 0 6 5 0 8 4 0 0 
3 2 0 8 5 7 0 1 6 
9 0 7 3 0 1 2 0 5 
0 1 0 6 0 2 0 4 0 
6 0 0 1 7 9 0 0 4 
1 0 9 2 0 5 3 0 7 
0 7 8 4 0 3 1 5 0 

5 33
6 9 4 1 5 3 7 2 0 
0 0 5 7 9 0 0 4 6 
0 0 8 0 6 0 0 9 3 
2 7 0 9 4 5 8 0 1 
0 0 3 6 1 0 0 5 2 
9 5 0 3 8 2 6 0 4 
0 0 7 0 3 0 0 8 9 
0 0 2 8 7 0 0 6 5 
8 3 9 5 2 6 4 1 0 

5 34
7 6 3 0 1 0 8 4 5 
9 0 5 0 0 0 2 0 6 
4 8 2 3 6 5 0 9 1 
8 0 0 7 0 3 0 0 9 
0 9 7 6 2 4 3 5 0 
5 0 0 8 0 1 0 0 2 
2 4 1 5 7 6 0 8 3 
6 0 9 0 0 0 5 0 4 
3 5 8 0 4 0 1 6 7 

5 35
0 4 6 8 2 9 7 3 0 
3 0 0 7 4 6 0 0 2 
0 7 2 0 5 0 9 4 0 
4 0 9 3 0 5 6 0 1 
7 2 0 9 6 1 0 5 8 
5 0 1 4 0 2 3 0 7 
0 5 7 0 9 0 1 8 0 
6 0 0 5 3 8 0 0 9 
0 3 8 2 1 7 5 6 0 

5 36
0 1 7 0 5 0 2 8 0 
8 0 6 1 0 2 9 0 4 
5 4 0 8 6 9 0 7 3 
3 9 0 6 1 7 0 2 5 
6 0 5 0 4 0 3 0 7 
0 7 0 2 3 5 0 9 0 
7 6 9 3 0 1 5 4 2 
0 0 4 0 2 0 8 0 0 
2 8 0 5 9 4 0 6 1 

5 37
4 0 6 1 8 9 2 0 7 
0 2 0 0 4 0 0 9 0 
7 0 8 3 0 5 6 0 1 
5 0 9 2 6 8 1 0 4 
6 1 0 9 3 4 0 7 5 
8 0 3 7 5 1 9 0 2 
2 0 4 8 0 6 7 0 3 
0 8 0 0 1 0 0 2 0 
3 0 1 4 7 2 5 0 9 

5 38
4 7 0 0 2 0 0 8 3 
9 2 6 1 8 3 7 5 4 
0 0 5 4 0 6 9 0 0 
1 0 3 7 0 2 8 0 6 
5 0 0 3 6 4 0 0 9 
7 6 4 0 9 0 3 2 5 
6 0 0 2 1 8 0 0 7 
3 0 7 9 0 5 2 0 8 
2 5 8 0 0 0 4 9 1 

5 39
0 0 9 5 6 8 7 0 0 
7 0 0 3 0 4 1 0 0 
5 0 0 7 2 1 0 0 6 
6 5 7 0 4 0 9 8 1 
9 2 1 8 5 7 4 6 3 
4 8 3 0 1 0 5 7 2 
2 0 0 6 7 9 0 0 5 
3 0 0 4 0 5 2 0 0 
0 0 5 1 3 2 6 0 0 

5 40
0 2 4 0 3 0 7 9 0 
7 0 5 0 4 0 8 0 6 
8 9 1 6 0 5 3 4 2 
3 6 0 2 0 1 0 5 8 
4 0 9 0 6 0 1 0 7 
0 8 2 0 5 0 9 6 0 
9 1 3 7 0 6 5 8 4 
0 7 0 5 0 4 0 3 0 
5 0 6 3 8 9 2 0 1 

5 41
4 0 0 7 8 2 0 0 6 
0 7 2 0 5 0 8 4 0 
0 8 6 3 0 1 2 9 0 
9 0 1 4 7 8 3 0 5 
3 4 0 5 2 6 0 1 9 
7 2 5 0 1 0 6 8 4 
0 3 9 8 0 5 4 7 0 
0 0 7 0 9 0 5 0 0 
8 5 0 1 3 7 0 6 2 

5 42
1 0 0 0 4 7 5 0 0 
0 5 4 8 0 2 7 6 0 
0 7 8 1 9 0 4 3 2 
7 0 1 9 6 3 0 5 4 
2 9 0 5 8 4 1 0 0 
3 0 5 2 7 1 0 9 8 
0 2 7 3 5 0 9 1 6 
0 6 3 4 0 9 8 2 0 
8 0 0 0 2 6 3 0 0 

5 43
4 1 0 0 8 0 0 3 6 
0 0 2 7 0 9 4 0 0 
0 6 5 3 1 4 8 2 0 
0 5 4 8 7 3 1 6 0 
0 2 0 9 4 5 0 7 0 
0 7 8 1 2 6 5 9 0 
0 8 1 6 5 7 9 4 0 
0 0 3 2 0 1 6 0 0 
6 9 0 0 3 0 0 1 5 

5 44
6 8 9 7 2 1 3 4 5 
5 2 0 4 3 8 0 9 7 
0 7 4 6 0 5 8 1 0 
0 6 0 0 0 0 0 8 0 
0 4 3 8 6 2 7 5 0 
0 0 0 5 0 3 0 0 0 
9 0 0 3 0 7 0 0 1 
4 1 0 2 5 6 0 3 8 
8 3 0 1 4 9 0 7 6 

5 45
2 0 0 8 9 5 0 0 4 
0 9 4 0 6 0 8 2 0 
8 0 5 0 7 0 6 0 3 
3 5 0 6 1 2 0 4 7 
9 0 1 5 4 7 2 0 8 
0 7 2 0 8 0 5 6 0 
1 0 3 7 0 9 4 0 6 
5 8 0 4 0 6 0 7 2 
6 4 7 0 2 0 3 5 9 

5 46
0 0 0 7 5 6 0 0 0 
0 9 7 0 8 0 4 3 0 
8 0 5 9 0 3 2 0 6 
7 4 0 5 9 8 0 6 2 
3 0 6 0 2 0 9 0 1 
0 2 8 3 0 1 5 4 0 
4 0 2 6 3 5 1 0 8 
1 8 0 2 7 9 0 5 4 
5 6 9 0 0 0 7 2 3 

5 47
0 2 1 3 6 9 5 7 0 
7 0 0 5 2 8 0 0 1 
6 8 5 0 4 0 9 2 3 
3 0 4 0 8 0 1 0 7 
2 6 0 9 1 7 0 5 4 
1 7 9 4 3 5 6 8 2 
9 0 7 1 5 2 8 0 6 
0 3 0 6 0 4 0 1 0 
5 0 0 0 7 0 0 0 9 

5 48
2 0 4 0 8 0 5 0 6 
0 7 6 4 0 9 3 8 0 
3 0 8 2 5 6 7 0 9 
7 2 0 0 4 0 0 6 1 
0 5 9 1 0 8 4 7 0 
0 4 1 7 0 3 9 2 0 
4 0 0 5 7 1 0 0 8 
9 8 0 0 3 0 0 5 4 
1 6 5 0 9 0 2 3 7 

5 49
8 6 0 1 2 4 0 7 5 
4 0 5 0 3 0 2 0 1 
0 1 7 8 0 9 6 3 0 
3 0 4 0 1 0 7 0 2 
9 2 0 6 4 7 0 5 8 
7 0 6 0 8 0 1 0 9 
0 3 9 5 0 8 4 2 0 
5 0 2 0 6 0 8 0 3 
6 4 0 3 9 2 0 1 7 

5 50
0 0 1 5 8 2 6 0 0 
0 9 5 0 7 0 8 3 0 
6 4 0 3 1 9 0 7 5 
0 0 4 2 9 8 7 0 0 
9 8 6 7 0 3 1 4 2 
3 7 2 0 4 0 5 8 9 
5 2 0 4 6 7 0 1 8 
0 0 3 0 2 0 9 0 0 
8 0 7 9 0 5 4 0 6 

6 1
5 7 0 9 1 2 0 8 6 
6 0 2 0 4 0 9 0 7 
0 9 8 6 0 3 2 1 0 
0 8 4 7 6 9 5 2 0 
7 0 5 0 8 0 6 0 1 
9 2 0 3 5 1 0 4 8 
2 0 7 0 9 0 3 0 4 
0 5 0 4 0 6 0 7 0 
3 0 1 5 2 7 8 0 9 

6 2
6 0 0 2 8 3 0 0 9 
0 1 4 0 6 0 5 8 0 
0 9 8 0 1 0 6 3 0 
4 5 0 7 2 1 0 9 3 
9 8 2 4 3 6 7 5 1 
1 0 7 8 0 5 4 0 6 
0 2 0 6 4 9 0 7 0 
0 6 9 3 0 8 2 1 0 
7 0 0 1 5 2 0 0 8 

6 3
9 3 6 0 1 0 2 5 4 
0 0 2 0 9 0 7 0 0 
7 0 5 4 0 3 8 0 9 
0 0 9 8 5 4 1 0 0 
0 2 4 0 7 0 6 8 0 
1 5 0 0 3 0 0 4 7 
2 8 1 3 4 9 5 7 6 
5 0 0 1 0 7 0 0 8 
4 6 0 2 8 5 0 9 1 

6 4
9 0 2 6 1 0 8 7 4 
5 8 0 2 0 3 0 1 0 
6 1 7 0 9 4 5 0 2 
0 2 0 3 4 8 0 9 0 
8 0 3 0 5 0 4 0 7 
0 6 0 7 2 9 0 5 0 
1 5 9 0 6 2 7 0 3 
3 7 0 9 0 1 0 4 0 
2 0 8 5 3 0 1 6 9 

6 5
2 0 1 9 6 5 7 0 4 
0 6 5 3 0 8 9 2 0 
0 3 7 0 4 0 6 5 0 
8 0 0 7 2 9 0 0 3 
1 7 6 0 0 0 8 9 2 
3 2 0 8 1 6 0 7 5 
7 0 2 6 3 4 5 0 9 
5 4 8 2 0 7 3 1 6 
0 9 0 0 8 0 0 4 0 

6 6
8 1 0 3 2 5 0 6 7 
0 5 2 9 0 4 8 1 0 
0 9 3 0 1 0 5 2 0 
0 0 0 8 9 7 0 0 0 
9 4 8 1 0 6 7 3 2 
5 0 7 0 3 0 1 0 8 
0 0 5 2 6 9 3 0 0 
3 2 9 7 0 1 6 4 5 
0 7 6 0 4 0 2 8 0 

6 7
0 7 9 5 0 3 8 6 0 
0 0 5 7 1 2 4 0 0 
1 4 0 8 9 6 0 2 5 
9 3 0 0 8 0 0 4 6 
0 5 6 3 2 9 1 8 0 
8 1 0 0 6 0 0 3 2 
3 2 0 9 5 1 0 7 4 
5 0 4 2 7 8 3 0 9 
7 0 0 6 0 4 0 0 8 

6 8
0 0 0 4 7 2 0 0 0 
0 2 6 0 9 0 5 7 0 
0 8 4 1 5 6 3 9 0 
9 0 3 0 6 0 2 0 7 
2 6 7 9 0 3 8 5 1 
5 0 8 0 1 0 9 0 6 
0 7 9 5 2 4 6 1 0 
0 5 2 0 3 0 4 8 0 
0 0 0 6 8 9 0 0 0 

6 9
1 4 2 0 0 0 7 5 6 
8 9 0 5 6 2 0 3 1 
6 0 3 0 0 4 8 0 9 
0 3 5 8 0 9 0 6 0 
0 8 0 0 0 0 0 7 0 
0 2 0 7 0 3 9 8 0 
5 0 4 2 0 0 3 0 7 
3 1 0 9 5 7 0 4 2 
2 7 9 0 0 0 5 1 8 

6 10
0 8 5 0 4 1 2 3 0 
3 0 4 6 0 8 9 0 1 
9 6 0 7 0 2 0 8 5 
0 3 6 1 0 0 7 5 0 
5 0 0 0 6 0 0 0 9 
0 4 9 0 0 7 1 6 0 
1 5 0 2 0 4 0 9 8 
6 0 2 8 0 5 3 0 7 
0 7 8 3 9 0 5 1 0 

6 11
0 3 9 2 0 6 5 8 0 
0 0 7 4 0 5 1 0 0 
5 6 4 0 8 0 7 3 2 
0 9 8 3 0 4 2 7 0 
0 0 3 0 6 0 8 0 0 
0 5 2 8 0 1 4 6 0 
9 4 5 0 2 0 3 1 7 
0 0 6 5 0 7 9 0 0 
0 7 1 9 0 3 6 2 0 

6 12
7 2 0 0 0 3 6 5 0 
3 0 5 9 0 2 4 0 1 
0 4 8 0 1 6 0 2 0 
4 5 0 0 3 0 8 9 0 
8 0 9 6 0 7 2 0 4 
0 1 7 0 8 0 0 3 6 
0 9 0 7 6 0 1 4 0 
1 0 4 3 0 5 9 0 8 
0 8 2 1 0 0 0 7 5 

6 13
2 8 0 9 7 3 0 6 4 
6 0 5 0 2 0 9 0 1 
0 4 9 0 6 1 3 0 0 
8 0 6 1 0 7 2 0 5 
0 5 0 0 9 0 0 8 0 
3 0 2 8 0 6 4 0 7 
0 0 4 2 8 0 7 1 0 
1 0 8 0 3 0 6 0 9 
9 7 0 6 1 5 0 4 2 

6 14
0 8 2 5 4 7 0 3 0 
4 9 7 0 8 0 5 6 0 
0 1 0 6 0 2 4 0 7 
9 0 4 0 1 0 3 0 6 
0 5 0 7 0 6 0 9 0 
2 0 1 0 3 0 8 0 5 
8 0 5 9 0 1 0 4 0 
0 3 9 0 5 0 6 1 8 
0 4 0 3 7 8 2 5 0 

6 15
5 0 0 3 9 4 2 6 0 
9 8 0 0 2 0 7 0 1 
6 2 4 7 0 1 0 3 9 
0 3 5 0 7 2 0 8 0 
0 0 0 1 4 8 0 0 0 
0 7 0 9 5 0 1 2 0 
8 5 0 4 0 9 6 7 3 
3 0 9 0 6 0 0 1 5 
0 6 1 8 3 5 0 0 2 

6 16
3 6 8 0 9 2 5 0 0 
4 0 9 0 3 5 0 0 1 
2 1 0 7 8 4 0 6 9 
0 3 6 0 0 8 7 0 2 
0 4 0 0 0 0 0 5 0 
5 0 7 3 0 0 4 9 0 
7 9 0 5 1 3 0 4 6 
6 0 0 9 2 0 1 0 5 
0 0 3 8 4 0 9 2 7 

6 17
0 5 4 6 0 2 0 9 7 
0 6 9 4 3 0 0 8 2 
2 0 7 0 1 9 4 0 3 
8 4 0 0 7 5 2 3 0 
0 0 3 9 0 6 8 0 1 
9 1 0 0 4 8 7 5 0 
7 0 1 0 9 4 6 0 5 
0 9 8 2 5 0 0 7 4 
0 2 5 7 0 3 0 1 8 

6 18
9 6 8 2 0 3 7 5 4 
0 0 4 0 5 0 2 0 0 
5 7 0 9 6 4 0 1 8 
2 5 6 0 8 0 4 7 9 
7 0 0 4 0 6 0 0 1 
1 4 3 0 9 0 8 6 2 
4 9 0 1 7 2 0 8 3 
0 0 1 0 3 0 9 0 0 
6 3 7 8 0 9 1 2 5 

6 19
4 0 5 2 0 8 3 7 6 
0 8 7 0 6 9 4 0 1 
0 2 0 4 7 3 0 0 8 
5 0 9 0 8 0 2 6 0 
6 3 0 1 0 7 9 4 5 
7 0 2 0 5 0 1 8 0 
0 5 0 7 9 2 0 0 4 
0 6 4 0 3 5 7 0 9 
9 0 3 6 0 1 8 5 2 

6 20
4 0 8 1 5 6 2 0 9 
2 7 0 4 0 9 0 6 3 
6 0 5 0 3 0 4 0 1 
0 5 3 6 0 4 9 1 0 
1 6 0 9 7 8 0 2 5 
0 2 9 5 0 3 7 4 0 
3 0 7 0 9 0 6 0 4 
9 8 0 7 0 5 0 3 2 
5 0 2 3 6 1 8 0 7 

6 21
9 4 0 0 6 0 0 8 7 
5 2 1 0 7 0 6 4 3 
7 6 0 4 3 2 0 9 1 
6 0 9 7 0 3 8 0 4 
0 3 5 0 8 0 9 7 0 
8 0 2 9 0 4 1 0 6 
2 8 0 5 1 7 0 6 9 
0 5 7 0 9 0 4 2 0 
3 0 0 2 0 8 0 0 5 

6 22
1 0 2 3 9 4 6 0 0 
5 0 0 2 0 8 7 4 0 
9 8 0 5 0 0 1 2 3 
0 5 9 4 7 0 8 0 1 
0 0 7 8 5 6 9 0 0 
0 2 6 1 3 0 4 0 5 
2 4 0 7 0 0 5 9 6 
6 0 0 9 0 1 2 8 0 
7 0 8 6 2 5 3 0 0 

6 23
4 0 0 9 7 8 0 0 6 
5 0 9 0 3 0 8 0 4 
0 7 6 0 5 0 2 3 0 
6 5 0 1 4 7 0 9 2 
9 0 1 3 2 5 7 0 8 
3 2 0 6 8 9 0 5 1 
0 8 3 0 6 0 9 2 0 
2 0 5 0 1 0 6 0 7 
7 0 0 5 9 2 0 0 3 

6 24
8 9 4 3 0 5 6 1 2 
0 5 6 0 4 0 8 9 0 
1 0 7 9 0 6 3 0 5 
4 3 0 6 5 8 0 7 1 
2 0 5 7 0 9 4 0 8 
7 0 0 4 0 3 0 0 6 
6 7 0 0 9 0 0 8 3 
0 0 0 2 3 7 0 0 0 
5 4 3 8 0 1 7 2 9 

6 25
4 6 0 8 1 2 0 7 9 
5 0 8 6 0 7 3 0 4 
0 9 0 5 4 3 0 6 0 
0 1 5 0 3 0 6 9 0 
2 3 0 9 7 6 0 8 5 
0 7 9 0 8 0 4 2 0 
0 5 0 4 6 9 0 3 0 
9 0 2 3 0 1 7 0 6 
3 4 0 7 2 8 0 5 1 

6 26
4 0 8 5 0 6 9 0 1 
0 0 2 0 8 0 6 0 0 
0 6 5 3 0 9 2 4 0 
2 0 3 4 0 8 7 0 6 
5 1 0 7 9 3 0 8 2 
0 4 7 0 6 0 5 3 0 
7 0 9 8 0 2 1 0 4 
3 2 0 6 1 7 0 9 5 
6 8 1 0 4 0 3 2 7 

6 27
2 4 0 0 5 8 0 7 9 
8 0 7 6 2 0 3 0 4 
1 6 0 4 0 3 5 8 0 
0 8 6 0 1 7 9 4 0 
9 0 2 5 8 0 0 0 6 
0 7 5 0 3 6 8 2 0 
7 9 0 3 0 2 1 5 0 
6 0 1 8 4 0 2 0 7 
5 2 0 0 9 1 0 6 3 

6 28
8 4 0 9 0 7 6 0 1 
2 0 5 3 4 0 9 7 0 
0 6 7 5 0 1 3 0 2 
0 2 6 0 9 3 0 1 5 
4 0 9 7 0 8 2 0 0 
0 3 8 0 6 5 0 9 7 
0 9 1 6 0 2 7 0 4 
3 0 2 8 5 0 1 6 0 
6 8 0 1 0 9 5 0 3 

6 29
5 6 0 0 8 0 0 4 7 
8 4 0 2 0 7 0 9 3 
2 0 7 4 3 5 1 0 6 
3 7 9 0 5 0 4 1 2 
4 0 6 0 7 0 8 0 9 
1 0 2 3 0 9 7 0 5 
0 2 0 8 9 6 0 5 0 
9 3 0 0 1 0 0 2 8 
6 0 8 5 0 3 9 0 4 

6 30
0 7 2 0 9 0 4 5 0 
6 4 9 0 1 0 8 3 2 
5 0 0 4 6 2 0 0 7 
8 9 0 5 4 3 0 7 1 
0 5 7 0 0 0 9 8 0 
3 2 0 8 7 9 0 6 4 
9 0 0 2 3 6 0 0 8 
2 6 4 0 8 0 3 1 5 
0 8 3 0 5 0 6 2 0 

6 31
4 0 7 3 8 9 0 0 0 
5 0 8 0 2 0 4 9 1 
6 9 0 1 0 5 3 7 0 
0 2 3 9 6 8 7 0 5 
7 4 0 0 5 0 0 8 9 
8 0 9 4 1 7 6 2 0 
0 8 5 6 0 1 0 3 4 
3 6 1 0 9 0 2 0 7 
0 0 0 5 3 2 8 0 6 

6 32
6 0 7 0 8 0 9 4 0 
4 2 1 0 5 0 3 7 8 
0 9 5 3 0 4 1 0 6 
0 7 3 5 0 1 4 0 9 
9 0 8 0 0 0 7 6 0 
0 6 4 7 0 8 2 0 3 
0 4 9 8 0 5 6 0 2 
3 8 6 0 2 0 5 1 7 
5 0 2 0 3 0 8 9 0 

6 33
9 0 7 0 5 2 0 8 4 
4 0 6 0 7 3 0 0 2 
8 5 0 9 4 1 0 3 0 
0 0 3 1 6 7 9 4 0 
6 4 0 3 0 0 7 5 1 
0 0 1 4 8 5 2 6 0 
1 8 0 2 9 6 0 7 0 
2 0 5 0 3 4 0 0 9 
3 0 9 0 1 8 0 2 6 

6 34
0 1 9 6 0 4 8 0 5 
4 0 7 0 0 5 3 0 0 
6 8 0 9 0 7 2 0 4 
7 6 2 0 9 1 0 4 8 
5 4 1 0 8 0 6 9 3 
9 3 0 4 5 0 7 2 1 
2 0 3 1 0 9 0 8 7 
0 0 6 5 0 0 9 0 2 
8 0 4 2 0 3 1 5 0 

6 35
6 7 0 9 5 8 0 1 4 
5 0 2 1 0 4 3 0 6 
1 8 0 3 0 2 0 5 7 
8 0 6 4 0 5 7 0 9 
0 2 9 0 8 0 1 4 0 
3 0 5 7 0 9 8 0 2 
2 5 0 8 0 6 0 9 1 
4 0 1 5 0 7 6 0 8 
9 6 0 2 4 1 0 7 3 

6 36
8 0 1 0 6 0 3 0 4 
5 0 0 9 4 1 0 0 2 
4 6 0 2 3 8 0 7 5 
3 0 8 6 0 9 2 0 1 
0 0 6 4 0 5 8 0 0 
7 4 2 0 0 0 5 6 9 
0 8 0 7 9 2 0 5 0 
2 0 4 3 5 6 9 0 8 
6 9 5 0 1 0 7 2 3 

6 37
0 0 9 4 8 5 6 0 0 
8 1 0 7 6 9 0 3 2 
6 5 0 1 3 2 0 4 8 
0 0 6 0 7 0 2 0 0 
7 0 3 8 0 1 4 0 5 
0 0 1 0 9 0 7 0 0 
9 3 0 2 4 7 0 5 6 
4 7 0 6 1 8 0 2 9 
0 0 2 9 5 3 8 0 0 

6 38
0 0 8 4 6 2 9 0 0 
2 9 0 1 3 7 0 6 4 
4 6 7 0 5 0 2 3 1 
0 8 0 7 0 4 0 9 0 
7 0 3 9 1 6 4 0 8 
0 4 0 5 0 3 0 7 0 
5 7 9 0 4 0 6 8 3 
8 3 0 6 9 5 0 1 2 
0 0 6 3 7 8 5 0 0 

6 39
0 7 0 6 8 0 4 3 0 
8 2 0 9 0 4 5 0 6 
4 5 6 0 2 7 0 1 9 
0 8 7 0 6 0 0 4 5 
3 0 4 5 9 8 1 0 7 
2 1 0 0 7 0 6 9 0 
7 4 0 8 5 0 2 6 3 
5 0 2 7 0 6 0 8 1 
0 9 8 0 3 2 0 5 0 

6 40
4 0 8 9 7 5 0 6 1 
6 0 0 4 2 0 7 0 9 
2 9 0 0 3 1 4 8 0 
0 5 2 8 0 7 0 0 6 
7 0 3 0 4 0 1 9 8 
0 4 1 3 0 6 0 0 2 
3 8 0 0 5 9 6 2 0 
5 0 0 7 6 0 8 0 3 
1 0 6 2 8 3 0 5 4 

6 41
0 4 3 7 2 1 6 9 0 
2 0 9 0 5 0 1 0 4 
0 7 6 9 0 8 2 5 0 
9 0 4 0 3 0 8 0 7 
8 3 0 6 7 4 0 1 5 
6 0 7 0 1 0 3 0 2 
0 6 8 2 0 5 4 3 0 
3 0 1 0 6 0 5 0 9 
0 9 5 1 8 3 7 2 0 

6 42
6 0 0 4 3 8 0 0 7 
7 4 2 0 5 0 8 9 3 
5 0 8 9 0 2 6 0 4 
3 0 6 0 4 0 7 0 9 
2 8 0 7 9 6 0 4 1 
4 0 9 0 8 0 5 0 2 
1 0 7 5 0 9 4 0 8 
9 6 3 0 2 0 1 7 5 
8 0 0 3 1 7 0 0 6 

6 43
7 0 3 2 9 1 6 0 8 
0 8 0 5 3 6 0 4 0 
6 1 5 0 8 0 9 2 3 
3 9 0 0 4 0 0 8 2 
4 0 7 9 0 8 5 0 1 
5 2 0 0 7 0 0 9 6 
8 7 4 0 6 0 2 1 5 
0 3 0 4 5 2 0 7 0 
9 0 2 8 1 7 3 0 4 

6 44
8 4 6 0 0 0 2 1 7 
0 9 0 8 2 1 0 5 0 
5 0 1 7 0 4 9 0 3 
6 3 5 0 8 0 1 7 9 
4 7 0 1 9 5 0 6 2 
2 1 9 0 7 0 5 4 8 
9 0 3 5 0 7 8 0 4 
0 8 0 2 3 6 0 9 0 
7 5 2 0 0 0 6 3 1 

6 45
0 0 8 6 2 4 9 0 0 
4 0 2 9 0 7 5 0 3 
7 9 6 0 0 0 4 2 8 
3 4 0 8 7 1 0 5 6 
6 0 0 4 9 2 0 0 1 
8 2 0 5 6 3 0 9 4 
1 8 7 0 0 0 6 3 5 
9 0 4 3 0 6 8 0 2 
0 0 3 7 5 8 1 0 0 

6 46
6 1 5 4 0 9 3 2 8 
0 8 4 0 5 0 6 9 0 
0 3 0 1 8 6 0 4 0 
5 0 8 0 1 0 7 0 2 
0 7 3 6 0 8 9 5 0 
9 0 2 0 3 0 1 0 6 
0 2 0 7 9 3 0 6 0 
0 5 6 0 4 0 8 7 0 
4 9 7 8 0 5 2 1 3 

6 47
0 6 4 8 0 2 1 5 0 
0 0 8 0 7 0 4 0 0 
7 5 0 4 9 6 0 3 2 
4 1 3 6 0 8 7 9 5 
0 0 9 3 4 7 2 0 0 
6 7 0 0 5 0 0 8 4 
3 9 6 0 1 0 5 2 8 
8 0 5 2 0 3 9 0 1 
0 2 7 9 0 5 6 4 0 

6 48
5 4 0 0 2 0 0 6 8 
7 0 1 3 0 9 5 0 2 
8 2 9 6 0 4 7 1 3 
0 3 5 0 6 0 2 7 0 
2 0 0 5 9 7 0 0 6 
0 8 7 0 1 0 4 9 0 
1 5 2 9 0 6 8 3 7 
3 0 6 8 0 5 1 0 4 
4 7 0 0 3 0 0 5 9 

6 49
8 6 7 0 0 0 1 4 3 
0 2 9 4 1 3 6 7 0 
4 0 0 6 8 7 0 0 9 
0 5 2 0 6 0 9 3 0 
3 4 8 7 0 9 5 6 1 
0 9 1 0 5 0 8 2 0 
9 0 0 5 7 6 0 0 2 
0 7 5 8 3 2 4 9 0 
2 3 6 0 0 0 7 8 5 

6 50
0 1 6 4 0 5 9 2 0 
2 7 0 9 6 1 0 3 5 
0 8 9 7 0 3 4 6 0 
7 0 5 0 3 0 2 0 8 
0 6 0 5 7 8 0 9 0 
8 0 1 0 4 0 7 0 6 
0 4 3 8 0 7 5 1 0 
9 5 0 3 1 2 0 8 4 
0 2 8 6 0 4 3 7 0 

7 1
0 9 3 0 5 0 2 0 6 
5 4 6 1 7 2 0 8 0 
0 8 0 9 0 6 5 0 7 
4 3 1 7 0 8 9 2 5 
6 0 0 3 2 1 0 0 4 
8 2 7 5 0 9 1 6 3 
9 0 8 4 0 5 0 3 0 
0 7 0 6 8 3 4 9 1 
3 0 4 0 9 0 6 5 0 

7 2
1 0 0 3 4 9 0 0 5 
0 5 3 7 0 8 2 4 0 
8 0 9 0 6 0 1 0 3 
4 8 0 9 0 7 0 3 6 
3 7 6 5 8 4 9 2 1 
2 9 0 6 0 1 0 8 7 
5 0 4 0 7 0 6 0 2 
0 6 8 1 0 2 3 5 0 
9 0 0 4 5 6 0 0 8 

7 3
6 0 5 4 7 9 8 0 1 
7 1 0 6 2 3 0 9 4 
3 0 9 0 0 0 2 0 7 
0 9 0 5 6 7 0 8 0 
8 7 3 1 0 2 4 5 6 
0 5 0 3 8 4 0 2 0 
2 0 7 0 0 0 6 0 8 
5 6 0 7 3 8 0 4 2 
9 0 4 2 1 6 3 0 5 

7 4
7 6 0 4 9 8 0 1 2 
4 0 9 0 5 0 8 0 6 
0 5 2 6 0 3 7 9 0 
6 0 7 9 2 1 4 0 5 
0 8 0 5 0 7 0 2 0 
9 0 5 8 4 6 3 0 1 
0 7 1 3 0 5 9 4 0 
3 0 6 0 8 0 2 0 7 
5 4 0 2 7 9 0 6 3 

7 5
0 6 0 0 5 0 0 7 0 
2 4 0 8 9 7 0 6 3 
8 0 5 3 0 4 2 0 1 
5 8 4 0 3 0 7 1 9 
6 2 0 5 7 1 0 4 8 
1 3 7 0 4 0 6 2 5 
3 0 6 7 0 9 4 0 2 
4 1 0 6 8 5 0 3 7 
0 9 0 0 2 0 0 5 0 

7 6
7 6 4 9 3 0 8 1 0 
3 1 5 0 8 0 9 2 7 
2 9 0 0 7 5 0 4 0 
0 0 6 3 0 0 0 7 0 
9 4 7 8 5 6 1 3 2 
0 8 0 0 0 7 6 0 0 
0 5 0 2 4 0 0 9 3 
8 7 9 0 1 0 2 6 4 
0 3 2 0 6 9 5 8 1 

7 7
0 1 3 0 5 0 6 9 0 
0 7 0 8 4 6 0 3 0 
5 0 4 9 1 3 8 0 2 
1 8 0 4 7 2 0 6 9 
4 2 9 0 6 0 7 5 1 
7 3 0 5 9 1 0 2 8 
6 0 7 1 2 4 9 0 3 
0 9 0 6 8 5 0 4 0 
0 4 8 0 3 0 5 1 0 

7 8
0 6 0 8 7 2 0 3 0 
9 7 2 1 0 5 6 4 8 
5 0 0 9 0 4 7 0 2 
0 1 6 0 5 9 3 8 0 
7 3 0 6 2 8 0 5 9 
0 9 5 3 1 0 4 2 0 
3 0 9 7 0 1 0 0 4 
6 4 8 2 0 3 5 7 1 
0 2 0 5 4 6 0 9 0 

7 9
0 7 5 9 0 3 8 6 0 
8 0 4 5 2 6 1 0 0 
9 0 0 0 4 0 0 5 2 
1 9 3 2 7 4 5 0 6 
4 8 0 3 0 5 0 1 7 
6 0 7 1 9 8 4 2 3 
3 6 0 0 5 0 0 0 8 
0 0 9 6 8 2 7 0 1 
0 2 8 4 0 1 6 9 0 

7 10
6 3 0 7 8 0 2 0 0 
0 9 0 4 5 1 7 6 3 
4 0 5 6 0 3 0 8 0 
5 4 0 3 9 7 0 2 1 
7 2 8 0 1 0 3 9 6 
9 1 0 2 6 8 0 5 7 
0 6 0 1 0 5 9 0 8 
3 8 7 9 4 6 0 1 0 
0 0 9 0 3 2 0 7 4 

7 11
0 9 0 8 5 6 4 3 1 
5 6 4 3 0 1 2 7 0 
0 0 8 7 2 4 0 5 6 
8 0 9 0 6 0 7 0 3 
0 7 0 5 0 9 0 4 0 
4 0 2 0 8 0 5 0 9 
7 8 0 9 1 3 6 0 0 
0 4 3 2 0 8 1 9 5 
9 2 1 6 4 5 0 8 0 

7 12
0 0 7 2 4 9 6 0 0 
0 6 0 5 3 8 1 9 0 
5 9 8 0 1 7 2 0 4 
6 4 5 7 0 3 0 1 2 
0 0 9 1 6 5 8 0 0 
3 8 0 4 0 2 7 6 5 
2 0 6 8 5 0 3 7 9 
0 7 4 3 2 1 0 8 0 
0 0 3 9 7 6 4 0 0 

7 13
9 1 0 8 6 2 5 0 7 
6 7 0 3 0 5 8 0 9 
8 4 0 1 0 7 2 0 3 
0 9 6 0 0 0 1 8 0 
0 0 0 9 5 3 0 0 0 
0 5 7 0 0 0 3 9 0 
5 0 4 7 0 8 0 2 1 
2 0 9 5 0 6 0 3 4 
7 0 1 4 2 9 0 5 8 

7 14
2 1 0 5 6 7 0 3 4 
4 6 9 8 0 3 5 1 7 
0 5 3 0 0 0 2 8 0 
9 0 6 7 0 1 3 0 8 
5 0 7 0 8 0 4 0 1 
8 0 1 9 0 5 6 0 2 
0 8 5 0 0 0 7 4 0 
3 7 4 6 0 8 1 2 9 
1 9 0 3 7 4 0 6 5 

7 15
5 3 0 2 0 6 0 1 9 
9 4 6 5 1 8 2 3 7 
0 7 0 0 4 0 0 8 0 
3 8 9 1 0 2 6 0 4 
0 0 1 0 6 0 3 0 0 
4 0 5 7 0 9 8 2 1 
0 5 0 0 9 0 0 6 0 
8 9 7 6 2 5 1 4 3 
6 1 0 4 0 7 0 5 2 

7 16
0 6 0 9 0 5 0 8 0 
5 3 8 2 7 4 6 1 9 
0 9 0 3 6 8 0 4 0 
7 0 1 6 0 3 9 0 4 
0 2 3 0 5 0 8 6 0 
6 0 4 1 0 2 3 0 5 
0 7 0 8 2 1 0 9 0 
8 1 9 5 4 6 7 3 2 
0 4 0 7 0 9 0 5 0 

7 17
2 5 0 1 9 0 0 6 8 
4 0 6 5 8 2 1 0 3 
0 8 9 0 0 0 7 5 0 
8 6 0 9 7 5 0 3 1 
3 1 0 8 0 4 0 7 9 
9 2 0 6 3 1 0 8 4 
0 3 2 0 0 0 9 4 0 
5 0 8 2 4 6 3 0 7 
7 4 0 0 5 9 0 2 6 

7 18
0 4 0 5 0 3 0 7 0 
1 0 3 0 7 0 4 0 9 
0 9 5 6 4 1 3 2 8 
4 0 7 9 8 2 1 0 6 
0 2 6 1 5 4 8 9 0 
8 0 9 3 6 7 2 0 5 
6 7 1 4 2 9 5 8 0 
5 0 4 0 3 0 9 0 2 
0 3 0 8 0 5 0 6 0 

7 19
0 4 6 5 0 7 9 2 0 
0 3 5 0 9 0 4 8 0 
9 2 1 3 0 8 6 5 7 
4 0 9 0 8 0 3 0 2 
5 8 0 4 7 2 0 9 6 
2 0 7 0 6 0 8 0 5 
3 9 2 8 0 1 7 6 4 
0 5 8 0 3 0 2 1 0 
0 7 4 6 0 9 5 3 0 

7 20
0 8 9 0 0 0 0 3 0 
1 6 2 5 3 7 9 8 4 
7 4 0 8 0 9 0 6 2 
0 7 8 4 5 2 6 1 0 
0 0 5 9 0 3 2 0 0 
0 3 6 1 7 8 4 9 0 
3 5 0 6 0 4 0 2 1 
8 9 4 7 2 1 3 5 6 
0 2 0 0 0 0 7 4 0 

7 21
2 8 6 0 3 0 4 0 7 
1 0 4 0 5 0 9 2 6 
0 0 5 0 6 0 8 3 1 
4 5 0 1 7 3 0 6 9 
0 2 7 0 9 0 1 8 0 
6 9 0 4 8 2 0 7 3 
7 4 9 0 2 0 3 0 0 
8 1 3 0 4 0 6 0 2 
5 0 2 0 1 0 7 4 8 

7 22
0 5 8 2 0 9 3 7 0 
9 0 3 1 6 8 0 5 4 
2 4 0 7 0 0 0 0 6 
5 0 9 0 0 7 4 3 8 
0 8 0 0 9 0 0 2 0 
3 2 4 8 0 0 7 0 9 
8 0 0 0 0 6 0 4 7 
1 9 0 4 7 2 6 0 3 
0 6 7 9 0 3 5 1 0 

7 23
8 9 6 0 0 0 5 3 2 
5 0 0 6 3 0 0 7 9 
7 0 4 9 2 5 8 6 1 
0 0 7 0 8 6 1 2 0 
0 8 5 7 1 2 9 4 0 
0 2 1 5 4 0 3 0 0 
1 7 9 8 6 3 2 0 4 
4 5 0 0 9 7 0 0 8 
2 6 8 0 0 0 7 9 3 

7 24
2 0 7 1 9 0 0 4 6 
3 6 0 7 0 5 8 9 0 
0 1 5 0 8 6 0 3 2 
0 9 0 6 4 8 3 2 0 
7 0 8 0 1 0 6 0 4 
0 4 2 3 5 7 0 1 0 
8 2 0 9 3 0 4 7 0 
0 5 9 8 0 4 0 6 3 
4 7 0 0 6 2 1 0 9 

7 25
6 0 1 3 9 0 8 2 7 
2 9 0 0 0 8 4 0 0 
3 8 4 1 2 7 6 0 5 
9 0 3 4 8 0 7 0 2 
0 6 0 0 3 0 0 5 0 
8 0 5 0 6 1 3 0 9 
7 0 6 5 4 2 9 8 1 
0 0 8 9 0 0 0 3 4 
5 4 9 0 1 3 2 0 6 

7 26
0 6 0 8 0 9 0 7 0 
7 9 1 2 5 3 6 8 4 
0 3 8 0 7 0 9 2 0 
3 7 0 9 0 5 0 1 6 
0 2 6 4 1 7 5 3 0 
9 1 0 6 0 8 0 4 2 
0 4 3 0 9 0 1 5 0 
2 8 7 5 6 1 4 9 3 
0 5 0 3 0 4 0 6 0 

7 27
9 5 2 0 3 0 1 8 7 
6 0 8 0 7 0 9 0 5 
4 1 0 0 9 8 0 6 2 
0 0 0 6 5 7 4 0 0 
7 4 6 8 0 1 5 9 3 
0 0 5 3 4 9 0 0 0 
5 7 0 2 6 0 0 3 1 
8 0 4 0 1 0 2 0 9 
3 2 1 0 8 0 6 7 4 

7 28
3 8 5 4 0 6 2 7 1 
4 0 9 0 7 0 8 0 6 
0 0 2 5 8 1 3 0 9 
9 5 1 7 0 4 0 0 0 
2 7 8 0 6 0 5 3 4 
0 0 0 2 0 8 1 9 7 
1 0 7 6 4 5 9 0 0 
5 0 6 0 2 0 4 0 3 
8 2 4 9 0 3 7 6 5 

7 29
1 4 2 0 9 0 7 5 8 
6 0 0 0 7 4 0 0 2 
9 3 7 0 0 8 0 1 4 
7 1 5 0 4 3 0 2 6 
8 0 9 0 2 0 3 0 5 
3 2 0 8 6 0 1 9 7 
2 7 0 5 0 0 4 6 1 
4 0 0 6 3 0 0 0 9 
5 9 6 0 1 0 2 8 3 

7 30
4 2 5 1 3 0 6 9 8 
6 8 0 5 0 0 7 0 3 
0 0 0 6 0 8 4 5 1 
9 0 3 0 1 0 2 0 0 
5 0 0 4 7 6 0 0 9 
0 0 7 0 9 0 5 0 6 
2 9 8 3 0 4 0 0 0 
3 0 6 0 0 1 0 4 2 
1 7 4 0 6 2 3 8 5 

7 31
4 8 3 0 9 0 1 6 7 
2 0 0 8 0 7 0 0 9 
0 0 5 3 0 6 4 8 2 
0 9 6 1 7 8 2 4 0 
8 0 7 0 5 0 6 0 3 
0 5 4 6 3 2 7 9 0 
7 3 9 5 0 1 8 0 0 
5 0 0 4 0 3 0 0 6 
6 4 2 0 8 0 3 5 1 

7 32
5 6 2 0 4 0 7 9 3 
8 0 0 6 7 2 0 0 1 
7 0 0 3 9 0 8 0 6 
3 9 5 0 2 4 1 6 7 
0 0 8 0 3 0 5 0 0 
4 7 1 5 6 0 3 8 2 
9 0 7 0 8 3 0 0 5 
2 0 0 4 1 6 0 0 8 
1 8 6 0 5 0 2 3 4 

7 33
0 0 7 3 4 6 5 8 0 
5 2 0 7 1 8 9 4 0 
3 4 0 2 0 9 6 0 7 
8 0 0 0 3 0 0 0 9 
9 0 2 5 8 7 4 0 1 
4 0 0 0 6 0 0 0 5 
2 8 0 6 0 5 3 0 4 
6 5 0 1 9 3 7 2 0 
0 0 9 8 2 4 1 5 0 

7 34
0 0 9 4 0 2 5 0 0 
2 5 0 0 9 0 0 3 4 
6 8 0 3 1 5 0 9 7 
7 0 5 9 8 3 6 0 1 
0 0 3 1 6 7 4 0 0 
1 0 8 5 2 4 3 0 9 
5 3 0 7 4 9 0 6 2 
8 7 0 0 3 0 0 4 5 
0 0 2 6 0 8 7 0 0 

7 35
1 4 6 0 3 0 5 8 2 
9 0 8 1 2 6 4 0 7 
0 7 0 0 5 0 0 9 0 
4 2 0 3 6 1 0 5 9 
5 6 0 0 0 0 0 7 3 
0 0 9 5 0 2 6 0 0 
8 3 0 6 0 9 0 4 5 
6 9 4 7 0 5 3 2 1 
7 0 0 2 4 3 0 0 8 

7 36
3 4 0 2 6 1 0 7 5 
2 0 7 0 0 0 9 0 6 
1 8 0 5 9 7 0 4 3 
0 6 5 0 0 3 1 8 0 
8 0 1 0 0 6 4 0 2 
0 3 2 0 0 4 5 6 0 
6 2 0 8 4 5 0 9 1 
5 0 8 0 0 0 3 0 4 
9 7 0 3 1 2 0 5 8 

7 37
6 9 2 0 5 0 8 3 4 
0 0 0 2 0 4 0 0 7 
0 4 8 9 6 3 0 1 5 
8 7 5 0 9 0 3 6 0 
0 2 0 0 7 6 5 0 1 
3 6 1 0 2 0 7 4 0 
0 3 6 7 1 2 0 5 8 
0 0 0 5 0 9 0 0 6 
5 1 7 0 4 0 9 2 3 

7 38
2 1 7 0 0 0 8 9 6 
4 0 6 9 7 2 5 0 3 
9 0 5 0 8 0 4 0 7 
0 2 3 1 0 4 7 8 0 
8 0 4 3 0 5 2 0 1 
0 0 9 8 0 7 3 0 0 
6 9 0 0 3 0 0 4 5 
7 4 0 0 5 0 0 3 8 
3 0 8 4 1 6 9 0 2 

7 39
7 0 0 0 1 4 5 3 8 
6 4 0 0 8 0 0 0 2 
0 5 3 0 0 2 0 1 4 
0 6 7 8 4 9 0 5 1 
0 2 8 3 5 1 4 7 0 
5 1 0 2 6 7 3 8 0 
1 8 0 7 0 0 9 4 0 
2 0 0 0 3 0 0 6 5 
4 3 6 1 9 0 0 0 7 

7 40
7 2 0 8 0 9 0 6 4 
0 0 4 2 0 6 9 0 0 
3 9 0 0 4 0 0 8 5 
0 8 9 5 1 3 6 4 0 
1 6 7 0 9 0 5 3 2 
0 3 5 7 6 2 8 1 0 
5 7 0 0 8 0 0 9 3 
0 0 8 3 0 4 7 0 0 
6 4 0 9 0 5 0 2 8 

7 41
0 8 5 6 9 1 7 2 0 
4 0 0 2 7 8 0 0 1 
0 2 1 5 3 4 9 6 0 
9 0 0 0 6 0 0 0 5 
6 5 0 8 0 9 0 7 3 
1 0 0 0 5 0 0 0 2 
0 1 3 7 4 6 2 8 0 
2 0 0 1 8 3 0 0 6 
0 6 4 9 2 5 1 3 0 

7 42
9 2 1 0 4 0 8 3 6 
7 0 4 8 3 1 2 0 5 
3 0 5 2 6 9 4 0 7 
2 0 0 4 0 6 0 0 1 
6 1 0 0 0 0 0 2 4 
0 9 8 1 2 7 5 6 0 
0 4 0 9 1 8 0 7 0 
0 0 9 3 5 2 6 0 0 
8 3 0 0 7 0 0 5 9 

7 43
2 3 7 0 0 0 9 8 5 
1 0 0 7 8 9 0 0 2 
9 4 0 0 2 0 0 7 1 
0 9 1 2 0 6 8 3 0 
0 6 5 3 4 7 2 1 0 
0 2 4 8 0 1 5 6 0 
5 8 0 0 1 0 0 9 6 
4 0 0 6 3 5 0 0 8 
6 1 2 0 0 0 4 5 3 

7 44
5 0 3 0 0 0 1 0 4 
0 4 9 6 0 7 2 5 0 
2 0 7 3 4 5 9 0 8 
0 9 8 1 0 2 7 3 0 
0 0 2 8 6 3 4 0 0 
0 5 6 7 0 4 8 2 0 
9 0 5 4 7 1 6 0 2 
0 2 4 9 0 8 5 1 0 
7 0 1 0 0 0 3 0 9 

7 45
3 1 2 0 0 0 9 8 7 
6 5 0 8 9 0 0 4 2 
4 0 0 7 1 2 0 0 5 
2 7 0 4 0 9 0 5 8 
0 6 9 0 8 0 7 3 0 
8 3 0 6 0 7 0 1 9 
7 0 0 1 4 5 0 0 6 
1 4 0 9 2 0 0 7 3 
9 8 5 0 0 0 4 2 1 

7 46
8 0 2 1 9 6 5 4 0 
0 6 0 5 0 0 0 3 8 
5 0 0 7 0 8 0 2 9 
2 8 0 4 0 0 0 6 5 
4 1 5 6 7 3 9 8 2 
3 9 0 0 0 5 0 1 4 
1 7 0 9 0 4 0 0 3 
6 2 0 0 0 7 0 9 0 
0 5 3 8 2 1 4 0 6 

7 47
3 0 0 7 6 8 5 0 0 
7 0 1 2 4 0 0 0 0 
5 4 8 0 0 9 7 6 2 
0 3 7 0 0 2 1 9 6 
1 8 9 6 3 0 2 5 0 
0 2 5 0 0 1 4 3 8 
2 5 6 0 0 3 9 7 1 
8 0 4 5 9 0 0 0 0 
9 0 0 1 2 6 8 0 0 

7 48
4 6 0 0 5 0 1 7 8 
3 5 8 0 1 7 0 2 9 
2 1 0 0 0 9 3 0 0 
5 2 4 0 6 0 0 9 0 
8 7 1 0 3 0 2 4 6 
0 9 0 0 4 0 5 8 1 
0 0 6 5 0 0 0 1 4 
1 8 0 3 9 0 6 5 7 
9 4 5 0 7 0 0 3 2 

7 49
6 5 0 0 4 0 3 0 8 
4 0 1 2 0 7 0 5 6 
0 7 8 6 0 0 1 2 4 
5 4 9 0 6 0 0 3 1 
2 0 3 0 7 0 4 0 5 
8 1 0 0 3 0 6 9 2 
1 9 5 0 0 6 8 4 0 
7 2 0 3 0 8 5 0 9 
3 0 6 0 9 0 0 1 7 

7 50
6 9 4 0 1 0 8 3 5 
7 8 0 0 5 0 0 2 9 
2 5 0 8 4 9 0 1 7 
3 0 9 4 0 8 2 0 6 
4 0 2 0 6 0 3 0 1 
8 6 0 2 3 1 0 7 4 
9 0 7 0 0 0 5 0 2 
0 0 8 6 9 7 1 0 0 
0 0 6 5 2 3 7 0 0 

8 1
6 1 0 2 0 8 0 7 5 
4 5 0 0 3 0 0 6 2 
9 7 0 6 0 1 0 4 8 
0 8 1 9 6 5 4 3 0 
0 0 6 0 2 0 5 0 0 
0 9 7 3 1 4 8 2 0 
1 2 0 5 0 6 0 8 3 
8 6 0 0 7 0 0 5 1 
7 3 0 1 0 2 0 9 4 

8 2
1 7 5 0 2 0 8 9 6 
2 9 3 0 0 0 4 1 5 
6 0 0 5 0 1 0 0 7 
9 0 2 7 3 6 5 0 1 
4 3 0 9 0 2 0 7 8 
0 6 7 1 4 8 3 2 0 
0 0 6 4 0 5 9 0 0 
0 5 0 8 0 9 0 6 0 
8 1 0 2 0 3 0 5 4 

8 3
2 1 9 8 0 6 0 0 0 
5 0 0 2 0 9 0 0 1 
0 7 0 5 3 0 4 0 2 
1 6 2 0 9 8 7 4 5 
0 0 7 4 1 2 3 8 6 
8 3 4 0 6 5 2 1 9 
0 2 0 9 8 0 1 0 3 
3 0 0 6 0 7 0 0 4 
4 9 5 1 0 3 0 0 0 

8 4
1 7 0 6 9 8 4 3 5 
5 3 0 0 2 4 1 6 9 
9 4 6 0 0 1 0 0 2 
0 9 0 3 0 0 2 0 8 
0 0 1 8 7 0 0 0 0 
0 2 0 1 0 0 6 0 7 
3 8 4 0 0 7 0 0 6 
2 5 0 0 6 3 8 7 1 
6 1 0 9 8 5 3 2 4 

8 5
2 0 0 0 6 0 0 0 7 
7 5 9 0 0 0 4 6 1 
1 6 4 0 7 0 8 2 3 
0 8 0 2 9 4 0 1 0 
5 4 2 6 1 7 9 3 8 
0 9 0 5 3 8 0 7 0 
4 2 3 0 8 0 7 5 6 
8 7 6 0 0 0 1 4 9 
9 0 0 0 4 0 0 0 2 

8 6
0 6 3 0 2 0 0 5 0 
1 0 2 5 9 6 0 0 3 
4 0 0 7 0 0 0 6 8 
6 1 9 2 0 5 4 3 7 
0 3 7 6 1 4 8 9 0 
8 2 4 9 0 3 6 1 5 
2 7 0 0 0 9 0 0 4 
3 0 0 8 6 2 5 0 9 
0 5 0 0 4 0 1 2 0 

8 7
0 0 4 3 6 5 9 0 0 
0 0 5 2 7 9 6 0 0 
2 9 0 1 8 0 0 7 3 
5 3 2 4 0 0 0 9 6 
8 6 1 0 5 0 4 2 7 
4 7 0 0 0 6 3 5 1 
9 4 0 0 3 2 0 6 5 
0 0 3 5 9 1 7 0 0 
0 0 7 6 4 8 2 0 0 

8 8
2 6 8 0 9 0 1 7 4 
7 1 3 0 6 0 8 9 5 
0 4 5 0 0 0 2 3 0 
6 0 9 8 0 5 7 0 1 
0 2 0 0 1 0 0 5 0 
1 0 7 3 0 9 4 0 8 
0 8 2 0 0 0 6 4 0 
5 7 6 0 8 0 3 1 9 
4 9 1 0 3 0 5 8 2 

8 9
8 0 6 5 7 3 1 0 2 
2 0 0 4 8 6 0 0 9 
0 7 4 0 9 0 6 8 0 
0 1 3 0 5 0 9 2 0 
7 5 9 0 3 0 4 6 1 
0 2 8 0 1 0 7 3 0 
0 6 2 0 4 0 8 5 0 
3 0 0 9 6 7 0 0 4 
1 0 7 8 2 5 3 0 6 

8 10
1 4 0 0 0 0 0 2 9 
9 7 0 5 6 2 0 4 3 
3 6 2 1 0 4 7 8 5 
0 0 0 9 0 8 0 0 0 
6 9 4 2 7 3 5 1 8 
0 0 0 6 0 5 0 0 0 
7 5 3 8 0 1 4 9 6 
4 8 0 7 5 9 0 3 1 
2 1 0 0 0 0 0 5 7 

8 11
7 8 0 0 6 1 9 2 0 
4 6 0 3 9 0 5 0 0 
3 0 2 7 5 8 0 0 0 
6 0 0 5 0 4 1 3 9 
5 0 9 1 2 6 8 0 4 
1 4 8 9 0 7 0 0 2 
0 0 0 8 1 3 2 0 5 
0 0 4 0 7 5 0 9 8 
0 5 3 2 4 0 0 6 1 

8 12
2 8 0 1 4 7 0 3 6 
5 0 4 8 2 6 7 0 9 
0 6 0 9 3 5 0 2 0 
4 0 0 6 9 1 0 0 7 
0 1 3 0 0 0 6 9 0 
6 9 0 3 0 8 0 4 2 
8 5 0 4 0 9 0 7 3 
0 7 2 5 8 3 4 6 0 
3 0 0 7 0 2 0 0 5 

8 13
1 0 9 0 7 0 5 0 6 
2 0 5 3 4 6 7 0 9 
6 7 0 0 0 0 0 3 8 
5 1 0 7 8 3 0 9 2 
0 9 8 0 6 0 1 5 0 
3 4 0 5 1 9 0 8 7 
4 6 0 0 0 0 0 2 5 
9 0 7 4 5 8 3 0 1 
8 0 3 0 2 0 9 0 4 

8 14
3 7 4 0 2 0 9 5 6 
0 6 9 0 5 0 2 1 0 
5 0 0 6 0 4 0 0 8 
2 3 0 4 0 5 0 8 9 
9 5 8 0 1 0 6 4 3 
1 4 0 9 0 3 0 2 7 
7 0 0 8 0 6 0 0 2 
0 9 3 0 7 0 8 6 0 
6 8 2 0 4 0 7 3 1 

8 15
0 9 5 0 6 0 2 8 0 
3 7 0 8 2 9 4 0 5 
2 6 0 4 1 5 7 0 3 
8 0 7 0 9 0 0 0 6 
6 4 0 5 0 0 9 1 0 
5 0 9 0 3 0 0 0 7 
1 5 0 6 4 8 3 0 9 
9 8 0 3 7 2 1 0 4 
0 3 4 0 5 0 6 2 0 

8 16
1 2 7 8 0 6 9 0 3 
0 0 4 7 9 2 1 8 0 
9 0 0 0 0 4 0 0 5 
0 5 0 3 8 0 0 1 7 
7 8 3 4 1 5 6 9 2 
0 9 0 6 2 0 0 3 8 
3 0 0 0 0 1 0 0 4 
0 0 5 2 4 3 7 6 0 
6 4 9 5 0 8 3 0 1 

8 17
0 9 6 5 0 2 7 8 0 
1 5 4 0 0 0 3 6 2 
8 2 0 4 0 3 0 5 9 
0 0 5 6 2 1 4 0 0 
9 8 0 0 0 0 0 1 7 
6 0 1 8 9 7 5 0 3 
4 7 0 0 5 0 0 3 1 
0 6 8 1 3 4 9 7 0 
0 1 3 0 7 0 2 4 0 

8 18
0 8 5 2 0 9 6 1 0 
3 9 0 0 7 0 0 5 2 
0 4 0 1 0 8 0 9 0 
1 0 9 8 2 5 4 6 7 
6 0 8 0 4 0 5 0 1 
5 0 4 7 1 6 3 8 9 
0 1 0 3 0 2 0 4 0 
4 6 0 0 9 0 0 3 8 
0 5 3 4 0 1 2 7 0 

8 19
6 2 5 0 3 0 9 7 1 
0 4 0 9 0 5 0 2 0 
7 3 0 6 0 2 0 8 5 
0 0 0 5 4 6 0 0 0 
1 5 0 8 9 7 0 3 2 
9 0 6 0 2 0 8 0 4 
0 1 8 7 6 3 2 4 0 
2 0 7 1 0 4 5 0 3 
4 6 3 0 0 0 7 1 8 

8 20
0 4 9 7 8 1 0 2 0 
0 6 5 0 0 0 4 0 7 
0 2 0 5 6 0 3 1 9 
8 0 1 2 0 5 0 6 3 
2 3 6 9 7 8 1 0 0 
5 0 4 1 0 6 0 9 2 
0 1 0 6 2 0 9 5 8 
0 5 2 0 0 0 6 0 4 
0 8 7 4 5 9 0 3 0 

8 21
0 7 8 0 2 0 3 6 5 
3 0 2 0 0 0 8 9 4 
0 9 0 8 3 4 0 7 1 
9 0 4 0 8 5 6 0 7 
0 6 0 4 9 2 0 1 0 
5 0 1 3 6 0 9 0 8 
7 8 0 6 1 9 0 5 0 
2 4 9 0 0 0 1 0 6 
1 5 6 0 4 0 7 3 0 

8 22
0 5 0 2 0 7 0 3 0 
8 6 7 0 0 0 5 2 9 
1 2 0 9 0 6 0 4 7 
0 9 6 3 4 1 2 8 0 
4 0 5 0 2 0 9 0 3 
0 8 2 5 6 9 1 7 0 
6 4 0 8 0 5 0 1 2 
5 7 1 0 0 0 4 9 8 
0 3 0 1 0 4 0 5 0 

8 23
4 7 8 9 0 5 0 0 0 
6 3 0 0 0 2 9 0 5 
0 0 2 8 3 0 7 6 4 
7 0 0 6 1 3 0 9 2 
0 2 5 4 8 0 6 1 7 
9 0 0 5 2 7 0 4 8 
0 0 7 3 9 0 4 5 1 
1 5 0 0 0 4 8 0 6 
8 4 3 1 0 6 0 0 0 

8 24
0 9 0 7 0 1 0 5 0 
7 0 3 0 5 0 9 0 2 
0 4 8 2 3 9 1 6 0 
3 8 0 6 2 5 0 9 1 
4 0 5 0 1 0 6 0 8 
1 6 0 4 7 8 0 2 5 
0 7 2 1 6 4 5 3 0 
9 0 4 0 8 0 2 0 6 
0 5 0 3 0 2 0 8 0 

8 25
0 0 4 5 0 9 0 0 7 
5 7 0 8 6 0 1 9 2 
0 8 9 0 2 3 0 5 0 
2 0 7 6 0 1 3 4 5 
0 0 0 4 0 7 2 8 6 
4 0 8 3 0 2 9 7 1 
0 4 6 0 3 5 0 1 0 
9 3 0 1 7 0 4 2 8 
0 0 2 9 0 8 0 0 3 

8 26
9 0 7 2 4 5 0 8 1 
0 8 5 9 6 1 2 0 3 
0 6 0 3 0 0 0 4 0 
3 1 0 0 9 0 0 5 4 
7 4 0 8 5 6 0 3 2 
8 5 0 0 1 0 0 6 9 
0 7 0 0 0 9 0 2 0 
5 0 4 6 2 7 3 1 0 
6 2 0 1 3 4 5 0 7 

8 27
5 7 0 0 2 0 0 4 9 
9 6 0 7 0 8 0 2 3 
0 3 2 5 1 9 6 7 0 
1 0 0 4 3 5 0 0 7 
0 0 3 9 8 1 4 0 0 
8 0 0 2 7 6 0 0 1 
0 1 5 8 6 4 7 9 0 
6 4 0 3 0 2 0 1 5 
2 8 0 0 5 0 0 6 4 

8 28
5 4 3 8 0 7 2 0 9 
8 6 1 0 9 5 7 0 0 
2 0 0 6 4 0 1 8 5 
0 0 6 1 0 2 0 3 0 
0 2 5 3 0 8 6 0 0 
0 0 7 4 0 9 0 2 0 
7 0 0 5 2 0 8 9 1 
6 5 8 0 3 1 4 0 0 
1 9 2 7 0 4 3 0 6 

8 29
6 5 2 0 9 0 1 7 3 
7 9 0 0 3 0 0 4 8 
0 8 4 7 0 6 5 2 0 
5 2 0 0 8 0 0 9 4 
4 0 0 9 6 2 0 0 1 
1 3 0 0 7 0 0 6 2 
0 6 5 3 0 1 9 8 0 
9 4 0 0 5 0 0 1 6 
8 1 7 0 2 0 4 3 5 

8 30
5 6 0 0 7 9 8 0 3 
0 3 4 5 8 1 6 7 2 
0 0 7 4 0 0 5 0 9 
1 9 3 6 5 0 0 2 0 
0 4 0 0 3 2 1 0 6 
6 7 2 9 1 0 0 8 0 
0 0 8 1 0 0 2 0 7 
0 1 9 3 2 5 4 6 8 
3 2 0 0 4 7 9 0 1 

8 31
6 2 0 0 7 8 4 0 0 
7 9 0 3 4 2 0 0 6 
4 0 0 9 0 0 2 7 8 
8 0 5 1 9 3 0 0 2 
0 3 6 4 0 7 1 8 5 
2 0 4 8 6 5 0 0 9 
5 0 0 7 0 0 9 6 1 
1 6 0 2 8 9 0 0 4 
3 4 0 0 5 1 8 0 0 

8 32
3 2 1 0 5 0 9 4 7 
8 5 0 4 0 9 0 1 6 
6 4 0 0 1 0 0 3 5 
0 0 5 3 7 8 1 0 0 
7 0 6 5 0 1 3 0 2 
0 0 4 9 6 2 7 0 0 
9 6 0 0 2 0 0 7 3 
4 7 0 6 0 3 0 8 1 
5 1 3 0 8 0 6 2 9 

8 33
9 7 1 0 8 2 6 0 3 
0 0 6 0 0 0 9 4 8 
0 4 5 3 0 6 0 0 1 
6 8 0 7 2 3 0 9 0 
1 5 7 0 0 8 4 3 2 
2 9 0 5 4 1 0 7 0 
0 6 9 2 0 4 0 0 7 
0 0 2 0 0 0 5 6 4 
4 3 8 0 5 7 2 0 9 

8 34
8 2 7 0 6 0 4 0 0 
9 6 1 5 0 4 7 8 2 
4 5 3 0 0 2 0 0 0 
0 8 4 9 7 5 0 6 0 
0 0 6 2 1 8 3 0 0 
0 1 0 6 4 3 5 7 0 
0 0 0 3 0 0 9 2 7 
6 3 2 8 0 7 1 4 5 
0 0 5 0 2 0 8 3 6 

8 35
0 2 0 1 6 4 0 3 0 
6 0 0 2 0 5 0 0 4 
9 0 4 0 8 0 2 0 5 
1 0 7 4 3 8 6 0 9 
0 4 2 0 5 0 3 7 0 
3 0 6 7 2 1 5 0 8 
7 0 9 0 4 0 1 0 2 
4 0 0 8 0 2 0 0 3 
0 8 0 9 7 3 0 5 0 

8 36
9 0 6 7 0 3 5 0 1 
7 1 0 6 4 2 0 3 8 
2 3 0 1 0 5 0 4 6 
0 0 1 0 2 0 4 0 0 
6 9 0 4 5 8 0 1 7 
0 0 7 0 6 0 3 0 0 
3 5 0 8 0 9 0 7 4 
1 6 0 2 7 4 0 5 3 
8 0 4 5 0 6 1 0 2 

8 37
6 0 9 0 5 4 2 1 0 
4 5 3 2 0 7 0 6 0 
0 2 1 0 8 9 4 0 5 
8 0 0 9 0 0 7 0 6 
5 3 7 0 2 0 9 8 1 
9 0 4 0 0 8 0 0 2 
2 0 6 5 4 0 1 7 0 
0 7 0 8 0 1 6 2 4 
0 4 8 7 6 0 5 0 3 

8 38
0 6 3 9 7 8 2 4 0 
0 9 0 5 4 3 0 6 0 
0 5 8 0 1 0 9 7 0 
8 0 1 0 6 0 5 0 2 
5 0 6 2 0 1 3 0 4 
9 2 0 8 3 5 0 1 6 
0 1 9 3 2 6 4 5 0 
0 0 2 4 0 7 1 0 0 
3 4 0 0 8 0 0 2 7 

8 39
8 0 9 0 1 5 4 0 2 
4 2 0 6 9 0 0 8 7 
5 6 0 0 0 0 9 0 3 
0 4 8 5 2 6 1 7 0 
6 0 5 0 4 0 2 0 8 
0 1 2 8 3 7 6 5 0 
7 0 4 0 0 0 0 9 1 
2 8 0 0 7 9 0 4 5 
1 0 3 4 5 0 7 0 6 

8 40
5 8 0 1 9 7 0 4 2 
0 0 0 3 0 4 0 0 0 
0 9 2 0 6 0 1 7 0 
7 0 8 4 5 1 3 0 6 
6 3 0 0 8 0 0 5 4 
9 0 4 6 3 2 8 0 7 
0 7 6 0 1 0 4 3 0 
0 0 0 2 0 3 0 0 0 
3 4 0 8 7 6 0 2 1 

8 41
7 0 6 8 4 2 9 5 0 
9 4 0 1 0 0 3 0 8 
0 1 8 3 9 5 0 7 4 
0 6 0 0 5 0 0 0 0 
0 0 4 6 0 7 8 0 2 
0 7 0 0 2 0 0 0 0 
0 2 9 7 3 1 0 8 6 
6 5 0 2 0 0 1 0 3 
1 0 3 5 6 4 2 9 0 

8 42
5 1 8 0 9 0 7 2 6 
0 9 0 2 0 7 0 1 0 
3 0 7 8 0 6 4 0 5 
7 6 9 0 0 0 1 3 4 
0 0 5 1 3 4 6 0 0 
1 4 3 0 0 0 5 8 2 
6 0 2 9 0 1 8 0 3 
0 3 0 6 0 5 0 4 0 
8 5 4 0 7 0 9 6 1 

8 43
7 1 0 9 4 6 0 2 8 
8 6 0 0 3 0 0 7 4 
0 0 3 7 0 5 9 0 0 
0 3 1 5 7 8 6 9 0 
5 8 0 2 9 1 0 4 3 
9 7 2 0 6 0 1 8 5 
0 5 8 3 0 9 4 1 0 
0 9 4 0 0 0 2 5 0 
0 0 7 6 5 4 8 0 0 

8 44
9 1 0 6 2 7 0 8 3 
2 0 7 5 0 1 4 0 9 
0 3 5 4 0 9 2 7 0 
5 7 0 0 0 0 0 2 8 
0 0 9 1 5 3 6 0 0 
4 6 0 0 0 0 0 3 5 
0 5 6 3 0 2 8 9 0 
1 0 8 7 0 4 3 0 2 
3 4 0 8 9 5 0 1 6 

8 45
7 3 0 5 0 4 0 8 9 
0 8 5 2 9 7 3 6 0 
1 0 0 0 8 0 0 0 7 
8 1 0 7 6 9 0 5 3 
9 4 0 3 0 2 0 1 6 
5 6 0 8 4 1 0 9 2 
2 0 0 0 7 0 0 0 5 
0 7 4 9 3 5 1 2 0 
3 5 0 1 0 6 0 7 4 

8 46
0 0 2 3 9 6 0 7 0 
7 6 5 0 4 0 1 9 3 
0 8 9 0 0 0 4 2 0 
2 0 4 5 7 8 6 0 1 
8 1 0 0 3 0 0 4 5 
5 0 6 4 2 1 9 0 7 
0 2 8 0 0 0 3 5 0 
9 5 1 0 8 0 7 6 4 
0 0 3 9 6 5 0 1 0 

8 47
0 0 0 7 3 0 9 6 1 
0 0 3 6 8 2 4 0 0 
4 6 7 1 5 9 0 0 0 
9 5 2 0 7 0 1 8 4 
3 8 0 2 0 5 0 7 9 
7 1 6 0 4 0 3 2 5 
0 0 0 4 2 3 5 9 8 
0 0 5 8 9 1 7 0 0 
8 4 9 0 6 7 0 0 0 

8 48
0 4 8 7 0 6 3 5 1 
7 0 9 5 0 0 8 6 4 
5 0 6 0 8 0 0 2 7 
4 5 0 2 7 3 0 0 8 
0 7 0 1 0 8 4 0 0 
6 8 0 4 5 9 0 0 2 
1 0 7 0 3 0 0 4 9 
3 0 4 9 0 0 5 8 6 
0 9 5 6 0 2 7 1 3 

8 49
5 9 6 0 0 0 8 1 3 
4 3 0 9 0 8 0 5 7 
8 7 0 0 0 0 0 9 2 
6 0 3 0 2 0 9 0 1 
0 0 5 4 3 7 2 0 0 
7 0 8 0 9 0 5 0 4 
3 8 0 0 0 0 0 4 5 
2 6 0 5 0 3 0 8 9 
1 5 4 0 0 0 3 2 6 

8 50
0 6 4 1 0 3 5 2 0 
0 8 2 7 5 6 1 3 0 
1 0 5 8 4 2 7 0 9 
0 4 0 2 8 1 0 5 0 
0 2 9 0 3 0 6 7 0 
0 0 0 9 6 7 0 0 0 
2 0 0 4 0 8 0 0 5 
4 5 0 3 7 9 0 1 6 
3 9 1 0 2 0 4 8 7 

9 1
0 1 0 4 2 7 0 5 0 
6 0 5 0 0 0 4 0 7 
3 7 4 5 0 6 8 1 2 
0 6 2 0 0 0 5 3 0 
7 0 3 6 0 9 1 0 4 
0 9 1 0 0 0 7 6 0 
8 5 7 3 0 2 9 4 1 
1 0 6 0 0 0 2 0 5 
0 4 0 1 7 5 0 8 0 

9 2
0 1 7 0 2 0 3 8 0 
0 0 0 5 0 7 0 0 0 
8 4 0 9 1 3 0 7 2 
1 8 4 0 5 0 7 2 6 
5 0 2 0 7 0 4 0 1 
7 9 0 1 4 2 0 5 3 
3 0 8 2 6 5 1 0 9 
0 2 0 8 0 1 0 6 0 
0 5 1 0 9 0 2 3 0 

9 3
2 1 0 7 3 6 0 5 9 
4 9 3 0 8 0 2 7 6 
0 6 5 4 0 2 3 1 0 
9 0 1 0 7 0 5 0 3 
6 0 4 8 0 3 9 0 7 
0 7 0 0 5 0 0 8 0 
8 3 0 1 0 5 0 4 2 
0 0 6 9 2 7 8 0 0 
5 2 7 0 4 0 6 9 1 

9 4
5 6 1 8 0 4 9 2 3 
0 9 0 5 0 0 7 6 0 
7 8 2 0 9 3 0 4 5 
0 5 9 0 2 6 0 8 0 
8 0 7 9 0 1 6 0 4 
0 3 4 0 8 5 0 1 0 
3 4 5 0 6 9 0 7 2 
0 1 0 3 0 0 4 9 0 
9 7 6 2 0 8 5 3 1 

9 5
4 0 0 1 9 8 0 0 6 
0 8 7 5 0 4 9 2 0 
1 6 9 0 7 0 8 4 5 
5 0 6 0 2 0 1 0 4 
9 4 0 6 8 1 0 7 3 
7 0 8 0 3 0 6 0 2 
8 5 1 0 4 0 2 6 7 
0 9 3 7 0 6 4 5 0 
6 0 0 8 5 2 0 0 9 

9 6
5 0 9 0 2 0 8 0 3 
6 7 0 3 8 9 0 5 1 
3 1 8 5 6 4 7 2 9 
0 8 0 0 5 0 0 7 0 
0 5 0 1 0 3 0 8 0 
0 2 0 0 7 0 0 4 0 
8 9 7 2 1 5 6 3 4 
1 6 0 4 3 8 0 9 7 
2 0 4 0 9 0 5 0 8 

9 7
0 7 0 6 0 1 0 5 0 
5 0 2 0 4 0 1 0 6 
6 4 1 2 0 5 8 7 9 
0 1 5 0 9 0 7 6 0 
7 0 6 1 0 4 2 0 3 
0 3 0 0 7 0 0 9 0 
4 0 7 0 6 0 3 0 5 
1 6 0 0 2 0 0 4 7 
9 5 3 0 1 0 6 2 8 

9 8
0 4 9 3 2 5 0 8 0 
5 0 6 0 9 0 2 0 3 
7 0 0 0 6 8 9 0 5 
2 6 8 5 3 0 0 7 4 
0 0 5 6 0 7 8 0 0 
9 7 0 0 1 2 3 5 6 
4 0 7 9 8 0 0 0 1 
6 0 1 0 5 0 7 0 8 
0 5 0 1 7 6 4 9 0 

9 9
9 7 0 5 4 6 0 8 2 
8 5 0 0 0 0 0 3 9 
1 4 2 3 8 9 7 5 6 
0 0 7 0 3 0 8 0 0 
4 0 8 2 5 7 9 0 1 
5 0 9 0 6 0 3 0 7 
0 0 5 8 1 3 6 0 0 
3 9 0 0 0 0 0 7 8 
6 8 0 7 9 5 0 1 3 

9 10
6 2 4 5 7 1 8 9 3 
9 3 0 2 0 6 0 4 7 
1 0 8 0 9 0 5 0 6 
0 8 0 1 0 9 0 5 0 
5 0 6 0 2 0 9 0 1 
3 1 0 4 6 5 0 7 8 
7 0 3 0 1 0 4 0 5 
0 6 0 9 5 3 0 8 0 
8 5 2 0 0 0 3 1 9 

9 11
6 4 0 2 5 9 0 8 3 
7 0 0 0 8 0 0 0 9 
8 9 0 7 4 3 0 1 6 
9 3 7 0 1 0 5 6 2 
5 0 2 9 0 6 8 0 4 
0 0 0 3 0 5 0 0 0 
3 0 4 5 6 8 9 0 1 
1 6 8 4 0 2 3 7 5 
2 0 9 0 0 0 6 0 8 

9 12
6 3 2 9 7 8 1 4 5 
0 8 0 0 0 0 0 9 0 
5 1 9 4 0 6 7 8 3 
0 0 0 3 0 9 0 0 0 
0 5 7 8 6 1 9 2 0 
0 0 0 0 5 0 0 0 0 
8 4 5 6 0 2 3 7 9 
9 7 3 0 0 0 2 1 6 
0 6 1 0 9 0 4 5 0 

9 13
0 1 0 5 0 4 8 7 0 
7 0 5 0 1 0 9 0 4 
0 2 0 9 8 7 5 3 1 
8 0 7 0 5 0 3 0 9 
0 5 4 7 3 2 6 1 0 
1 0 2 0 9 0 4 0 7 
6 9 8 1 2 5 0 4 0 
5 0 1 0 7 0 2 0 6 
0 7 3 6 0 8 0 9 0 

9 14
0 8 7 6 0 3 4 1 0 
6 0 1 5 4 8 9 0 7 
0 4 0 9 0 1 0 2 8 
1 5 9 0 6 0 3 8 4 
0 6 0 3 0 9 0 7 0 
7 3 2 0 8 0 1 9 6 
0 9 0 1 0 7 0 4 3 
3 0 5 8 9 4 2 0 1 
0 1 8 2 0 6 7 5 0 

9 15
7 0 2 0 8 5 4 0 0 
9 5 0 6 0 4 2 0 1 
0 0 3 7 9 2 0 5 0 
0 7 0 3 2 0 1 6 4 
2 3 6 4 1 7 9 0 5 
0 8 0 9 5 0 3 2 7 
0 0 7 5 6 9 0 4 0 
6 2 0 8 0 1 7 0 9 
8 0 4 0 7 3 5 0 0 

9 16
9 6 0 0 5 0 0 3 4 
2 0 1 0 6 0 9 0 5 
0 5 7 0 2 0 1 6 0 
6 0 9 3 0 5 4 0 2 
8 3 0 6 1 2 0 9 7 
7 0 5 9 0 4 6 0 3 
0 9 2 0 4 0 3 5 0 
4 0 6 0 3 0 8 0 9 
5 8 0 0 9 0 0 4 1 

9 17
0 3 2 4 6 5 1 8 0 
7 0 8 2 0 9 6 0 5 
0 4 0 1 7 8 0 2 0 
3 0 6 0 0 0 8 0 4 
5 2 0 8 0 3 0 7 6 
8 0 4 0 0 0 2 0 3 
0 8 0 5 9 6 0 3 0 
2 0 9 3 0 4 7 0 1 
0 6 3 7 2 1 5 9 0 

9 18
0 1 7 9 0 6 3 4 0 
6 3 0 0 5 0 0 1 9 
0 8 5 0 4 0 6 2 7 
4 9 0 1 6 5 0 8 2 
0 0 1 4 7 2 5 0 0 
7 5 0 8 9 3 0 6 1 
0 7 9 0 2 0 1 5 4 
5 4 0 0 1 0 0 3 6 
0 2 6 5 0 4 9 7 0 

9 19
3 6 2 0 1 0 7 8 9 
5 8 0 7 9 2 0 4 3 
4 0 7 0 6 0 5 0 2 
0 2 0 9 0 7 0 5 0 
7 4 5 1 3 6 9 2 8 
0 3 0 5 0 4 0 6 0 
6 0 4 0 7 0 2 0 1 
2 1 0 6 4 9 0 7 5 
9 7 0 0 5 0 0 3 6 

9 20
5 0 9 6 8 4 2 0 7 
0 4 0 1 0 3 0 6 0 
7 0 0 9 5 2 0 3 0 
3 5 7 0 1 0 9 0 6 
2 9 1 4 6 7 3 8 5 
4 0 8 0 9 0 7 2 1 
0 2 0 8 3 1 0 0 4 
0 7 0 5 0 6 0 9 0 
6 0 4 7 2 9 1 0 3 

9 21
9 0 0 6 2 0 7 3 0 
2 0 0 0 5 3 0 0 6 
3 6 8 7 1 9 0 5 4 
8 0 5 0 9 7 4 0 1 
0 7 3 2 4 1 8 9 0 
1 0 4 5 6 0 3 0 7 
5 3 0 4 7 6 1 8 2 
4 0 0 1 3 0 0 0 9 
0 1 6 0 8 2 0 0 3 

9 22
5 0 4 0 3 0 2 0 8 
0 7 0 8 5 2 0 4 0 
8 0 2 6 0 1 5 0 7 
0 9 8 0 2 0 6 7 0 
4 6 0 3 1 7 0 8 2 
0 2 7 0 6 0 4 1 0 
2 0 1 5 0 6 8 0 9 
7 8 0 2 9 4 0 5 6 
0 0 6 0 8 0 7 0 0 

9 23
0 1 5 2 0 3 9 7 0 
9 0 0 1 5 8 0 0 4 
6 8 2 0 9 0 1 3 5 
8 9 4 0 0 0 2 1 7 
5 0 6 7 8 1 4 0 3 
0 3 1 0 2 0 8 5 0 
2 5 0 6 7 9 0 4 1 
1 0 7 0 4 0 5 0 9 
0 0 9 8 0 5 7 0 0 

9 24
6 7 3 8 9 1 4 2 5 
5 0 0 6 0 2 0 0 9 
2 9 0 3 0 7 0 1 8 
4 1 0 5 0 9 0 8 3 
0 0 0 7 0 8 0 0 0 
0 6 8 2 1 4 5 9 0 
0 3 9 4 7 5 8 6 0 
7 0 5 1 8 6 9 0 4 
8 4 0 0 0 0 0 5 1 

9 25
8 2 3 0 1 0 5 6 7 
9 0 5 7 0 6 0 8 3 
0 4 6 8 5 0 9 0 1 
0 7 0 0 9 0 0 4 8 
5 0 8 2 4 7 3 1 0 
0 9 0 0 6 0 0 5 2 
0 5 7 9 8 0 1 0 6 
6 0 1 5 0 2 0 9 4 
4 8 9 0 3 0 2 7 5 

9 26
1 6 3 9 8 4 2 5 7 
2 7 0 3 0 5 0 9 4 
9 0 5 0 7 0 8 0 3 
0 9 0 6 0 1 0 2 0 
4 0 2 0 9 0 5 0 6 
0 3 0 7 0 2 0 4 0 
3 0 4 0 6 0 7 0 5 
7 5 0 4 0 8 0 6 2 
6 8 9 5 2 7 4 3 1 

9 27
9 0 0 7 8 5 0 0 6 
7 6 0 4 2 1 0 3 5 
4 0 5 0 6 0 1 0 7 
8 7 4 0 9 0 5 6 3 
0 0 6 3 0 7 8 0 0 
3 9 2 0 5 0 4 7 1 
2 3 0 8 1 4 0 5 9 
6 4 0 5 7 9 0 2 8 
0 0 0 2 3 6 0 0 0 

9 28
8 2 4 0 0 5 9 3 1 
5 1 0 4 3 0 7 0 6 
0 0 6 9 0 8 0 4 0 
0 9 8 0 7 0 6 5 3 
6 0 5 3 0 1 2 7 9 
0 3 2 0 9 0 8 1 4 
0 0 7 1 0 9 0 6 0 
2 6 0 8 5 0 4 0 7 
9 5 3 0 0 7 1 2 8 

9 29
4 0 2 7 5 1 9 0 6 
7 9 0 8 0 3 2 0 0 
6 8 5 0 4 0 1 7 0 
0 0 6 9 3 5 0 2 8 
3 7 0 6 2 8 0 4 1 
2 5 0 1 7 4 6 0 0 
0 1 4 0 8 0 3 6 2 
0 0 7 3 0 2 0 9 5 
5 0 3 4 9 6 8 0 7 

9 30
7 9 2 6 4 1 0 0 8 
4 0 5 0 0 9 6 0 7 
0 3 8 0 2 5 9 4 0 
3 0 0 5 7 2 8 1 0 
8 2 6 9 1 0 4 0 5 
5 0 0 8 6 4 2 9 0 
0 6 7 0 5 8 1 3 0 
2 0 3 0 0 6 7 0 4 
1 8 4 2 3 7 0 0 9 

9 31
8 0 2 7 9 0 6 0 5 
6 4 0 2 3 5 0 7 0 
9 7 5 0 1 8 4 0 3 
0 2 6 4 0 9 0 3 8 
4 0 3 0 8 0 7 0 2 
1 8 0 3 0 6 9 5 0 
2 0 9 8 5 0 3 4 6 
0 6 0 1 4 2 0 9 7 
7 0 4 0 6 3 2 0 1 

9 32
7 2 0 5 0 3 4 8 9 
8 0 9 6 7 0 0 5 1 
0 5 4 0 8 2 6 0 3 
4 8 0 0 9 5 7 1 0 
6 0 3 0 4 0 8 0 5 
0 9 7 1 6 0 0 2 4 
9 0 5 4 2 0 1 3 0 
2 6 0 0 3 9 5 0 7 
3 4 8 7 0 1 0 6 2 

9 33
5 9 0 4 6 0 0 0 8 
6 0 4 8 0 7 9 1 0 
7 8 0 0 2 3 5 0 6 
0 5 9 6 0 8 0 7 2 
2 7 0 3 9 5 4 6 1 
0 1 6 2 0 4 0 9 5 
9 3 0 0 8 6 2 0 4 
8 0 5 7 0 2 1 3 0 
1 4 0 5 3 0 0 0 7 

9 34
5 0 7 3 1 0 8 6 0 
0 8 0 5 9 4 1 0 2 
1 4 2 0 6 7 0 9 3 
3 0 1 0 7 0 9 0 6 
0 7 0 9 0 3 2 5 0 
8 0 9 0 2 0 4 0 7 
9 3 5 0 4 1 0 2 8 
0 6 0 2 5 8 3 0 9 
2 0 8 7 3 0 6 4 0 

9 35
1 7 3 0 0 9 8 5 6 
4 0 8 0 6 5 0 0 2 
2 5 0 7 3 8 0 0 9 
0 0 9 8 5 0 6 2 7 
0 6 7 2 0 3 1 4 0 
8 4 2 0 1 7 9 0 0 
7 0 0 9 4 2 0 6 3 
6 0 0 3 8 0 7 0 4 
9 3 4 5 0 0 2 8 1 

9 36
0 2 1 3 9 4 8 0 7 
0 4 0 0 6 8 0 2 0 
8 9 0 5 1 0 3 4 0 
5 0 3 9 2 1 6 7 4 
0 7 2 0 8 0 5 9 0 
9 1 6 4 5 7 2 0 8 
0 5 9 0 4 6 0 8 3 
0 3 0 2 7 0 0 6 0 
7 0 4 8 3 5 9 1 0 

9 37
2 5 4 6 7 0 1 8 3 
1 8 0 0 0 5 0 7 6 
7 0 3 1 0 2 4 0 9 
0 9 6 4 0 7 0 1 8 
0 2 7 0 9 0 3 6 0 
5 4 0 8 0 6 9 2 0 
9 0 8 2 0 4 6 0 5 
4 1 0 7 0 0 0 9 2 
6 3 2 0 5 8 7 4 1 

9 38
0 7 9 2 0 8 6 1 0 
5 2 1 0 7 0 3 8 4 
4 6 0 1 0 3 0 9 2 
0 5 6 0 9 0 4 2 0 
7 0 2 5 0 6 9 0 8 
0 1 3 0 8 0 5 6 0 
2 3 0 7 0 1 0 4 9 
1 8 7 0 3 0 2 5 6 
0 9 4 8 0 5 1 7 0 

9 39
8 6 2 5 0 1 4 0 9 
4 0 1 0 6 0 3 8 0 
0 3 0 8 2 4 0 6 0 
2 7 3 0 1 0 6 0 8 
6 0 8 3 9 7 1 2 5 
9 1 5 0 8 0 7 0 4 
0 2 0 9 5 3 0 4 0 
3 0 4 0 7 0 9 5 0 
5 9 7 6 0 8 2 0 3 

9 40
0 0 8 4 6 5 9 0 2 
0 7 9 1 8 0 0 4 3 
5 2 4 0 0 3 6 1 0 
9 0 0 6 3 4 0 8 7 
0 3 2 5 0 7 4 9 0 
4 6 0 2 9 8 0 0 1 
0 9 3 8 0 0 7 2 5 
2 4 0 0 5 1 8 3 0 
7 0 5 3 2 9 1 0 0 

9 41
1 6 7 5 9 3 0 0 8 
5 4 0 0 7 0 0 3 0 
2 0 0 8 1 4 5 0 6 
7 3 9 2 5 0 8 1 4 
0 8 0 1 4 7 0 9 0 
4 1 5 0 3 8 7 6 2 
3 0 6 4 2 5 0 0 9 
0 2 0 0 8 0 0 5 7 
8 0 0 7 6 9 2 4 3 

9 42
0 8 5 9 0 4 6 7 0 
4 0 6 2 3 0 0 0 8 
7 1 0 6 5 8 4 3 9 
2 3 0 0 4 1 9 6 0 
9 0 1 7 0 6 8 0 3 
0 4 7 3 8 0 0 2 5 
8 6 9 1 7 2 0 5 4 
5 0 0 0 6 3 7 0 1 
0 7 3 4 0 5 2 8 0 

9 43
9 0 6 8 0 7 2 0 4 
0 4 8 0 5 2 0 1 6 
5 2 0 3 4 0 8 9 0 
6 0 2 7 0 9 5 0 1 
0 7 4 0 6 5 0 8 3 
3 0 9 1 0 4 6 0 2 
4 1 0 6 9 0 7 2 0 
0 9 5 0 7 3 0 6 8 
8 0 7 5 0 1 4 0 9 

9 44
0 0 2 4 0 7 1 0 0 
1 9 0 3 2 6 0 4 8 
5 0 6 8 0 9 3 0 7 
7 5 1 0 8 0 2 3 6 
9 6 0 5 0 2 0 8 1 
2 8 3 0 7 0 9 5 4 
3 0 9 2 0 8 6 0 5 
4 7 0 1 6 3 0 9 2 
0 0 8 7 0 5 4 0 0 

9 45
4 9 6 8 7 3 2 0 0 
0 0 2 5 6 0 0 8 9 
0 8 5 0 0 4 3 7 0 
2 7 0 0 8 6 5 0 1 
5 1 3 9 4 7 8 6 2 
9 0 8 1 5 0 0 3 4 
0 2 9 7 0 0 6 4 0 
6 5 0 0 3 9 1 0 0 
0 0 1 6 2 8 9 5 7 

9 46
0 0 7 9 4 0 0 6 8 
0 6 9 0 3 5 4 0 7 
8 5 0 7 0 2 1 3 0 
9 0 3 1 8 0 2 7 5 
0 8 2 5 0 4 6 1 0 
6 1 5 0 7 3 9 0 4 
0 7 8 6 0 9 0 4 2 
4 0 6 3 2 0 8 5 0 
2 3 0 0 5 8 7 0 0 

9 47
2 5 4 6 0 0 0 7 9 
9 8 1 0 5 4 3 6 0 
3 7 0 9 8 2 0 4 0 
7 0 8 5 6 0 2 1 0 
0 3 5 4 0 8 6 9 0 
0 6 2 0 7 9 5 0 8 
0 4 0 2 1 7 0 5 6 
0 2 7 3 9 0 4 8 1 
5 1 0 0 0 6 7 2 3 

9 48
4 0 0 0 6 5 2 8 0 
0 6 9 7 0 2 4 0 3 
3 0 8 4 1 9 0 7 0 
2 5 0 6 3 0 7 9 8 
6 9 1 0 0 8 5 0 4 
7 8 0 5 9 0 1 6 2 
1 0 2 8 5 7 0 4 0 
0 7 5 9 0 6 3 0 1 
9 0 0 0 2 3 8 5 0 

9 49
2 9 5 0 3 1 0 4 7 
7 6 0 4 0 2 0 0 3 
4 0 3 8 9 0 6 0 2 
9 0 6 1 8 0 4 2 0 
0 8 2 9 0 5 1 7 0 
0 5 4 0 7 6 3 0 8 
8 0 7 0 6 9 2 0 1 
5 0 0 3 0 8 0 6 4 
6 3 0 7 2 0 5 8 9 

9 50
4 0 8 2 1 5 9 0 7 
1 2 9 0 0 0 3 4 5 
0 6 7 0 3 0 8 2 0 
7 0 0 5 9 3 0 0 6 
9 4 6 7 0 1 2 5 3 
3 0 0 4 2 6 0 0 8 
0 9 3 0 5 0 6 7 0 
6 5 4 0 0 0 1 8 2 
2 0 1 6 4 8 5 0 9 

10 1
2 5 8 0 0 7 0 1 3 
0 0 4 5 0 2 7 0 6 
0 7 6 8 9 3 5 2 0 
9 2 3 0 6 5 1 0 8 
4 8 0 3 0 1 0 5 9 
6 0 5 9 7 0 3 4 2 
0 6 1 2 3 4 8 9 0 
5 0 9 7 0 6 2 0 0 
8 3 0 1 0 0 4 6 7 

10 2
2 0 7 8 0 3 0 0 4 
9 6 0 0 4 5 2 0 8 
0 5 8 2 9 1 0 3 7 
6 0 9 5 0 0 3 7 1 
7 4 0 1 3 9 0 8 6 
5 3 1 0 0 7 4 0 2 
1 2 0 9 7 6 8 4 0 
3 0 6 4 5 0 0 2 9 
8 0 0 3 0 2 7 0 5 

10 3
0 9 8 4 0 5 1 6 0 
3 0 6 1 9 7 8 0 5 
1 5 0 2 0 8 0 9 7 
9 0 7 0 5 0 4 0 8 
0 4 0 8 2 3 0 7 0 
6 0 2 0 7 0 5 0 3 
8 6 0 7 0 9 0 3 1 
4 0 3 5 1 2 9 0 6 
0 1 9 3 0 6 7 5 0 

10 4
0 1 0 8 2 3 0 5 0 
0 0 4 1 0 7 9 0 0 
2 8 5 9 6 4 7 1 3 
0 5 6 0 3 0 2 8 0 
4 0 1 5 9 8 6 0 7 
0 7 3 0 4 0 5 9 0 
3 9 2 4 1 6 8 7 5 
0 0 7 3 0 9 1 0 0 
0 6 0 2 7 5 0 4 0 

10 5
7 0 6 4 5 2 8 0 9 
0 0 8 3 0 7 4 0 0 
5 4 2 0 8 0 3 7 6 
6 7 3 0 2 0 9 4 1 
9 2 0 6 1 4 0 8 3 
8 0 0 9 7 3 0 0 5 
0 0 7 5 9 8 1 0 0 
4 0 9 0 3 0 5 0 7 
3 5 1 0 0 0 2 9 8 

10 6
7 3 4 0 9 8 6 1 2 
5 8 0 0 0 2 0 0 0 
6 0 0 7 3 0 0 5 0 
0 0 5 1 2 3 7 9 4 
1 9 0 8 6 4 2 3 5 
0 0 2 9 7 5 8 6 1 
9 0 0 4 8 0 0 2 0 
2 7 0 0 0 9 0 0 0 
4 5 6 0 1 7 9 8 3 

10 7
9 8 7 0 0 0 2 4 0 
0 5 0 4 2 7 9 0 6 
2 4 6 9 8 1 0 5 3 
3 9 0 0 6 8 5 7 0 
5 0 4 0 7 0 8 0 2 
0 2 8 5 4 0 0 1 9 
6 1 0 7 3 5 4 9 8 
8 0 9 6 1 4 0 2 0 
0 3 5 0 0 0 1 6 7 

10 8
0 6 3 5 0 8 2 9 0 
5 0 4 2 3 0 1 0 8 
7 2 8 0 1 6 0 5 3 
0 8 0 4 0 9 3 7 0 
9 0 7 8 0 1 6 0 5 
0 1 5 6 0 3 0 2 0 
3 4 0 7 8 0 9 1 6 
6 0 1 0 9 2 7 0 4 
0 7 9 1 0 4 5 3 0 

10 9
0 1 4 8 0 9 0 5 0 
8 0 9 0 3 7 2 6 1 
2 3 0 1 6 5 0 8 0 
0 2 3 5 7 0 1 0 8 
7 6 0 3 0 8 0 9 2 
4 0 5 0 1 2 6 7 0 
0 9 0 6 8 4 0 3 5 
5 7 6 2 9 0 8 0 4 
0 4 0 7 0 1 9 2 0 

10 10
0 5 0 4 0 8 0 9 0 
3 2 4 0 9 0 1 8 6 
9 6 0 3 0 1 0 7 5 
1 9 7 0 8 0 2 4 3 
0 8 0 7 4 2 0 5 0 
2 4 5 0 3 0 8 6 7 
5 1 0 8 0 3 0 2 4 
8 3 6 0 5 0 7 1 9 
0 7 0 9 0 6 0 3 0 

10 11
0 8 1 0 6 2 4 9 7 
9 6 0 0 0 4 3 0 5 
5 4 2 0 3 7 0 0 0 
8 0 9 7 4 1 2 0 6 
0 0 0 6 0 5 9 8 4 
4 0 6 8 9 3 5 0 1 
1 3 5 0 7 6 0 0 0 
2 7 0 0 0 9 6 0 3 
0 9 4 0 1 8 7 5 2 

10 12
0 3 0 0 5 0 0 6 0 
9 1 6 4 0 8 7 2 5 
7 5 0 6 1 2 0 9 3 
0 8 2 5 0 9 1 3 0 
3 0 9 2 8 1 6 0 4 
0 6 5 3 0 4 2 8 0 
5 2 0 7 4 6 0 1 8 
8 9 7 1 0 3 5 4 6 
0 4 0 0 9 0 0 7 0 

10 13
0 4 2 0 0 0 9 8 0 
8 3 0 9 2 7 4 1 6 
1 0 9 3 0 8 5 0 7 
9 2 0 8 7 0 0 5 4 
3 0 7 4 5 1 6 0 2 
4 5 0 0 6 9 0 3 8 
2 0 3 6 0 5 8 0 1 
5 1 8 7 3 4 0 6 9 
0 9 4 0 0 0 3 7 0 

10 14
0 9 5 7 0 2 1 6 0 
7 0 8 0 9 0 5 0 4 
4 0 6 8 1 5 0 7 3 
0 5 3 0 7 0 6 9 0 
9 0 4 2 0 6 8 0 1 
0 8 2 0 5 0 3 4 0 
8 4 0 9 6 1 2 0 5 
2 0 9 0 8 0 7 0 6 
0 6 1 3 0 7 4 8 0 

10 15
0 5 0 7 0 6 0 4 0 
3 0 6 4 9 8 5 0 1 
0 7 4 0 2 0 8 9 0 
4 0 2 9 3 5 7 0 8 
0 3 9 1 0 4 2 6 0 
5 0 1 6 7 2 9 0 4 
0 1 3 0 4 0 6 5 0 
6 0 7 8 5 9 1 0 3 
0 9 0 3 0 1 0 8 0 

10 16
6 4 5 0 8 1 0 9 3 
1 8 0 7 0 0 4 0 6 
2 0 7 4 0 3 8 1 5 
0 3 0 1 7 0 6 0 9 
8 5 9 3 2 6 0 7 0 
0 1 0 8 9 0 5 0 2 
9 0 4 5 0 2 3 6 8 
3 6 0 9 0 0 2 0 7 
5 2 8 0 3 7 0 4 1 

10 17
3 8 0 1 0 2 0 7 4 
0 9 0 3 7 4 6 5 8 
7 0 5 6 0 0 1 2 0 
5 3 4 0 6 9 0 8 1 
0 0 9 4 3 1 2 0 0 
6 2 0 7 8 0 3 4 9 
0 6 8 0 0 3 5 0 7 
9 1 7 5 4 6 0 3 0 
2 5 0 8 0 7 0 9 6 

10 18
7 0 8 0 4 0 2 0 1 
5 3 0 2 7 9 0 4 8 
4 0 9 6 0 1 7 0 3 
0 4 0 8 5 6 0 2 0 
1 5 7 3 0 4 8 6 9 
0 8 0 9 1 7 0 3 0 
8 0 5 4 0 2 9 0 6 
3 9 0 7 6 8 0 1 2 
2 0 6 0 9 0 3 0 4 

10 19
0 9 5 0 2 0 3 4 0 
7 6 3 9 0 8 1 0 2 
2 0 1 0 5 3 0 8 9 
0 7 2 8 0 4 5 6 0 
4 8 0 3 1 5 0 9 7 
0 1 9 7 0 2 8 3 0 
9 5 0 2 8 0 4 0 3 
6 0 8 4 0 1 9 7 5 
0 3 4 0 7 0 6 2 0 

10 20
0 6 9 4 0 5 1 3 0 
5 0 2 0 9 0 4 0 7 
3 8 0 7 1 2 0 5 6 
9 0 8 0 4 0 7 0 1 
1 4 7 6 5 8 2 9 3 
2 0 6 0 7 0 8 0 5 
6 2 0 8 3 4 0 7 9 
4 0 3 0 2 0 6 0 8 
0 9 5 1 0 7 3 2 0 

10 21
0 0 6 1 7 9 0 5 4 
5 4 0 3 0 8 9 7 0 
9 0 8 4 2 5 6 0 3 
7 6 9 0 0 4 0 0 8 
0 1 0 8 5 0 2 9 7 
8 5 2 0 0 7 0 0 6 
3 0 7 5 9 2 4 0 1 
6 2 0 7 0 1 3 8 0 
0 0 4 6 8 3 0 2 5 

10 22
0 3 0 2 0 6 1 9 0 
7 0 9 0 4 0 3 5 6 
6 1 5 7 3 9 8 0 4 
0 9 7 0 2 0 4 6 0 
3 8 0 9 0 4 0 1 5 
0 4 2 0 8 0 7 3 0 
4 0 1 3 6 5 9 8 2 
2 6 3 0 9 0 5 0 1 
0 5 8 4 0 2 0 7 0 

10 23
5 1 0 6 0 8 0 7 0 
6 0 2 1 4 9 5 3 8 
0 4 8 2 0 7 0 1 6 
4 0 5 7 0 6 2 0 1 
1 0 0 0 9 0 0 0 7 
8 0 7 4 0 1 6 0 3 
2 5 0 9 0 3 7 8 0 
9 6 3 8 7 4 1 0 5 
0 8 0 5 0 2 0 6 9 

10 24
0 8 0 7 6 2 0 5 0 
5 4 2 0 3 0 9 6 7 
0 3 6 4 0 9 1 0 8 
4 7 0 6 9 5 3 0 2 
0 5 1 0 2 0 8 7 0 
9 0 3 1 8 7 0 4 5 
2 0 4 9 0 3 5 8 0 
8 9 7 0 1 0 2 3 4 
0 6 0 2 4 8 0 9 0 

10 25
6 4 3 0 0 0 2 1 0 
2 0 7 6 5 1 0 9 3 
5 1 0 3 0 2 7 8 0 
0 7 6 2 0 0 9 5 0 
1 0 4 9 7 5 8 0 2 
0 2 5 0 0 8 3 4 0 
0 6 2 8 0 3 0 7 9 
3 5 0 4 9 7 6 0 8 
0 9 8 0 0 0 1 3 4 

10 26
4 8 0 9 1 2 0 6 7 
6 0 5 0 4 0 9 0 3 
0 7 1 5 6 3 4 2 0 
2 5 0 3 0 6 0 7 4 
7 0 9 0 0 0 8 0 6 
3 1 0 4 0 8 0 5 9 
0 6 4 7 2 9 3 8 0 
5 0 2 0 8 0 7 0 1 
8 9 0 1 3 5 0 4 2 

10 27
8 9 0 5 0 1 2 3 0 
0 0 6 3 4 7 0 8 9 
3 7 0 9 2 0 4 5 0 
7 2 5 1 0 9 6 0 8 
0 1 0 6 8 4 0 7 0 
4 0 8 2 0 5 9 1 3 
0 8 2 0 1 6 0 9 4 
6 4 0 8 5 3 7 0 0 
0 3 7 4 0 2 0 6 5 

10 28
0 0 3 5 7 2 8 0 4 
7 8 0 3 0 6 0 2 9 
0 4 5 8 9 1 6 0 0 
5 0 0 0 1 4 3 9 8 
0 9 4 7 0 8 2 5 0 
3 1 8 9 2 0 0 0 6 
0 0 6 1 5 9 7 4 0 
4 3 0 2 0 7 0 6 5 
1 0 7 4 6 3 9 0 0 

10 29
3 0 0 8 0 6 0 2 5 
4 0 6 9 3 0 8 7 1 
2 7 8 0 0 1 0 6 3 
0 0 0 7 5 3 0 9 4 
9 0 7 6 0 4 5 0 2 
5 6 0 2 9 8 0 0 0 
1 8 0 3 0 0 7 4 6 
6 4 3 0 8 7 2 0 9 
7 9 0 4 0 5 0 0 8 

10 30
6 0 5 0 9 0 4 0 7 
0 7 0 4 0 5 0 8 0 
9 8 0 6 3 7 0 2 1 
3 2 0 1 7 4 0 5 8 
5 0 1 3 8 9 2 0 6 
0 9 7 0 6 0 3 1 0 
7 5 0 8 0 6 0 4 3 
1 6 2 0 4 0 8 9 5 
4 3 8 9 0 1 7 6 2 

10 31
8 0 0 6 0 2 0 0 9 
2 0 9 8 0 5 6 0 7 
0 5 0 1 0 3 0 8 0 
4 9 5 0 1 0 3 2 6 
3 0 0 5 2 4 0 0 8 
7 8 2 0 3 0 4 1 5 
0 7 4 2 0 9 8 6 0 
9 0 6 3 0 7 5 0 1 
5 3 0 4 0 1 0 9 2 

10 32
0 0 8 4 5 0 3 2 6 
9 0 0 6 3 2 8 0 7 
3 6 2 7 0 1 0 0 0 
0 9 0 0 4 8 1 7 2 
4 0 1 9 6 7 5 0 8 
8 3 7 2 1 0 0 9 0 
0 0 0 1 0 6 9 4 5 
6 0 9 5 2 4 0 0 3 
7 4 5 0 9 3 2 0 0 

10 33
5 6 0 1 0 4 0 8 2 
7 2 0 0 6 0 0 4 9 
0 8 4 5 0 7 3 1 0 
4 9 6 0 5 0 8 7 1 
8 7 0 4 0 9 0 2 3 
0 0 2 7 0 6 9 0 0 
6 0 0 2 3 8 0 0 5 
0 5 9 6 0 1 4 3 0 
3 1 8 0 4 0 2 6 7 

10 34
6 0 3 9 1 2 0 7 8 
2 0 7 4 5 0 9 0 3 
0 5 0 0 0 3 0 4 0 
1 6 9 8 2 0 3 5 4 
5 0 2 6 4 1 8 0 7 
8 7 4 0 3 9 1 2 6 
0 2 0 3 0 0 0 6 0 
4 0 5 0 6 8 7 0 9 
3 9 0 1 7 4 2 0 5 

10 35
0 0 9 7 1 4 8 0 0 
8 0 3 5 6 9 4 0 2 
0 6 0 3 0 2 0 7 0 
1 0 2 4 3 5 6 0 7 
0 5 8 0 7 0 1 9 0 
6 4 7 1 9 8 3 2 5 
0 8 0 9 0 3 0 4 0 
0 3 4 6 2 1 9 5 0 
9 0 0 8 4 7 0 0 6 

10 36
2 0 8 7 0 3 5 0 4 
0 4 9 8 0 6 2 7 0 
5 6 7 0 1 0 8 3 9 
9 0 0 5 8 1 0 0 3 
6 0 3 9 4 7 1 0 2 
0 8 4 6 0 2 7 9 0 
7 9 1 0 2 0 3 5 6 
4 2 0 3 7 5 0 1 8 
0 3 5 0 6 0 4 2 0 

10 37
0 2 0 7 0 6 0 8 0 
0 3 1 5 4 8 2 9 0 
0 8 0 1 0 2 0 3 0 
3 6 8 0 1 0 9 5 4 
2 4 7 6 0 9 3 1 8 
5 1 0 0 0 0 0 6 2 
0 5 6 9 2 1 8 7 0 
0 7 0 8 0 3 0 4 0 
0 9 3 4 0 5 6 2 0 

10 38
0 8 0 9 2 0 1 4 0 
9 1 6 0 0 4 0 3 2 
4 3 0 6 5 0 8 0 7 
0 0 7 3 4 6 0 0 8 
0 6 9 5 1 8 7 2 0 
8 0 0 7 9 2 6 0 0 
5 0 3 0 6 9 0 8 1 
2 9 0 4 0 0 3 6 5 
0 4 8 0 3 5 0 7 0 

10 39
9 4 0 0 2 0 0 6 7 
0 6 0 9 3 7 0 2 0 
0 7 5 0 8 0 3 9 0 
0 1 7 2 4 8 6 5 0 
5 0 2 3 0 6 1 0 4 
4 0 0 5 1 9 0 0 2 
0 5 9 8 6 1 2 4 0 
0 2 4 7 5 3 9 1 0 
6 3 0 0 9 0 0 7 8 

10 40
6 7 0 2 0 3 0 4 5 
3 0 8 0 5 0 2 0 6 
4 5 0 6 9 7 8 1 0 
8 0 7 9 1 0 4 0 2 
0 4 0 7 3 2 0 9 0 
2 0 9 0 4 8 6 0 7 
0 6 3 4 2 1 0 8 9 
1 0 5 0 7 0 3 0 4 
9 8 0 3 0 5 0 2 1 

10 41
4 0 2 7 0 5 8 0 6 
0 9 5 0 3 0 4 7 0 
6 8 0 4 2 9 0 1 3 
5 0 8 2 0 1 9 0 4 
9 1 3 0 5 0 6 2 7 
2 6 0 3 9 7 0 8 5 
0 4 6 0 7 0 3 5 0 
7 0 9 1 0 3 2 0 8 
3 2 0 5 8 6 0 4 9 

10 42
0 8 1 0 0 0 5 6 0 
4 3 5 8 0 9 2 1 7 
6 0 2 0 7 0 3 0 4 
1 4 0 0 9 0 0 2 3 
2 7 3 6 4 1 9 5 8 
9 5 0 2 0 7 0 4 1 
3 6 0 0 1 0 0 9 5 
5 0 9 0 8 0 4 0 2 
8 0 0 9 0 3 0 0 6 

10 43
8 3 0 7 0 4 0 6 5 
0 4 9 8 5 1 2 7 0 
0 5 0 6 0 2 0 0 4 
5 0 6 0 7 0 4 1 9 
0 2 0 9 6 8 0 5 0 
7 9 3 0 1 0 6 0 2 
2 0 0 3 0 7 0 4 0 
0 7 4 1 2 6 5 3 0 
3 6 0 5 0 9 0 2 1 

10 44
0 5 9 2 0 7 0 0 8 
8 0 2 0 6 9 7 0 1 
7 6 0 5 8 1 9 0 0 
9 2 5 6 3 0 4 1 0 
0 7 0 4 0 2 0 8 0 
0 1 8 0 9 5 6 3 2 
0 0 7 1 5 4 0 9 6 
5 0 4 9 2 0 1 0 3 
6 0 0 8 0 3 2 4 0 

10 45
0 0 2 8 4 7 5 0 0 
7 0 3 0 9 0 2 0 4 
5 8 0 1 2 3 0 7 6 
6 0 1 2 0 8 7 0 9 
0 5 7 9 1 4 3 6 0 
3 0 9 6 0 5 1 0 8 
2 9 0 4 5 1 0 3 7 
4 0 5 0 8 0 6 0 1 
0 0 8 3 6 2 4 0 0 

10 46
5 8 0 7 6 4 0 9 2 
9 0 6 1 0 2 8 0 7 
0 2 7 0 3 0 6 4 0 
8 1 0 9 7 3 0 2 6 
0 5 9 0 4 0 7 8 0 
7 3 2 5 0 6 9 1 4 
3 0 5 4 9 8 2 0 1 
0 7 0 3 1 5 0 6 0 
4 9 1 0 2 0 3 5 8 

10 47
7 8 5 0 6 0 4 2 1 
3 2 0 4 1 7 0 9 8 
0 0 9 0 8 0 3 0 0 
1 6 0 7 4 8 0 3 5 
9 0 0 0 3 0 0 0 2 
5 4 0 6 0 9 0 8 7 
2 9 4 8 5 6 7 1 3 
8 5 1 0 7 0 2 6 9 
6 0 0 2 9 1 0 0 4 

10 48
0 3 0 2 5 1 0 6 0 
9 0 6 7 3 8 4 0 5 
7 5 0 4 0 6 0 3 2 
0 8 9 0 6 0 1 4 0 
6 0 4 8 7 9 2 0 3 
0 7 3 0 2 0 6 9 0 
0 4 0 9 0 2 0 7 0 
8 0 7 5 1 3 9 0 4 
0 9 0 6 4 7 0 8 0 

10 49
0 0 8 6 4 7 9 0 0 
0 6 4 1 0 2 5 8 0 
7 2 9 8 5 0 0 6 4 
0 8 5 7 0 9 0 2 3 
9 0 1 0 0 0 4 0 8 
6 3 0 5 0 4 7 9 0 
5 9 0 0 3 8 2 1 6 
0 4 3 9 0 1 8 7 0 
0 0 6 2 7 5 3 0 0 

10 50
0 0 0 5 8 9 0 0 0 
9 5 3 0 2 0 1 6 8 
2 0 4 3 0 1 9 0 5 
3 7 0 1 9 4 0 5 6 
0 4 6 2 3 8 7 9 0 
8 1 0 6 7 5 0 2 3 
4 0 8 9 0 2 6 0 7 
6 9 7 0 1 0 5 4 2 
0 0 0 7 4 6 0 0 0 

11 1
0 7 8 3 0 6 2 5 0 
4 0 5 0 8 0 9 0 1 
1 2 0 0 0 0 0 6 8 
7 0 6 5 3 1 4 0 2 
5 3 9 4 2 8 1 7 6 
2 0 1 6 7 9 3 0 5 
6 1 0 0 0 0 0 4 9 
8 0 7 0 9 0 6 0 3 
0 9 4 8 0 2 5 1 0 

11 2
5 0 0 4 7 1 0 0 3 
9 4 3 6 2 8 5 7 1 
7 0 0 9 0 5 0 0 4 
0 3 9 2 5 4 6 8 0 
2 0 0 1 0 7 0 0 5 
8 0 7 3 9 6 1 0 2 
0 2 1 0 0 0 3 5 0 
6 0 8 5 1 3 4 0 9 
3 0 0 8 4 2 0 0 6 

11 3
4 0 7 0 6 0 2 0 3 
0 0 5 0 0 0 8 0 0 
3 8 0 1 9 4 0 7 5 
2 0 6 5 1 8 4 0 9 
1 4 0 7 3 9 0 2 6 
5 0 9 6 4 2 7 0 1 
9 6 0 2 7 1 0 5 8 
0 0 1 4 0 3 9 0 0 
7 0 3 0 8 0 1 0 2 

11 4
7 9 0 8 0 3 0 0 5 
3 0 0 6 0 9 2 7 8 
4 2 8 5 1 0 6 0 0 
0 4 0 3 6 1 0 5 2 
6 1 0 2 5 8 0 3 9 
2 3 0 7 9 4 0 6 0 
0 0 3 0 7 2 5 8 4 
5 8 4 1 0 6 0 0 7 
9 0 0 4 0 5 0 1 6 

11 5
4 0 7 0 8 0 3 6 0 
0 8 6 2 3 1 0 9 4 
2 9 0 4 0 6 1 0 5 
0 5 2 1 6 3 0 7 0 
7 0 9 0 0 0 8 0 3 
0 3 0 8 9 7 5 2 0 
9 0 5 7 0 2 0 3 8 
3 2 0 6 5 8 9 4 0 
0 7 8 0 4 0 2 0 1 

11 6
5 0 0 1 4 3 0 0 6 
3 8 9 7 0 2 5 4 0 
0 0 0 9 5 0 0 0 2 
8 1 4 2 0 9 0 6 5 
7 9 6 0 8 4 1 0 3 
2 5 3 6 0 1 0 9 4 
0 0 0 3 1 0 0 0 7 
1 4 7 8 0 5 6 3 0 
6 0 0 4 9 7 0 0 8 

11 7
0 7 4 0 5 0 8 6 0 
6 0 5 8 3 1 4 0 7 
0 9 0 6 0 7 0 2 0 
7 5 8 4 2 6 3 1 9 
9 0 1 0 8 0 2 0 6 
0 3 6 5 0 9 7 4 0 
3 6 0 1 7 5 0 8 4 
4 0 9 3 0 8 5 0 2 
0 8 0 0 9 0 0 3 0 

11 8
5 7 9 6 3 0 8 0 1 
0 0 0 7 0 8 0 6 5 
2 8 6 1 0 5 4 7 0 
6 0 7 0 8 2 0 5 9 
0 9 0 3 0 6 7 0 0 
4 0 3 0 7 9 0 1 8 
9 6 2 8 0 1 5 3 0 
0 0 0 2 0 3 0 9 4 
3 4 1 9 5 0 2 0 6 

11 9
7 0 3 0 8 0 5 0 4 
0 4 2 3 0 1 8 9 0 
5 9 0 7 6 4 0 2 1 
0 7 9 6 0 3 1 5 0 
2 0 6 0 9 0 4 0 8 
0 3 4 5 2 8 9 7 0 
3 0 1 0 7 0 6 0 5 
9 6 0 4 0 5 0 8 3 
0 8 5 0 3 0 7 1 0 

11 10
2 0 5 0 9 7 0 6 1 
4 0 7 6 8 0 3 9 0 
0 8 9 0 0 3 0 4 7 
5 6 8 0 2 4 0 0 9 
0 4 0 0 7 0 5 2 3 
3 7 2 0 1 9 0 0 6 
0 9 4 0 0 5 0 1 8 
8 0 6 9 4 0 7 3 0 
1 0 3 0 6 8 0 5 4 

11 11
0 9 0 7 4 1 0 6 0 
3 0 8 0 6 0 7 0 4 
0 4 6 3 0 2 1 5 0 
5 7 9 0 3 0 8 0 2 
4 6 0 2 5 8 0 3 7 
8 0 2 0 9 0 6 1 5 
0 5 3 9 0 4 2 8 0 
6 0 7 0 1 0 4 0 3 
0 8 0 6 2 3 0 7 0 

11 12
8 0 4 7 0 5 6 0 3 
0 2 9 0 6 0 4 5 0 
5 0 3 1 9 4 7 0 2 
2 9 0 5 0 3 0 4 8 
0 4 0 9 0 2 0 7 0 
3 0 7 4 1 6 9 0 5 
6 7 0 2 0 1 0 3 9 
4 3 2 0 5 0 8 1 7 
0 5 0 8 0 7 0 6 0 

11 13
0 4 6 9 0 5 1 7 0 
7 9 2 0 3 0 6 5 8 
0 5 0 8 7 6 0 2 0 
9 0 5 0 8 0 4 0 1 
0 3 0 2 0 9 0 8 0 
6 0 8 0 4 0 3 0 2 
4 6 0 7 5 2 0 1 9 
2 8 9 0 1 0 5 4 7 
0 1 7 4 0 8 2 3 0 

11 14
0 7 0 4 0 5 0 6 0 
9 5 6 3 0 1 4 7 2 
0 3 2 0 7 0 5 8 0 
2 8 4 7 5 3 1 9 6 
0 9 7 0 6 0 3 4 0 
3 0 5 0 0 0 8 0 7 
5 2 9 0 4 0 6 3 8 
0 0 3 8 0 6 2 0 0 
6 4 0 5 0 2 0 1 9 

11 15
5 0 9 3 0 7 6 0 8 
0 8 3 0 6 0 7 2 0 
7 2 0 8 0 4 0 1 9 
6 0 8 1 7 9 2 0 4 
0 9 0 6 0 2 0 7 0 
2 0 4 5 8 3 1 0 6 
9 5 0 2 0 8 0 6 1 
0 4 1 0 9 0 5 3 0 
3 0 2 4 0 5 9 0 7 

11 16
0 9 2 0 6 4 0 3 0 
3 0 7 5 9 0 4 0 8 
0 5 8 0 1 7 2 6 9 
2 8 0 9 0 6 0 5 0 
7 0 5 0 4 0 6 0 2 
6 1 0 2 0 5 0 8 0 
0 7 3 0 2 1 8 4 5 
8 0 6 4 5 0 9 0 1 
0 4 1 0 8 9 0 2 0 

11 17
7 4 8 0 9 0 1 0 5 
0 2 0 5 6 7 0 8 0 
5 0 6 0 8 0 7 0 9 
2 5 1 6 0 8 0 3 4 
0 8 7 9 3 0 6 0 2 
6 9 3 4 0 5 0 7 1 
9 0 2 0 5 0 3 0 7 
0 7 0 3 4 9 0 1 0 
3 6 4 0 1 0 5 0 8 

11 18
0 8 0 0 9 0 7 0 3 
7 0 9 2 8 0 5 0 6 
0 4 5 0 1 7 0 8 9 
9 5 2 7 0 1 8 3 0 
0 0 4 9 3 8 6 0 0 
0 6 3 4 0 2 9 7 1 
3 2 0 6 4 0 1 9 0 
4 0 7 0 2 9 3 0 5 
5 0 6 0 7 0 0 2 0 

11 19
9 7 0 4 5 0 3 1 0 
0 2 6 0 7 9 0 5 8 
3 0 5 6 0 8 7 0 2 
0 9 4 0 3 0 6 7 0 
8 0 1 9 0 7 2 0 4 
0 3 7 0 2 0 9 8 0 
4 0 2 7 0 5 8 0 3 
0 8 3 0 4 6 0 2 9 
5 6 0 2 8 0 1 4 0 

11 20
0 8 7 0 4 0 9 5 0 
9 0 4 6 0 5 8 0 3 
0 3 0 9 8 2 0 7 0 
5 7 6 0 3 0 1 9 2 
8 0 3 1 0 7 6 0 5 
1 4 2 0 9 0 3 8 7 
0 2 0 4 5 9 0 6 0 
7 0 9 2 0 8 5 0 4 
0 5 8 0 6 0 2 1 0 

11 21
0 7 0 4 0 6 5 0 9 
5 0 6 2 9 3 0 0 0 
8 4 0 0 7 0 6 2 3 
6 0 8 9 0 2 4 0 7 
0 2 5 8 3 4 0 6 1 
4 0 1 7 0 5 3 0 2 
9 8 0 0 5 0 1 4 6 
3 0 7 1 4 8 0 0 0 
0 5 0 6 0 9 7 0 8 

11 22
5 0 1 0 4 8 7 0 6 
0 7 6 5 0 9 0 4 2 
8 2 4 7 3 0 5 1 0 
0 5 0 6 0 2 3 0 4 
6 0 8 0 7 0 0 9 0 
0 3 0 4 0 5 6 0 1 
9 1 2 8 6 0 4 5 0 
0 6 3 9 0 7 0 2 8 
7 0 5 0 2 4 9 0 3 

11 23
8 7 5 0 9 3 0 1 0 
0 6 4 8 5 0 0 2 9 
2 1 0 0 7 4 5 8 0 
0 4 7 1 0 9 0 6 8 
6 0 0 0 8 0 0 0 7 
9 2 0 7 0 6 1 5 0 
0 9 3 5 6 0 0 4 1 
4 5 0 0 1 8 9 7 0 
0 8 0 9 4 0 6 3 5 

11 24
0 9 5 4 7 1 2 0 8 
4 7 3 6 0 8 0 5 9 
0 1 8 3 0 0 0 6 7 
0 5 0 0 4 3 0 1 0 
0 0 9 1 5 2 7 0 6 
0 4 0 0 6 7 0 8 0 
0 2 4 7 0 0 0 9 3 
9 6 7 5 0 4 0 2 1 
0 3 1 2 8 9 6 0 4 

11 25
9 7 0 8 0 5 0 3 4 
0 4 6 7 0 3 8 9 0 
8 2 0 6 4 9 0 1 5 
4 0 7 0 6 0 9 0 1 
0 8 0 5 0 1 0 4 0 
1 0 5 0 7 0 2 0 8 
2 6 0 1 5 7 0 8 3 
0 5 8 4 0 6 1 2 0 
3 1 0 9 0 2 0 7 6 

11 26
3 0 9 4 0 8 5 7 0 
0 8 2 6 0 0 4 0 9 
6 5 0 1 9 7 3 0 0 
0 4 6 0 5 1 7 0 8 
0 7 0 9 6 2 0 4 0 
5 0 1 7 8 0 2 6 0 
0 0 5 8 4 9 0 2 7 
4 0 8 0 0 6 9 3 0 
0 6 7 2 0 3 8 0 4 

11 27
0 6 0 9 0 5 8 7 0 
5 9 4 0 7 0 2 0 3 
0 1 0 4 0 3 5 6 0 
9 0 8 1 5 7 0 2 6 
0 2 3 6 0 9 7 4 0 
6 0 5 3 4 2 0 8 1 
0 8 0 5 0 4 1 9 0 
7 3 9 0 6 0 4 0 8 
0 5 0 7 0 8 6 3 0 

11 28
0 7 4 3 6 0 2 1 0 
8 0 0 0 0 7 0 9 6 
0 6 0 9 4 1 8 0 7 
3 2 8 6 0 4 9 5 0 
0 0 9 8 1 5 0 7 2 
7 5 1 2 0 3 6 8 0 
0 3 0 4 8 2 5 0 9 
4 0 0 0 0 9 0 2 3 
0 9 5 1 3 0 7 4 0 

11 29
4 0 2 7 8 0 3 0 9 
0 5 9 0 0 6 4 7 8 
8 0 7 0 9 0 0 6 0 
0 2 8 9 4 0 6 0 1 
7 0 1 0 6 3 2 9 5 
0 9 6 1 5 0 7 0 4 
2 0 3 0 1 0 0 4 0 
0 7 4 0 0 8 5 1 6 
6 0 5 4 7 0 8 0 3 

11 30
0 2 6 0 3 0 5 0 4 
3 0 9 7 0 2 0 1 8 
5 8 0 6 4 1 2 9 0 
0 9 0 8 7 0 0 5 6 
7 0 8 4 0 5 1 0 9 
4 5 0 0 6 9 0 2 0 
0 3 5 2 8 6 0 4 1 
6 7 0 3 0 4 9 0 5 
8 0 4 0 9 0 3 6 0 

11 31
2 6 3 0 4 0 9 7 5 
4 9 0 0 6 0 0 8 1 
0 5 8 0 7 0 3 6 0 
5 0 2 9 0 6 7 0 8 
0 8 0 7 0 2 0 3 0 
9 0 1 8 0 4 5 0 6 
3 4 6 0 9 0 8 1 2 
0 1 0 4 2 3 0 5 0 
7 2 5 0 8 0 4 9 3 

11 32
2 9 5 4 3 8 0 0 1 
3 6 0 0 7 0 8 4 2 
0 0 8 6 0 2 0 3 9 
0 0 7 5 0 6 2 0 0 
6 5 0 0 4 1 7 9 8 
0 0 3 7 0 9 4 0 0 
0 0 6 2 0 4 0 8 5 
1 2 0 0 5 0 3 6 4 
5 8 4 1 6 3 0 0 7 

11 33
8 3 9 4 0 7 5 1 2 
1 7 6 0 8 0 3 9 4 
4 5 0 3 1 9 0 6 7 
0 0 4 2 5 1 6 0 0 
0 0 5 8 0 4 2 0 0 
3 2 0 7 9 6 0 4 5 
5 0 0 1 7 8 0 0 6 
9 8 0 0 2 0 0 5 1 
2 6 0 0 0 0 0 3 8 

11 34
0 7 3 4 6 2 0 0 1 
8 0 0 0 9 0 4 2 3 
4 0 5 0 0 3 9 7 6 
0 8 7 0 5 0 6 3 0 
6 5 2 9 0 8 7 1 4 
0 9 4 0 7 0 2 5 0 
7 3 1 5 0 0 8 0 2 
2 6 9 0 1 0 0 0 5 
5 0 0 3 2 9 1 6 0 

11 35
1 7 2 0 8 0 3 9 0 
0 4 8 9 7 3 2 1 6 
6 0 9 0 0 2 5 0 8 
2 5 0 0 9 6 0 8 1 
0 0 7 4 0 0 0 0 0 
8 6 0 0 2 1 0 5 7 
4 0 1 0 0 9 7 0 5 
0 9 6 5 1 7 8 4 2 
7 2 5 0 6 0 1 3 0 

11 36
2 0 9 7 0 6 0 8 5 
8 6 0 0 5 0 7 0 4 
3 0 5 4 8 1 0 9 6 
0 9 6 5 0 7 8 1 0 
0 8 0 0 4 0 0 6 0 
0 3 7 9 0 8 4 5 0 
9 2 0 8 7 5 6 0 1 
6 0 4 0 9 0 0 7 8 
7 5 0 6 0 4 3 0 9 

11 37
0 6 5 0 9 0 1 8 0 
8 7 1 4 6 0 2 0 9 
9 0 2 5 1 8 0 3 7 
0 9 0 2 7 0 4 0 0 
7 5 4 0 0 0 9 2 8 
0 0 6 0 4 9 0 1 0 
5 2 0 1 8 4 3 0 6 
6 0 3 0 2 7 5 4 1 
0 1 9 0 5 0 8 7 0 

11 38
1 5 6 0 2 0 4 8 9 
0 0 2 9 0 6 7 0 0 
0 9 7 4 5 1 3 2 0 
2 0 0 8 0 9 0 0 4 
6 4 0 5 3 2 0 7 1 
5 0 0 7 0 4 0 0 3 
0 2 5 1 4 8 9 6 0 
0 0 1 6 0 3 5 0 0 
9 6 4 0 7 0 1 3 8 

11 39
8 4 0 9 2 5 0 6 1 
9 0 1 0 0 0 8 0 4 
0 0 6 4 0 8 2 0 0 
0 6 9 0 3 0 1 8 0 
4 0 0 5 0 2 0 0 3 
5 3 8 6 0 1 4 2 7 
3 0 2 0 5 0 9 0 6 
1 9 4 2 0 3 5 7 8 
6 7 5 0 4 0 3 1 2 

11 40
8 7 6 0 0 3 9 4 2 
1 5 4 0 2 0 3 8 6 
0 9 3 8 4 0 0 1 0 
0 6 9 2 5 1 0 7 0 
0 0 0 3 0 7 0 0 0 
0 8 0 6 9 4 1 2 0 
0 1 0 0 7 5 2 3 0 
9 4 2 0 3 0 7 6 5 
7 3 5 4 0 0 8 9 1 

11 41
0 9 7 8 0 1 5 3 0 
2 3 6 0 9 0 4 8 1 
8 0 0 4 0 3 0 0 9 
9 6 0 1 4 2 0 5 7 
7 0 3 9 0 8 6 0 4 
0 0 5 3 7 6 2 0 0 
6 0 0 5 3 4 0 0 2 
5 7 2 0 0 0 1 4 3 
0 8 4 2 0 7 9 6 0 

11 42
0 0 9 8 0 4 1 0 0 
0 2 5 0 0 0 4 9 0 
1 7 4 0 9 0 8 3 2 
7 9 0 4 8 3 0 6 1 
5 0 3 2 6 1 7 0 9 
4 6 0 5 7 9 0 2 8 
2 4 6 0 5 0 9 1 3 
0 5 7 0 0 0 6 8 0 
0 0 8 3 0 6 2 0 0 

11 43
0 9 2 0 0 0 4 6 0 
1 6 7 0 4 0 5 8 3 
5 0 0 7 6 3 0 0 1 
4 0 1 5 0 8 3 0 6 
0 8 5 6 3 4 1 9 0 
6 0 9 2 0 7 8 0 5 
8 0 0 4 2 1 0 0 9 
2 1 6 0 5 0 7 3 4 
0 5 4 0 0 0 2 1 0 

11 44
9 1 7 3 0 5 4 8 2 
0 0 5 4 1 2 6 0 0 
0 6 2 0 0 0 3 5 0 
6 2 1 0 8 0 9 3 4 
0 4 0 2 0 6 0 1 0 
5 8 9 0 3 0 2 6 7 
0 5 6 0 0 0 7 4 0 
0 0 8 7 4 1 5 0 0 
2 7 4 6 0 3 1 9 8 

11 45
6 9 1 2 7 0 0 4 8 
4 0 2 0 0 0 0 9 6 
8 0 0 6 9 0 2 1 5 
0 1 8 3 4 9 5 6 0 
0 2 0 5 0 7 0 3 0 
0 3 6 8 2 1 4 7 0 
1 4 7 0 5 8 0 0 3 
3 6 0 0 0 0 9 0 7 
2 8 0 0 3 6 1 5 4 

11 46
5 8 7 0 0 0 1 9 3 
6 1 3 8 0 7 4 2 5 
0 0 0 5 1 3 0 0 0 
9 2 0 0 7 0 0 4 6 
7 3 0 4 5 6 0 1 9 
1 4 0 2 0 9 0 8 7 
8 0 2 9 4 5 6 0 1 
3 6 0 0 0 0 0 5 4 
0 5 9 3 0 1 8 7 0 

11 47
2 4 7 6 0 3 0 9 5 
0 6 3 0 0 9 0 8 7 
8 0 9 0 5 4 2 0 3 
9 0 0 4 0 8 6 2 1 
1 0 0 0 9 0 0 0 8 
7 8 6 3 0 1 0 0 4 
3 0 1 8 6 0 5 0 2 
6 7 0 1 0 0 8 3 0 
4 5 0 9 0 2 7 1 6 

11 48
4 1 5 2 0 6 3 7 9 
8 6 0 0 0 0 0 2 4 
7 0 0 0 4 0 0 0 5 
0 0 2 9 6 4 8 0 0 
1 0 7 8 5 2 4 0 3 
6 4 0 7 3 1 0 5 2 
2 7 6 0 1 0 5 9 8 
5 8 0 0 9 0 0 3 1 
9 3 0 0 2 0 0 4 6 

11 49
4 0 2 0 1 0 6 0 9 
9 5 0 6 4 7 0 3 8 
7 0 3 9 2 8 4 0 5 
0 3 0 0 9 0 0 2 0 
1 2 6 8 0 3 9 5 4 
0 4 0 0 6 0 0 8 0 
6 0 8 2 5 1 3 0 7 
2 7 0 4 3 6 0 9 1 
3 0 4 0 8 0 5 0 2 

11 50
7 4 9 0 0 2 6 5 1 
3 8 1 0 0 7 0 0 2 
0 0 6 4 9 0 0 8 3 
0 0 0 2 1 4 5 7 0 
4 2 7 5 8 6 1 3 0 
0 0 0 3 7 9 2 4 0 
0 0 4 9 6 0 0 2 5 
9 3 2 0 0 5 0 0 7 
5 6 8 0 0 3 9 1 4 

12 1
0 4 0 9 6 1 5 7 0 
8 0 6 0 5 7 2 0 1 
1 5 7 4 0 0 0 3 6 
3 0 8 7 0 0 4 2 5 
5 0 0 2 4 6 0 0 9 
4 2 9 0 0 8 6 0 7 
9 3 0 0 0 4 8 6 2 
7 0 4 6 2 0 1 0 3 
0 1 2 8 9 3 0 5 0 

12 2
7 6 0 4 0 5 0 2 8 
0 8 9 0 3 0 4 5 0 
2 0 0 9 6 8 0 0 3 
4 0 1 5 8 2 6 0 7 
9 5 0 0 4 0 0 3 2 
8 0 6 3 7 9 5 0 1 
0 7 0 1 0 4 0 6 0 
6 0 2 0 0 0 1 0 4 
5 1 4 8 0 6 3 7 9 

12 3
0 9 5 1 0 6 2 8 0 
1 4 2 0 8 0 6 7 3 
0 6 0 4 0 2 0 9 0 
4 0 0 7 5 1 0 0 6 
0 5 7 2 9 8 4 3 0 
0 0 0 6 4 3 0 0 0 
3 7 0 8 0 9 0 6 2 
5 1 6 0 2 0 9 4 8 
0 2 8 5 0 4 3 1 0 

12 4
9 2 4 0 1 0 7 5 8 
0 7 5 0 0 4 1 2 3 
0 0 0 5 2 7 6 9 0 
0 0 2 3 0 9 0 4 6 
8 4 0 2 0 6 0 7 1 
5 6 0 4 0 1 9 0 0 
0 9 8 1 6 5 0 0 0 
4 5 6 7 0 0 8 1 0 
1 3 7 0 4 0 2 6 5 

12 5
4 9 2 3 7 8 0 1 5 
5 7 0 0 6 0 0 8 9 
1 6 8 0 0 9 7 0 3 
0 0 4 5 1 7 0 0 6 
2 5 0 0 8 0 4 0 0 
0 0 6 4 2 3 0 0 1 
6 4 9 0 0 5 1 0 2 
8 1 0 0 9 0 0 6 4 
3 2 7 6 4 1 0 5 8 

12 6
4 8 0 7 1 0 3 9 2 
7 6 0 0 0 9 0 5 8 
0 0 3 5 4 0 7 0 0 
0 4 0 1 3 5 8 2 7 
1 0 2 6 8 4 9 0 5 
3 5 8 2 9 7 0 6 0 
0 0 4 0 5 2 6 0 0 
2 9 0 4 0 0 0 8 3 
5 1 6 0 7 3 0 4 9 

12 7
4 3 5 2 0 6 7 9 1 
2 0 9 0 3 0 5 0 8 
0 7 0 5 9 1 0 4 0 
5 2 8 0 1 0 4 3 7 
0 0 0 3 0 5 0 0 0 
6 9 3 0 4 0 2 1 5 
0 8 0 1 7 2 0 5 0 
9 0 7 0 6 0 1 0 3 
1 6 2 9 0 3 8 7 4 

12 8
0 1 4 6 5 0 0 3 8 
2 0 5 3 0 9 1 0 7 
7 3 0 2 4 1 6 0 0 
0 4 9 0 2 3 0 8 0 
8 0 3 1 0 6 4 0 5 
0 5 0 8 7 0 9 6 0 
0 0 1 7 6 2 0 9 4 
4 0 7 9 0 5 8 0 6 
5 9 0 0 1 8 3 7 0 

12 9
2 4 9 0 0 0 6 1 7 
8 1 0 6 7 9 0 5 4 
5 0 6 4 1 2 0 0 0 
0 5 0 0 8 1 7 4 0 
0 9 1 2 0 7 0 3 8 
0 8 0 0 3 6 1 9 0 
9 0 5 3 6 4 0 0 0 
1 3 0 7 2 5 0 6 9 
4 6 7 0 0 0 3 2 5 

12 10
6 2 4 0 3 0 0 0 0 
9 5 0 6 0 4 3 2 0 
8 0 1 2 5 0 4 9 0 
0 1 8 4 2 5 0 6 7 
4 0 2 7 0 6 1 0 3 
5 7 0 1 9 3 2 8 0 
0 6 9 0 4 1 7 0 5 
0 8 3 5 0 9 0 4 2 
0 0 0 0 6 0 8 1 9 

12 11
2 9 3 0 1 8 0 0 0 
0 7 0 6 2 0 4 0 0 
8 0 4 7 0 9 1 2 3 
4 1 7 0 3 2 8 5 6 
0 0 2 8 6 0 7 0 0 
5 8 6 0 7 4 3 9 2 
6 0 9 3 0 7 5 4 1 
0 4 0 5 9 0 2 0 0 
3 5 8 0 4 1 0 0 0 

12 12
1 5 0 0 0 8 7 0 6 
8 6 0 2 0 7 0 4 1 
4 0 9 0 3 6 2 0 5 
7 3 0 0 8 5 4 9 0 
9 0 6 4 0 2 1 0 3 
0 4 5 3 9 0 0 7 8 
3 0 4 8 2 0 5 0 7 
6 9 0 5 0 3 0 2 4 
5 0 8 7 0 0 0 1 9 

12 13
4 5 6 1 0 3 8 2 9 
8 9 2 0 5 0 7 1 3 
1 7 0 8 0 2 0 5 6 
0 0 5 0 0 0 3 0 0 
0 3 9 6 0 5 1 4 0 
0 0 4 0 0 0 2 0 0 
5 6 0 3 0 4 0 7 2 
9 2 1 0 8 0 6 3 4 
3 4 7 2 0 9 5 8 1 

12 14
2 3 7 4 0 0 0 0 9 
5 6 0 0 1 7 0 0 8 
1 8 4 0 9 2 5 3 7 
0 1 6 9 5 8 0 0 0 
0 4 5 7 0 6 8 9 0 
0 0 0 1 3 4 6 7 0 
4 5 3 8 7 0 2 1 6 
9 0 0 5 6 0 0 8 4 
6 0 0 0 0 1 9 5 3 

12 15
8 3 5 0 0 0 2 9 4 
7 0 0 3 8 4 0 0 6 
4 0 6 2 9 5 8 0 7 
0 5 7 0 4 0 9 8 0 
0 8 1 9 0 3 7 4 0 
0 4 2 0 7 0 1 6 0 
1 0 4 8 5 7 3 0 9 
2 0 0 6 3 9 0 0 1 
5 9 3 0 0 0 6 7 8 

12 16
0 0 0 8 1 9 2 0 7 
2 8 7 0 0 6 0 5 1 
1 6 9 5 0 0 0 8 3 
0 7 6 1 2 0 0 4 8 
0 2 3 6 0 7 1 9 0 
8 5 0 0 9 4 7 2 0 
6 9 0 0 0 1 5 3 2 
7 3 0 9 0 0 6 1 4 
5 0 4 2 6 3 0 0 0 

12 17
5 0 0 3 7 6 0 4 2 
9 7 0 1 0 8 0 6 3 
0 6 0 5 2 9 0 0 0 
0 1 8 0 3 0 4 5 6 
6 4 5 8 0 2 3 7 9 
0 9 3 0 5 0 8 2 1 
0 2 0 4 6 5 0 0 0 
4 3 0 7 0 1 0 9 5 
1 0 0 2 9 3 0 8 4 

12 18
2 6 0 9 7 1 0 3 4 
4 0 7 2 5 3 1 0 8 
0 5 0 4 6 8 0 9 0 
5 4 0 8 1 6 0 2 9 
6 0 9 0 0 0 8 0 3 
8 7 0 3 0 4 0 5 1 
1 2 4 6 0 7 9 8 5 
0 3 0 5 0 9 0 1 0 
0 0 5 1 0 2 3 0 0 

12 19
8 0 0 6 4 3 9 0 0 
2 0 0 7 1 9 5 0 0 
0 6 7 5 2 0 0 3 4 
0 2 5 0 0 6 4 9 8 
6 3 9 0 8 7 2 1 5 
0 1 8 0 0 2 3 6 7 
0 9 4 8 6 0 0 2 3 
3 0 0 2 9 5 8 0 0 
1 0 0 3 7 4 6 0 0 

12 20
9 6 2 0 0 0 7 5 3 
5 4 0 3 0 2 0 8 9 
0 1 8 7 5 9 6 2 0 
0 0 9 6 0 3 5 0 0 
7 0 3 0 2 0 4 0 6 
0 0 1 4 0 7 8 0 0 
0 7 4 9 3 6 2 1 0 
2 3 0 1 0 8 0 6 7 
1 9 6 0 0 0 3 4 8 

12 21
4 2 7 0 3 6 0 0 8 
3 8 5 0 1 4 0 0 9 
0 0 1 0 7 5 4 3 2 
1 0 0 0 8 9 5 4 6 
0 0 4 6 0 1 2 0 0 
6 5 9 7 4 0 0 0 3 
7 1 8 5 6 0 9 0 0 
2 0 0 1 9 0 3 8 5 
5 0 0 4 2 0 6 7 1 

12 22
2 0 9 3 7 0 5 1 6 
6 1 0 8 0 5 0 4 0 
0 5 4 0 1 2 3 0 8 
5 0 0 9 0 8 0 3 0 
4 0 8 1 3 7 9 6 5 
3 0 0 2 0 6 0 8 0 
0 3 6 0 2 9 1 0 4 
9 7 0 4 0 1 0 5 0 
1 0 5 7 6 0 8 2 9 

12 23
9 3 1 6 8 4 2 0 0 
5 2 8 1 0 7 0 6 9 
4 7 0 0 2 0 3 1 8 
0 0 5 0 6 0 0 3 0 
0 6 4 7 0 2 9 0 0 
0 0 9 0 5 0 0 2 0 
6 4 0 0 9 0 5 7 3 
8 9 3 5 0 6 0 4 2 
1 5 7 2 4 3 8 0 0 

12 24
2 0 6 0 8 0 0 1 3 
5 0 0 1 3 9 0 2 4 
0 4 1 7 2 6 5 0 8 
1 0 4 6 0 5 9 8 0 
0 5 0 4 0 8 0 3 0 
9 0 7 2 0 3 4 6 0 
0 2 5 8 6 1 3 0 9 
8 0 0 3 4 7 0 5 1 
4 0 3 0 5 0 0 7 6 

12 25
7 6 0 0 0 0 0 5 8 
0 4 3 8 9 5 2 7 0 
0 0 8 4 0 6 3 0 0 
3 1 0 6 4 9 0 8 2 
2 7 4 0 0 0 9 6 5 
9 8 0 5 2 7 0 4 3 
0 0 7 1 0 2 6 0 0 
0 3 2 9 6 8 5 1 0 
6 5 0 0 0 0 0 2 9 

12 26
3 8 6 0 4 1 2 0 9 
0 4 0 2 6 7 3 0 8 
5 0 0 3 9 8 0 6 0 
0 2 7 0 0 0 6 0 5 
1 3 9 4 0 6 8 2 7 
0 5 4 0 0 0 9 0 3 
2 0 0 1 3 4 0 8 0 
0 1 0 6 7 9 5 0 2 
7 6 3 0 2 5 1 0 4 

12 27
1 0 4 2 5 6 7 0 0 
5 0 7 9 0 0 6 2 4 
9 6 0 0 0 0 3 5 1 
0 5 1 3 9 8 0 6 0 
0 2 3 6 1 7 0 0 5 
0 9 8 5 4 2 0 7 0 
2 1 0 0 0 0 8 3 7 
3 0 9 7 0 0 2 1 6 
8 0 6 1 2 3 5 0 0 

12 28
9 4 8 0 3 6 0 2 1 
5 7 0 8 0 1 9 6 3 
1 6 3 0 0 0 0 0 7 
2 0 0 3 0 5 0 7 4 
0 0 7 6 1 9 8 0 0 
8 5 0 4 0 7 0 0 6 
6 0 0 0 0 0 2 4 9 
3 2 4 9 0 8 0 1 5 
7 1 0 2 5 0 6 3 8 

12 29
8 3 2 0 4 0 6 9 0 
4 6 0 9 0 3 2 0 0 
0 0 5 0 2 8 0 7 3 
1 7 0 4 5 0 9 2 8 
0 5 4 0 0 9 3 6 7 
6 8 0 3 7 0 1 5 4 
0 0 6 0 9 5 0 1 2 
5 2 0 7 0 4 8 0 0 
7 9 8 0 3 0 5 4 0 

12 30
2 6 8 0 0 0 7 4 9 
0 1 5 0 8 0 2 3 0 
4 0 0 6 2 7 0 0 8 
9 7 0 5 3 8 0 2 4 
0 5 2 0 6 0 1 9 0 
6 3 0 2 9 1 0 7 5 
5 0 0 3 1 6 0 0 7 
0 8 7 0 4 0 3 6 0 
3 4 6 0 0 0 9 5 1 

12 31
6 2 0 8 4 1 0 0 0 
3 0 4 5 2 6 0 7 8 
0 1 0 7 9 0 0 0 2 
0 4 9 0 0 5 8 2 3 
1 5 3 0 7 8 9 4 6 
0 8 6 0 0 9 7 5 1 
0 3 0 6 1 0 0 0 4 
5 0 1 9 8 4 0 3 7 
4 7 0 3 5 2 0 0 0 

12 32
6 0 1 2 4 9 0 8 0 
0 4 0 1 3 7 5 0 9 
3 0 9 8 5 0 0 1 2 
1 6 7 0 0 3 0 9 0 
4 9 8 6 0 0 0 3 7 
2 3 5 0 0 1 0 4 0 
5 0 6 7 9 0 0 2 4 
0 2 0 5 1 4 6 0 8 
7 0 4 3 6 2 0 5 0 

12 33
9 0 2 7 0 0 0 5 6 
3 6 7 0 4 5 2 8 0 
0 8 0 6 9 0 7 0 1 
6 5 3 0 2 1 0 7 4 
0 0 8 4 0 9 3 0 0 
1 4 9 0 5 7 0 2 8 
0 2 0 9 1 0 8 0 7 
7 9 1 0 8 6 5 4 0 
8 0 6 5 0 0 0 9 2 

12 34
0 6 3 9 0 5 8 7 0 
8 5 2 0 7 0 9 1 4 
0 7 0 8 0 2 0 5 0 
7 0 4 5 2 8 1 0 6 
3 0 8 0 0 0 5 0 9 
0 0 6 3 9 1 7 0 0 
2 4 5 1 0 6 3 9 7 
6 3 0 4 0 9 0 8 1 
0 8 1 0 3 0 4 6 0 

12 35
9 2 0 5 0 3 0 6 7 
0 1 5 7 8 2 4 3 0 
8 0 3 4 0 9 5 0 1 
2 0 8 0 9 0 1 0 6 
0 0 7 8 0 6 9 0 0 
4 9 0 2 5 1 0 7 8 
0 6 0 9 0 5 0 8 0 
5 4 2 0 7 0 6 9 3 
7 8 0 6 0 4 0 1 5 

12 36
6 9 0 5 0 4 0 1 8 
5 0 8 0 9 0 6 0 2 
4 1 2 3 0 8 9 5 7 
0 8 0 7 4 2 0 9 0 
0 0 5 9 0 1 4 0 0 
0 2 0 6 5 3 0 7 0 
3 5 9 2 0 6 7 8 4 
8 0 1 4 0 9 2 0 5 
0 4 6 0 7 0 1 3 0 

12 37
9 6 0 0 7 0 0 2 3 
0 8 0 1 0 3 0 9 0 
3 2 0 9 4 6 0 7 1 
0 0 9 0 6 0 7 0 0 
1 3 4 0 5 0 6 8 2 
0 7 0 4 3 8 0 1 0 
7 9 6 3 1 4 2 5 8 
0 1 0 6 0 2 0 4 0 
2 4 0 5 8 7 0 6 9 

12 38
0 5 0 0 8 0 0 6 0 
2 0 4 7 6 9 5 0 3 
8 6 0 5 0 4 0 9 1 
0 7 8 2 9 5 3 1 0 
6 9 0 0 4 0 0 2 5 
0 2 3 6 1 8 7 4 0 
7 8 0 9 0 1 0 3 4 
1 0 6 8 7 3 9 0 2 
0 3 0 0 5 0 0 7 0 

12 39
8 0 6 0 5 0 1 0 2 
0 5 1 0 3 9 0 7 0 
0 3 0 8 0 2 6 9 5 
1 4 8 0 7 0 3 2 9 
3 0 5 2 0 1 4 0 6 
9 6 2 0 4 0 5 1 7 
0 1 0 9 0 3 7 5 8 
0 2 3 0 8 7 0 6 0 
7 0 9 0 6 0 2 0 3 

12 40
0 9 8 0 6 0 3 7 0 
5 4 0 7 1 2 0 8 6 
2 0 7 0 8 0 1 0 4 
0 8 2 9 0 1 6 4 0 
9 0 0 2 0 6 0 0 7 
6 7 1 5 0 8 2 3 9 
4 0 5 0 9 0 7 0 8 
7 3 0 8 2 4 0 6 1 
0 2 6 0 5 0 4 9 0 

12 41
1 0 3 8 9 4 7 0 5 
0 5 0 3 2 7 0 4 0 
7 0 4 0 5 0 3 0 2 
0 6 0 7 8 2 0 9 0 
9 0 2 5 0 3 8 0 6 
0 0 5 9 1 6 4 0 0 
5 4 6 1 0 9 2 7 8 
0 8 0 4 6 5 0 3 0 
3 0 9 0 7 0 6 0 4 

12 42
8 0 6 9 0 4 7 0 2 
9 0 7 0 8 0 4 0 3 
2 5 0 7 0 6 0 8 9 
0 6 8 3 4 5 9 2 0 
0 9 0 8 0 7 0 4 0 
0 2 3 6 0 1 5 7 0 
5 0 1 2 7 3 6 0 4 
3 0 9 4 0 8 2 0 5 
0 4 2 0 5 0 8 3 0 

12 43
7 6 0 2 8 0 9 0 0 
5 0 9 6 0 7 8 0 0 
1 0 3 9 0 4 0 6 7 
8 5 2 0 9 6 7 3 4 
0 9 0 4 0 8 0 2 0 
6 4 7 5 3 0 1 8 9 
4 3 0 7 0 1 6 0 8 
0 0 8 3 0 9 4 0 5 
0 0 6 0 4 5 0 7 2 

12 44
8 0 7 5 2 0 6 0 4 
0 2 6 0 8 9 1 7 0 
0 9 4 6 0 7 0 0 5 
0 8 0 0 5 6 2 1 9 
7 0 5 0 9 0 3 0 8 
2 1 9 8 4 0 0 6 0 
3 0 0 2 0 4 9 8 0 
0 4 2 3 6 0 7 5 0 
6 0 8 0 1 5 4 0 2 

12 45
0 9 3 7 8 0 5 0 4 
1 0 2 0 6 4 9 3 7 
0 7 0 1 9 0 0 2 0 
3 0 9 2 0 6 7 0 8 
5 0 4 8 0 1 2 0 3 
7 0 8 3 0 9 1 0 5 
0 4 0 6 2 0 0 8 0 
8 0 6 0 1 7 4 5 2 
0 5 1 4 3 0 6 0 9 

12 46
0 3 7 0 1 0 9 8 0 
0 4 5 9 0 8 3 6 0 
8 0 0 6 7 3 0 0 5 
0 8 3 4 0 2 6 5 0 
4 0 1 0 6 0 7 0 9 
0 6 0 7 0 1 0 2 0 
3 0 6 1 5 9 2 0 8 
0 1 4 3 8 7 5 9 0 
9 5 0 2 0 6 0 7 3 

12 47
0 6 9 0 8 0 0 3 0 
4 0 0 6 0 9 2 0 7 
0 8 2 1 7 4 9 6 5 
2 5 0 3 0 1 0 7 9 
0 3 7 0 2 0 1 4 0 
1 9 0 7 0 8 0 5 2 
0 7 8 2 9 3 5 1 4 
5 0 0 4 0 6 7 0 8 
0 4 1 0 5 0 0 2 0 

12 48
0 1 4 0 0 8 0 9 5 
0 7 6 0 0 9 8 0 0 
5 0 9 6 4 1 0 7 3 
4 0 1 8 6 5 9 2 7 
0 5 0 4 0 2 0 8 0 
8 6 2 9 7 3 5 0 4 
6 2 0 1 9 7 4 0 8 
0 0 5 3 0 0 7 6 0 
7 4 0 5 0 0 1 3 0 

12 49
0 4 0 3 0 7 2 8 0 
2 8 7 6 5 9 3 0 4 
0 0 9 0 8 0 0 6 7 
4 3 0 1 0 6 7 5 0 
5 0 2 0 3 0 6 0 1 
0 7 6 5 0 4 0 9 3 
7 6 0 0 4 0 9 0 0 
9 0 3 8 6 1 4 7 5 
0 5 4 9 0 3 0 2 0 

12 50
4 0 6 0 7 3 0 8 0 
0 2 1 5 0 8 9 6 7 
7 0 9 1 6 2 0 5 4 
0 6 0 2 0 9 4 0 8 
9 0 0 4 5 0 1 0 0 
0 3 0 7 0 1 5 0 6 
8 0 7 3 2 5 0 1 9 
0 9 3 6 0 7 8 4 2 
6 0 2 0 9 4 0 3 0 

13 1
0 0 1 9 7 8 5 0 0 
4 7 0 6 3 1 0 8 2 
6 0 0 0 5 0 0 0 7 
5 1 0 8 0 2 6 3 4 
0 0 4 1 6 5 7 0 0 
9 6 0 3 0 7 8 5 1 
1 0 0 0 8 0 0 0 5 
2 5 0 7 1 9 0 6 3 
0 0 6 5 2 3 1 0 0 

13 2
2 0 6 0 1 3 8 7 5 
0 1 0 6 0 8 2 4 0 
8 0 7 2 5 0 0 1 0 
7 0 1 0 9 6 4 0 8 
3 8 0 0 4 0 0 6 2 
6 0 4 7 8 0 3 0 1 
0 9 0 0 2 7 1 0 6 
0 7 3 8 0 1 0 2 0 
1 6 2 4 3 0 5 0 7 

13 3
5 0 4 0 7 0 2 0 8 
8 7 0 2 0 5 0 4 1 
2 0 9 1 0 4 7 0 6 
0 0 7 9 0 1 6 0 0 
1 4 8 0 6 0 3 2 9 
0 6 5 3 2 8 4 1 0 
4 0 2 7 0 6 1 0 3 
6 5 0 4 0 3 0 7 2 
7 0 3 0 1 0 5 0 4 

13 4
0 4 7 6 3 1 8 9 0 
8 0 0 7 5 4 0 0 3 
3 5 1 0 9 0 7 6 4 
7 0 5 0 2 0 6 0 1 
6 1 0 4 0 3 0 5 8 
4 0 2 0 1 0 3 0 9 
5 6 0 0 4 0 0 1 2 
1 7 0 2 8 9 0 3 6 
0 0 3 1 6 5 4 0 0 

13 5
2 5 9 0 0 0 7 4 8 
0 0 8 4 5 7 3 0 0 
7 3 4 0 0 0 1 5 6 
3 0 0 6 2 4 0 0 7 
6 8 2 7 0 1 4 3 5 
4 0 0 5 3 8 0 0 1 
5 7 3 0 0 0 6 8 2 
0 0 1 8 6 3 5 0 0 
8 4 6 0 0 0 9 1 3 

13 6
0 3 5 0 0 0 7 8 0 
9 4 8 0 6 0 5 2 1 
1 6 0 8 2 5 0 3 4 
0 0 6 0 1 0 8 0 0 
0 1 4 6 7 8 2 9 0 
0 0 9 0 3 0 1 0 0 
6 8 0 1 5 4 0 7 9 
5 7 3 0 9 0 4 1 8 
0 9 1 0 0 0 6 5 0 

13 7
2 3 0 0 5 1 0 0 0 
4 5 0 6 8 0 2 3 1 
1 0 6 3 0 7 4 8 0 
0 8 5 0 4 0 6 0 3 
3 0 2 5 1 8 0 4 7 
0 4 1 0 6 0 5 0 8 
5 0 3 8 0 4 1 6 0 
8 2 0 1 7 0 3 5 9 
6 1 0 0 3 5 0 0 0 

13 8
0 0 2 7 0 5 3 0 0 
6 4 0 3 0 2 8 9 7 
0 9 7 4 6 8 0 0 5 
4 0 3 0 5 0 6 7 8 
7 2 8 1 0 6 9 5 0 
9 0 6 0 3 0 2 4 1 
0 3 1 6 7 4 0 0 9 
5 6 0 9 0 1 7 3 2 
0 0 9 5 0 3 4 0 0 

13 9
0 0 1 9 6 4 5 3 8 
0 6 0 5 0 2 0 4 1 
4 9 5 8 0 0 6 7 0 
8 0 3 0 9 0 0 1 5 
5 2 9 4 1 3 0 0 6 
6 0 7 0 8 0 0 9 3 
1 3 4 6 0 0 8 5 0 
0 8 0 1 0 9 0 2 4 
0 0 2 3 4 8 1 6 7 

13 10
3 8 0 0 7 1 6 5 9 
2 7 0 0 9 5 0 0 3 
5 1 9 3 4 6 0 0 7 
4 0 7 6 0 8 9 3 0 
0 0 5 4 0 0 1 0 0 
6 0 1 5 0 7 2 4 0 
9 6 3 1 5 2 0 0 4 
1 4 0 0 6 3 0 0 2 
7 5 0 0 8 4 3 6 1 

13 11
5 9 1 0 2 0 7 8 4 
3 0 0 9 4 7 0 0 5 
0 4 7 0 1 0 9 2 0 
0 1 3 7 0 4 8 6 0 
0 5 0 8 0 1 0 3 0 
0 8 0 0 3 0 0 7 0 
2 0 4 1 0 6 3 0 8 
1 6 0 3 8 5 0 4 7 
8 3 5 0 0 0 1 9 6 

13 12
7 6 8 0 0 0 5 3 0 
5 9 0 7 8 6 2 0 1 
2 4 1 9 0 3 0 6 0 
0 8 0 1 6 7 4 0 3 
3 0 6 0 2 0 1 9 5 
0 1 0 3 9 5 8 0 6 
6 2 7 8 0 1 0 5 0 
8 3 0 5 4 2 6 0 7 
1 5 4 0 0 0 3 8 0 

13 13
7 0 3 4 2 6 9 0 5 
0 6 0 8 0 3 0 7 0 
4 0 8 0 5 0 6 0 3 
6 7 0 9 8 1 0 5 2 
9 5 1 0 7 0 8 4 6 
8 0 2 5 0 4 7 0 9 
0 8 0 2 3 5 0 6 0 
3 0 6 0 4 0 5 0 1 
5 4 0 6 1 9 0 3 8 

13 14
0 0 8 9 3 1 6 0 0 
0 6 7 0 2 0 1 9 5 
1 4 0 6 5 7 0 2 8 
0 8 0 7 1 2 0 6 0 
7 0 3 0 9 0 4 0 2 
0 5 0 8 4 3 0 1 0 
6 7 0 3 8 9 0 4 1 
0 9 1 0 7 0 8 3 6 
0 0 2 1 6 4 7 0 0 

13 15
5 0 4 1 8 7 0 9 6 
0 0 0 9 6 2 0 0 3 
6 9 2 0 0 4 0 1 7 
9 0 3 4 0 1 6 0 8 
0 4 8 6 0 5 1 7 0 
7 0 1 8 0 9 3 0 5 
3 7 0 2 0 0 9 8 1 
1 0 0 7 9 8 0 0 0 
4 8 0 5 1 3 7 0 2 

13 16
8 5 3 0 2 0 1 7 9 
2 9 0 5 0 1 0 6 4 
6 0 4 7 0 9 2 0 3 
4 3 0 9 6 5 0 2 8 
9 0 5 0 0 0 6 0 1 
0 6 8 2 1 3 9 4 0 
0 0 9 4 0 2 5 0 0 
5 0 2 1 0 6 3 0 7 
1 7 0 0 0 0 0 9 2 

13 17
0 5 1 4 0 6 7 2 0 
0 6 0 9 7 1 0 5 0 
4 0 9 0 5 0 1 0 6 
6 4 0 0 1 0 0 3 2 
5 2 3 7 0 8 4 9 1 
1 9 0 0 4 0 0 6 7 
9 0 0 6 3 7 0 0 5 
7 0 6 8 2 5 9 0 3 
0 3 5 1 0 4 6 7 0 

13 18
4 0 7 0 3 0 5 0 6 
0 6 1 5 0 9 7 2 0 
0 2 0 7 1 6 0 4 0 
1 4 3 0 8 0 6 7 2 
6 0 2 4 7 3 8 0 1 
0 7 0 1 0 2 0 3 0 
5 0 4 3 2 7 1 0 9 
0 1 9 0 5 0 3 8 0 
7 0 6 8 0 1 2 0 4 

13 19
0 1 9 6 0 2 3 4 5 
6 0 5 9 3 7 0 0 1 
0 3 0 0 4 0 6 0 9 
9 8 1 2 0 3 7 6 0 
0 6 0 8 7 9 0 5 3 
5 7 3 1 0 4 9 2 0 
0 5 0 0 2 0 4 0 6 
4 0 8 7 1 6 0 0 2 
0 2 6 4 0 5 8 1 7 

13 20
1 7 9 3 0 4 5 8 6 
2 0 4 0 8 0 1 0 9 
5 8 0 9 0 1 0 4 7 
6 0 1 0 5 0 7 0 4 
9 4 0 1 0 3 0 2 5 
7 0 5 0 9 0 3 0 8 
3 1 0 8 0 5 0 7 2 
8 0 7 0 1 0 4 0 3 
4 5 0 7 0 9 0 6 1 

13 21
7 1 0 0 3 0 0 6 5 
9 0 5 0 4 0 1 0 3 
0 8 3 5 9 1 4 7 0 
4 0 7 1 2 9 3 0 8 
3 9 0 7 0 4 0 2 1 
2 5 1 0 0 0 7 9 4 
5 7 0 4 8 3 0 1 6 
1 0 0 0 7 0 0 0 9 
0 3 2 9 0 6 5 4 0 

13 22
0 0 7 1 5 3 9 0 0 
0 5 0 8 0 9 0 2 0 
3 0 8 0 4 0 7 0 1 
1 8 4 6 3 2 5 9 7 
5 7 9 0 8 0 2 3 6 
0 3 2 5 9 7 4 1 0 
8 0 5 0 1 0 3 0 9 
0 1 0 9 0 5 0 4 0 
0 0 6 3 2 8 1 0 0 

13 23
7 0 0 0 2 9 5 4 0 
3 0 0 5 1 4 0 8 7 
2 4 5 7 8 0 0 6 9 
4 0 9 0 5 0 0 3 6 
0 2 1 9 3 6 4 7 0 
6 5 0 0 4 0 9 0 2 
1 3 0 0 7 5 6 9 8 
9 8 0 3 6 2 0 0 1 
0 6 7 1 9 0 0 0 4 

13 24
2 6 3 0 8 0 9 4 5 
9 4 1 5 0 3 6 7 8 
8 0 0 6 4 9 0 0 1 
7 0 0 9 1 5 0 0 6 
6 0 0 3 0 4 0 0 9 
5 0 0 2 6 8 0 0 7 
1 0 0 8 3 6 0 0 4 
4 8 5 7 0 2 1 6 3 
3 7 6 0 5 0 8 9 2 

13 25
8 9 0 0 6 0 0 5 4 
7 0 4 8 0 5 6 0 3 
0 6 3 4 2 7 9 1 0 
2 0 9 1 0 6 4 7 0 
1 5 0 9 4 0 8 0 6 
3 0 6 7 0 8 2 9 0 
0 7 8 2 1 3 5 4 0 
4 0 1 5 0 9 3 0 7 
9 3 0 0 7 0 0 8 2 

13 26
0 8 3 7 2 0 0 6 4 
7 5 0 0 6 4 2 8 0 
2 0 4 3 0 8 9 0 5 
0 2 6 1 5 0 0 9 7 
0 9 7 4 8 6 3 1 0 
3 1 0 0 7 9 4 5 0 
6 0 5 8 0 2 7 0 1 
0 4 9 6 3 0 0 2 8 
8 7 0 0 4 1 6 3 0 

13 27
7 0 0 2 9 5 0 0 0 
8 9 5 0 4 6 0 2 7 
4 2 6 8 0 1 0 3 5 
0 4 7 1 8 0 0 9 2 
0 5 3 7 2 4 8 1 0 
1 8 0 0 6 9 7 4 0 
3 7 0 4 0 2 6 5 9 
2 6 0 9 5 0 3 8 1 
0 0 0 6 3 8 0 0 4 

13 28
2 3 5 4 1 7 6 9 8 
4 6 0 0 9 0 0 2 5 
0 0 9 5 2 6 1 0 0 
5 2 0 1 0 8 0 7 9 
0 4 7 0 6 0 3 8 0 
8 1 0 7 0 9 0 5 6 
0 0 8 3 5 4 9 0 0 
6 5 0 0 7 0 0 4 3 
3 9 4 6 8 2 5 1 7 

13 29
2 7 6 0 3 0 5 4 1 
0 0 9 5 0 6 7 0 0 
4 0 5 0 7 0 3 0 6 
3 0 0 6 9 4 0 0 7 
9 4 0 0 1 0 0 6 5 
8 6 1 0 5 0 4 3 9 
6 2 0 1 8 5 0 7 3 
5 0 3 4 0 7 8 0 2 
7 0 8 0 2 0 6 0 4 

13 30
1 2 7 0 4 0 6 8 3 
4 0 5 7 0 3 1 0 2 
0 9 0 8 1 2 0 7 0 
3 4 9 0 5 0 8 2 7 
0 0 8 4 0 9 3 0 0 
2 6 1 0 8 0 4 5 9 
0 3 0 5 9 6 0 1 0 
8 0 6 2 0 4 9 0 5 
9 5 2 0 3 0 7 4 6 

13 31
2 1 4 0 0 3 7 0 6 
9 8 0 6 4 1 0 2 3 
5 0 6 7 8 0 9 1 0 
3 5 0 4 0 9 6 0 8 
0 6 2 0 7 0 3 4 0 
7 0 9 8 0 6 0 5 2 
0 9 5 0 1 8 4 0 7 
4 2 0 9 5 7 0 6 1 
1 0 8 3 0 0 2 9 5 

13 32
5 9 4 0 2 0 3 6 1 
0 7 0 5 0 4 0 2 0 
8 0 2 9 6 1 5 0 7 
0 6 5 1 0 3 0 8 4 
4 0 7 2 5 9 1 0 6 
3 2 0 6 0 8 7 9 0 
6 0 9 7 8 2 4 0 3 
0 4 0 3 0 5 0 7 0 
7 1 3 0 9 0 8 5 2 

13 33
7 4 8 0 3 0 9 5 6 
5 0 3 9 0 6 2 0 7 
6 0 9 0 7 0 1 0 8 
0 5 0 1 0 8 0 7 0 
1 0 4 0 9 0 5 0 2 
0 9 0 6 0 4 0 8 0 
8 0 2 0 6 0 7 0 4 
4 0 5 8 0 2 6 0 3 
9 6 1 0 4 0 8 2 5 

13 34
5 0 8 7 0 6 3 0 4 
3 2 0 8 5 1 0 9 6 
9 0 0 0 4 0 0 0 5 
1 0 6 9 0 5 4 0 2 
0 7 9 1 6 2 8 5 0 
2 0 5 4 0 7 6 0 9 
7 0 0 0 2 0 0 0 8 
8 5 0 3 7 4 0 6 1 
6 0 3 5 0 8 2 0 7 

13 35
2 0 0 3 7 6 8 0 9 
8 6 3 0 0 0 7 1 5 
0 4 7 5 1 8 0 3 6 
0 8 2 0 5 0 3 0 4 
0 1 9 7 0 4 6 5 0 
4 0 5 0 6 0 9 2 0 
5 2 0 1 9 7 4 8 0 
7 3 4 0 0 0 1 9 2 
1 0 8 4 3 2 0 0 7 

13 36
3 7 0 0 2 9 5 8 1 
0 2 8 5 0 1 4 6 0 
5 0 4 3 8 0 9 0 7 
7 4 0 6 0 3 1 9 0 
8 0 9 0 4 0 7 0 6 
0 6 5 8 0 7 0 3 4 
4 0 1 0 3 8 6 0 2 
0 8 7 2 0 5 3 4 0 
2 9 3 7 6 0 0 1 5 

13 37
0 0 3 5 6 9 7 0 4 
4 0 8 7 3 1 0 0 0 
7 9 0 0 2 8 0 3 6 
2 5 1 0 0 0 8 4 7 
6 8 0 2 5 4 0 1 9 
9 3 4 0 0 0 6 5 2 
8 7 0 6 1 0 0 9 3 
0 0 0 9 4 2 5 0 8 
5 0 9 8 7 3 2 0 0 

13 38
3 7 5 8 2 6 9 4 1 
8 0 0 0 9 0 0 0 6 
4 0 6 7 0 3 8 0 2 
6 0 0 9 8 1 0 0 5 
1 0 8 3 0 5 4 0 7 
9 5 0 2 4 7 0 6 8 
5 6 0 4 7 9 0 8 3 
2 0 9 0 5 0 6 0 4 
7 8 0 6 0 2 0 1 9 

13 39
0 5 9 6 2 3 8 4 0 
6 3 0 5 4 8 0 9 1 
4 0 8 0 1 0 6 0 3 
0 6 0 4 0 9 0 2 0 
3 8 1 0 5 0 4 7 9 
0 9 0 7 0 1 0 6 0 
9 0 3 0 6 0 7 0 2 
5 1 0 3 7 2 0 8 4 
0 7 2 1 9 4 5 3 0 

13 40
0 5 8 4 0 1 2 7 6 
2 0 9 8 7 0 1 4 3 
4 7 0 3 6 2 0 8 0 
0 3 5 0 0 0 4 0 9 
7 0 2 9 5 4 6 0 1 
9 0 6 0 0 0 8 5 0 
0 2 0 5 1 9 0 6 4 
5 1 4 0 3 8 7 0 2 
6 9 3 2 0 7 5 1 0 

13 41
6 4 7 5 1 0 2 9 8 
3 2 0 0 9 8 0 5 6 
5 0 8 2 0 7 3 0 4 
0 5 6 0 3 0 8 2 0 
0 3 0 9 8 6 0 7 0 
0 1 9 0 5 0 4 6 0 
2 0 4 3 0 5 9 0 1 
1 8 0 6 2 0 0 4 7 
9 7 5 0 4 1 6 3 2 

13 42
4 9 0 5 1 7 0 2 6 
2 0 7 3 8 6 0 0 9 
0 6 5 0 4 0 0 1 8 
5 0 0 0 3 4 8 9 0 
1 3 9 7 2 8 6 5 4 
0 8 4 6 9 0 0 0 1 
9 5 0 0 6 0 4 7 0 
8 0 0 9 7 3 1 0 5 
6 7 0 4 5 2 0 8 3 

13 43
8 5 2 6 0 3 0 7 1 
4 0 7 0 5 0 8 6 0 
0 9 0 2 0 7 5 0 3 
3 0 5 0 9 2 0 8 6 
7 4 0 8 3 1 2 9 5 
9 0 8 0 6 5 0 1 4 
0 8 0 9 0 6 4 0 7 
2 0 4 0 1 0 6 3 0 
5 6 9 3 0 4 0 2 8 

13 44
7 6 0 5 4 0 3 8 0 
8 0 9 0 1 2 0 4 0 
2 5 0 8 3 6 1 0 9 
5 0 6 3 0 7 4 9 1 
0 2 3 0 8 0 6 5 0 
1 9 7 6 0 4 2 0 8 
3 0 8 2 7 5 0 6 4 
0 4 0 1 6 0 7 0 3 
0 7 2 0 9 3 0 1 5 

13 45
2 7 6 1 5 0 4 3 0 
0 4 1 2 0 9 0 7 8 
8 0 9 0 4 7 6 0 1 
0 6 0 5 3 0 2 8 0 
5 0 3 7 0 4 9 0 6 
0 2 7 0 9 6 0 4 0 
7 0 5 6 8 0 1 0 4 
4 1 0 9 0 5 8 6 0 
0 9 8 0 1 3 7 5 2 

13 46
6 0 9 5 8 7 2 0 4 
0 4 0 1 0 9 0 7 0 
2 0 7 0 6 0 1 0 9 
4 7 3 9 0 6 8 2 1 
8 9 2 0 4 0 5 6 3 
5 0 1 2 3 8 9 0 7 
0 8 0 6 0 3 0 5 0 
7 0 5 0 9 0 4 0 6 
1 2 6 4 0 5 3 9 8 

13 47
7 6 0 3 1 8 5 0 0 
0 8 0 4 0 2 7 0 9 
4 0 0 0 5 9 0 8 3 
0 9 7 2 3 0 1 5 6 
6 0 5 1 8 7 4 0 2 
1 2 4 0 9 6 3 7 0 
9 4 0 6 7 0 0 0 5 
3 0 6 8 0 5 0 4 0 
0 0 1 9 4 3 0 6 7 

13 48
0 8 0 6 9 3 0 2 0 
4 0 6 1 2 7 9 0 8 
0 9 0 5 0 8 0 3 0 
7 6 9 0 3 0 8 4 5 
8 1 0 4 5 6 0 9 2 
5 2 4 0 7 0 3 1 6 
0 4 0 3 0 2 0 7 0 
3 0 8 9 1 5 2 0 4 
0 5 0 7 6 4 0 8 0 

13 49
4 6 3 2 8 0 1 5 7 
7 0 1 0 4 6 0 3 2 
5 9 0 3 0 0 8 0 4 
2 0 9 7 0 0 0 1 8 
1 0 5 9 6 8 2 0 3 
6 3 0 0 0 4 7 0 5 
8 0 4 0 0 7 0 2 9 
3 1 0 4 9 0 5 0 6 
9 2 6 0 5 3 4 7 1 

13 50
0 8 4 3 0 1 5 9 0 
3 0 0 7 5 4 0 0 6 
6 0 0 8 9 2 0 0 4 
4 3 8 0 1 0 2 6 9 
0 9 7 6 0 8 4 5 0 
5 6 2 0 3 0 1 7 8 
2 0 0 9 7 3 0 0 5 
8 0 0 1 4 6 0 0 7 
0 7 6 2 0 5 3 4 0 

14 1
5 0 6 9 8 3 4 0 1 
0 7 1 0 2 0 6 3 0 
0 8 0 1 0 7 0 5 0 
8 1 0 3 4 5 0 6 2 
0 6 3 8 1 2 5 9 0 
2 4 0 6 7 9 0 1 3 
0 5 0 7 0 8 0 4 0 
0 3 8 0 5 0 9 2 0 
4 0 7 2 3 6 1 0 5 

14 2
4 3 9 7 5 8 0 0 1 
0 0 7 0 6 0 9 5 3 
0 6 2 3 0 9 0 8 4 
7 9 1 0 4 6 8 0 2 
0 0 8 9 3 7 6 0 0 
3 0 6 8 2 0 4 9 7 
6 2 0 4 0 5 1 7 0 
1 8 4 0 7 0 5 0 0 
9 0 0 1 8 2 3 4 6 

14 3
7 1 8 6 0 4 2 3 5 
0 5 9 8 0 2 7 4 0 
2 0 4 0 5 0 9 0 1 
0 7 0 4 0 1 0 9 0 
4 3 1 9 8 6 5 2 7 
0 9 0 5 0 7 0 6 0 
1 0 3 0 6 0 4 0 9 
0 2 7 1 0 8 6 5 0 
6 4 5 3 0 9 8 1 2 

14 4
3 9 0 2 4 0 0 7 0 
5 4 7 9 0 1 2 3 8 
6 0 0 7 0 8 9 0 0 
0 2 4 3 9 6 8 0 5 
9 5 1 0 8 0 7 6 3 
8 0 6 1 5 7 4 2 0 
0 0 5 6 0 9 0 0 2 
2 8 3 5 0 4 1 9 6 
0 6 0 0 2 3 0 4 7 

14 5
0 9 0 2 1 8 0 5 0 
2 4 1 0 6 0 9 8 7 
5 0 8 4 0 7 2 0 1 
6 5 0 9 0 4 0 1 3 
0 8 4 5 2 3 7 9 0 
3 7 0 6 0 1 0 2 5 
4 0 6 8 0 9 3 0 2 
9 3 7 0 4 0 5 6 8 
0 2 0 7 3 6 0 4 0 

14 6
0 4 8 5 0 3 7 9 0 
0 7 6 0 9 0 2 4 0 
9 1 0 2 0 7 0 3 6 
7 2 0 3 1 6 0 5 8 
5 0 1 8 2 9 6 0 4 
8 6 9 0 5 0 1 2 3 
4 5 0 6 7 1 0 8 9 
6 0 3 0 8 0 5 0 7 
0 0 7 9 0 5 4 0 0 

14 7
6 9 0 0 4 0 8 3 7 
7 0 4 6 9 0 1 0 2 
0 1 5 0 8 7 0 6 9 
0 7 1 9 3 5 2 8 0 
5 0 9 0 6 0 3 0 4 
0 3 6 4 1 2 9 7 0 
1 6 0 8 2 0 5 4 0 
2 0 3 0 7 4 6 0 8 
9 4 8 0 5 0 0 2 1 

14 8
0 0 4 1 7 8 9 0 0 
0 0 7 2 3 6 5 0 0 
8 3 0 4 0 5 0 1 2 
9 1 2 0 6 0 4 8 5 
4 8 0 9 2 1 0 3 7 
6 7 3 0 5 0 2 9 1 
7 4 0 5 0 3 0 2 6 
0 0 8 7 4 2 1 0 0 
0 0 1 6 8 9 3 0 0 

14 9
2 4 9 5 3 0 0 8 1 
7 6 0 0 9 8 0 0 0 
0 3 5 0 2 7 9 0 4 
1 9 0 2 0 3 6 4 5 
4 0 3 6 5 1 8 0 2 
6 5 2 8 0 9 0 3 7 
3 0 7 9 6 0 4 1 0 
0 0 0 7 8 0 0 5 6 
5 8 0 0 1 4 2 7 9 

14 10
0 4 2 1 0 6 0 0 8 
9 6 7 0 2 8 0 4 1 
0 3 0 4 5 9 7 0 6 
1 7 4 9 0 2 0 5 3 
3 0 5 0 4 0 6 0 9 
6 8 0 5 0 7 4 1 2 
2 0 8 7 9 3 0 6 0 
7 9 0 6 1 0 2 8 5 
4 0 0 2 0 5 3 9 0 

14 11
3 9 0 6 0 1 8 4 7 
0 0 6 7 3 0 9 2 5 
5 8 7 9 2 0 0 1 3 
8 4 0 0 9 0 7 0 1 
2 0 9 0 0 6 5 0 0 
6 3 0 0 7 0 4 0 2 
9 5 8 1 4 0 0 7 6 
0 0 3 2 8 0 1 5 4 
1 2 0 5 0 7 3 8 9 

14 12
0 4 1 7 0 6 2 9 0 
5 0 9 8 3 1 7 0 6 
6 7 8 2 4 9 0 3 1 
0 6 3 0 0 8 1 5 0 
2 0 0 5 0 7 0 0 3 
0 9 5 6 0 0 4 7 0 
4 8 0 3 7 2 9 1 5 
1 0 7 9 6 5 8 0 4 
0 5 2 1 0 4 3 6 0 

14 13
7 0 9 2 3 6 1 0 8 
4 0 3 8 0 1 0 0 9 
1 0 8 0 0 7 3 0 2 
3 8 1 7 2 4 0 9 6 
0 0 0 3 0 5 0 0 0 
5 7 0 9 6 8 4 1 3 
9 0 5 1 0 0 7 0 4 
2 0 0 6 0 3 9 0 5 
8 0 6 5 7 9 2 0 1 

14 14
7 2 0 4 5 1 3 9 8 
1 5 0 3 7 0 0 6 2 
9 4 3 8 0 0 7 0 0 
2 0 5 6 0 7 0 4 9 
0 9 0 5 1 3 0 8 0 
8 6 0 9 0 2 5 0 3 
0 0 9 0 0 8 6 2 4 
3 8 0 0 6 4 0 5 1 
6 1 4 2 9 5 0 3 7 

14 15
0 8 9 1 0 5 2 4 7 
1 7 0 2 9 4 5 0 3 
5 2 4 0 8 0 0 6 1 
0 4 0 5 1 0 7 0 0 
7 0 5 6 4 2 0 3 8 
0 1 0 7 3 0 4 0 0 
2 6 8 0 7 0 0 9 5 
9 5 0 8 2 3 6 0 4 
0 3 1 9 0 6 8 7 2 

14 16
0 3 9 7 0 8 2 5 0 
8 0 6 4 0 5 7 0 3 
0 7 2 0 9 0 8 4 0 
3 4 0 1 6 2 0 7 5 
7 0 1 5 4 9 6 0 8 
6 9 0 3 8 7 0 1 2 
0 6 3 0 5 0 1 8 0 
2 0 7 9 0 1 5 0 4 
0 5 4 8 0 6 3 2 0 

14 17
0 2 0 4 0 3 1 9 5 
4 0 8 0 5 0 7 6 0 
3 9 5 6 7 1 0 4 8 
0 6 1 0 3 0 5 2 0 
7 3 0 5 4 6 0 8 1 
0 4 9 0 2 0 3 7 0 
2 5 0 8 6 7 4 1 9 
0 7 6 0 9 0 8 0 2 
9 8 4 2 0 5 0 3 0 

14 18
5 0 0 0 7 0 0 0 2 
2 0 3 0 4 0 9 0 6 
0 9 4 5 6 2 7 8 0 
0 4 2 3 1 9 5 6 0 
3 6 8 0 0 0 1 9 7 
0 5 1 7 8 6 2 3 0 
0 3 7 1 5 8 6 2 0 
8 0 5 0 9 0 3 0 1 
6 0 0 0 3 0 0 0 5 

14 19
3 0 1 2 4 8 5 0 6 
7 2 6 0 9 0 4 3 8 
0 8 0 3 0 7 0 2 0 
2 0 7 9 8 3 6 0 4 
0 1 0 4 7 6 0 5 0 
4 0 9 5 2 1 3 0 7 
0 7 0 8 0 4 0 6 0 
6 4 5 0 1 0 8 9 3 
1 0 8 6 5 9 7 0 2 

14 20
0 0 0 6 9 5 0 0 0 
9 5 3 0 2 0 6 7 1 
6 4 0 7 1 3 0 5 8 
4 0 9 8 0 2 3 0 7 
0 8 1 9 7 6 2 4 0 
7 0 5 1 0 4 8 0 6 
2 3 0 5 4 7 0 6 9 
1 7 4 0 6 0 5 8 3 
0 0 0 3 8 1 0 0 0 

14 21
7 8 1 6 0 9 2 5 4 
6 4 0 0 7 0 0 8 9 
0 5 0 4 0 8 0 3 0 
2 0 9 7 0 3 5 0 8 
0 6 4 8 9 2 3 7 0 
3 0 8 5 0 1 9 0 2 
0 3 0 1 0 6 0 9 0 
4 2 0 0 5 0 0 1 3 
1 9 5 3 0 4 7 2 6 

14 22
3 1 6 8 0 4 9 5 2 
5 7 9 0 3 0 4 1 8 
4 2 0 5 0 9 0 3 7 
9 0 0 7 0 8 0 0 6 
8 0 2 3 0 1 7 0 4 
0 4 7 0 6 0 3 8 0 
6 0 0 1 8 7 0 0 9 
7 9 1 0 0 0 8 6 3 
2 0 4 6 0 3 5 0 1 

14 23
6 9 0 0 4 0 0 2 5 
7 0 4 6 0 2 8 0 9 
3 0 2 1 9 5 4 0 7 
0 1 9 3 0 6 5 7 0 
0 6 8 4 0 7 9 3 0 
0 3 7 2 0 9 1 8 0 
9 0 3 8 6 4 7 0 1 
1 0 6 5 0 3 2 0 8 
8 7 0 0 2 0 0 4 3 

14 24
2 0 0 4 5 8 0 0 6 
0 7 6 9 0 3 8 4 0 
4 8 3 0 0 0 9 5 1 
7 2 0 5 0 1 0 3 4 
0 6 4 8 3 7 1 2 0 
1 3 0 2 0 4 0 9 8 
8 9 7 0 0 0 5 6 3 
0 5 2 6 0 9 4 1 0 
6 0 0 3 7 5 0 0 9 

14 25
5 6 0 0 7 0 0 9 4 
8 3 0 1 4 2 0 6 5 
4 0 7 9 0 6 8 0 3 
0 9 3 5 8 1 2 4 0 
1 0 5 6 2 7 3 0 9 
0 8 6 0 0 0 5 7 0 
0 2 0 0 3 0 0 1 0 
6 0 8 2 1 9 4 0 7 
3 7 0 8 0 4 0 5 2 

14 26
3 8 1 5 0 0 6 2 7 
4 5 0 0 8 0 3 1 9 
2 6 9 0 7 3 0 4 8 
9 0 0 0 5 7 2 0 0 
0 0 4 9 2 6 8 0 0 
0 0 8 3 1 0 0 0 5 
1 3 0 4 9 0 7 8 2 
7 4 5 0 6 0 0 9 3 
8 9 2 0 0 1 4 5 6 

14 27
6 4 7 0 5 0 8 9 3 
5 1 3 8 0 9 4 6 2 
2 8 0 0 4 0 0 1 7 
8 5 0 4 0 7 0 3 1 
0 0 2 6 0 8 7 0 0 
4 7 0 0 9 0 0 8 6 
9 2 0 7 3 1 0 4 8 
1 0 4 2 0 5 3 0 9 
7 3 0 0 6 0 0 2 5 

14 28
0 6 3 4 9 7 2 5 1 
7 0 4 6 0 2 0 8 0 
0 0 0 5 8 0 7 0 6 
4 9 2 0 3 5 0 6 8 
5 8 7 1 0 0 9 0 2 
6 3 1 0 2 9 0 7 4 
0 0 0 3 6 0 8 0 7 
3 0 8 2 0 4 0 9 0 
0 7 6 9 5 8 4 1 3 

14 29
2 4 0 0 3 0 0 7 1 
5 1 3 8 0 7 4 6 2 
0 7 6 0 4 0 8 5 0 
0 9 0 5 7 8 0 1 0 
6 0 7 4 1 3 2 0 8 
0 8 0 9 2 6 0 3 0 
0 2 9 0 5 0 3 4 0 
1 6 4 3 0 9 5 2 7 
7 3 0 0 6 0 0 8 9 

14 30
0 0 0 0 7 6 9 8 5 
7 9 1 8 0 5 6 2 4 
5 6 0 2 0 4 0 3 1 
6 0 9 7 2 0 3 4 0 
0 0 4 0 6 0 2 0 0 
3 0 7 4 8 0 1 5 0 
4 7 0 9 0 2 0 6 3 
1 8 6 3 0 7 5 9 2 
0 0 0 0 5 8 4 1 7 

14 31
0 0 0 9 6 5 0 0 4 
8 0 4 3 1 7 2 0 0 
7 6 9 4 0 0 1 3 5 
6 1 0 5 3 0 7 9 2 
3 7 0 0 8 0 0 4 1 
4 9 5 0 7 2 0 8 6 
5 8 6 0 0 1 9 2 3 
0 0 7 2 5 3 6 0 8 
2 0 0 8 9 6 0 0 0 

14 32
0 6 4 1 2 3 9 0 7 
0 8 7 6 0 0 5 2 0 
1 0 2 0 5 8 0 3 4 
7 2 0 9 1 5 8 0 3 
0 4 5 3 0 6 1 9 0 
9 0 3 4 8 2 0 5 6 
6 3 0 5 9 0 2 0 8 
0 7 9 0 0 1 4 6 0 
4 0 8 2 6 7 3 1 0 

14 33
1 6 0 0 2 3 8 0 4 
8 9 0 0 1 7 0 5 0 
7 0 2 5 0 6 3 0 1 
4 7 0 0 3 9 5 2 0 
0 1 9 2 6 8 7 4 0 
0 3 8 7 5 0 0 6 9 
9 0 4 8 0 1 6 0 5 
0 5 0 6 4 0 0 8 7 
6 0 7 3 9 0 0 1 2 

14 34
9 3 6 2 0 8 4 7 1 
2 1 0 0 9 0 0 8 6 
5 0 4 0 0 0 3 0 2 
8 5 0 7 4 2 0 6 3 
0 7 0 3 8 9 0 5 0 
4 9 0 1 6 5 0 2 7 
1 0 9 0 0 0 7 0 5 
7 2 0 0 3 0 0 4 8 
3 6 8 5 0 4 2 1 9 

14 35
7 9 0 3 0 8 0 1 2 
4 1 0 6 9 7 0 8 3 
5 0 0 0 2 0 0 0 9 
8 7 0 1 3 6 0 5 4 
1 2 4 0 7 0 8 3 6 
6 5 3 2 0 4 1 9 7 
0 6 7 8 0 2 9 4 0 
0 0 0 9 0 5 0 0 0 
0 8 5 7 4 3 6 2 0 

14 36
1 6 0 7 2 8 0 0 4 
5 2 9 6 4 3 1 7 0 
0 0 0 9 0 5 2 0 6 
7 5 0 0 0 9 0 8 2 
9 4 8 1 5 0 0 6 3 
2 3 0 0 0 4 0 1 9 
0 0 0 5 0 7 3 0 1 
3 8 7 4 9 1 6 2 0 
4 1 0 2 3 6 0 0 7 

14 37
0 0 8 9 6 7 1 0 0 
0 0 9 4 0 3 6 0 0 
7 0 5 8 2 1 3 4 9 
9 8 0 0 1 4 7 6 3 
6 7 0 0 8 0 0 2 5 
5 4 3 2 7 0 0 9 1 
8 5 6 1 3 2 9 0 4 
0 0 7 6 0 5 2 0 0 
0 0 4 7 9 8 5 0 0 

14 38
8 4 6 3 0 2 7 5 1 
5 0 9 0 0 0 8 0 6 
2 7 0 6 0 5 0 4 3 
4 0 5 1 6 8 3 0 9 
0 9 3 2 0 7 4 6 0 
7 0 8 9 4 3 2 0 5 
3 1 0 8 0 6 0 9 7 
6 0 2 0 0 0 1 0 4 
9 5 7 4 0 1 6 8 2 

14 39
9 0 0 6 8 3 0 0 5 
3 0 4 7 1 2 6 0 8 
7 8 6 9 0 4 1 2 3 
5 6 0 0 9 0 0 7 4 
1 0 0 5 4 7 0 0 6 
4 7 2 0 0 0 5 1 9 
8 9 0 3 2 5 0 6 1 
0 4 3 0 6 0 8 5 0 
0 0 5 4 7 8 9 0 0 

14 40
8 2 9 6 0 3 1 7 4 
0 0 6 2 0 8 5 0 0 
1 3 0 0 9 0 0 8 2 
5 0 3 8 0 1 2 0 7 
6 0 7 3 2 4 9 0 1 
4 0 2 5 0 9 8 0 3 
3 6 0 0 4 0 0 1 5 
0 0 1 7 0 6 4 0 0 
9 7 4 1 0 5 3 2 6 

14 41
6 0 4 7 8 1 5 9 2 
5 8 9 4 2 6 3 0 7 
7 2 0 0 0 0 0 8 0 
0 9 6 8 0 3 0 7 0 
0 0 3 0 4 0 1 6 9 
0 4 5 6 0 7 0 2 0 
4 5 0 0 0 0 0 3 0 
9 1 2 5 3 8 7 0 6 
3 0 8 9 7 4 2 5 1 

14 42
7 5 0 9 4 2 0 6 3 
2 9 6 0 3 0 7 4 5 
0 0 0 0 7 0 0 0 0 
6 1 5 4 8 7 3 9 2 
3 2 0 0 5 0 0 8 7 
9 0 8 2 6 3 4 0 1 
5 0 0 7 1 8 0 0 4 
0 0 2 0 9 0 5 0 0 
4 8 7 3 2 5 9 1 6 

14 43
4 0 0 5 3 7 0 0 2 
7 0 5 6 2 9 4 0 8 
0 2 6 0 0 0 9 5 0 
9 7 2 0 1 0 3 6 4 
5 8 3 7 0 4 1 2 9 
6 4 1 0 9 0 7 8 5 
0 5 4 0 0 0 8 9 0 
8 0 7 9 5 3 2 0 1 
1 0 0 2 4 8 0 0 6 

14 44
0 5 0 9 2 8 0 7 0 
0 8 0 6 5 1 0 9 0 
9 0 2 3 0 7 8 0 6 
7 3 8 0 6 0 1 2 4 
2 0 5 1 3 4 6 0 7 
1 6 4 0 7 0 9 3 5 
3 0 9 2 0 6 5 0 8 
0 2 0 4 8 3 0 1 0 
0 4 0 7 9 5 0 6 0 

14 45
0 8 0 6 0 4 0 2 0 
4 0 2 7 0 3 5 0 8 
5 9 0 2 8 1 0 3 4 
0 5 8 3 7 9 4 1 0 
6 3 1 0 0 0 9 7 5 
0 7 4 1 6 5 2 8 0 
1 4 0 8 3 2 0 9 7 
8 0 7 9 0 6 3 0 1 
0 6 0 5 0 7 0 4 0 

14 46
0 1 8 0 0 9 7 2 6 
5 7 6 2 0 1 0 9 4 
2 3 0 7 4 6 8 0 5 
8 0 0 0 0 5 0 3 1 
9 4 5 3 0 0 2 6 0 
1 0 0 0 0 4 0 7 9 
6 5 0 1 7 8 9 0 3 
3 9 1 4 0 2 0 8 7 
0 8 4 0 0 3 1 5 2 

14 47
7 0 0 6 3 0 0 0 0 
3 6 2 1 0 0 7 5 8 
0 0 9 2 5 0 6 3 4 
5 4 0 7 6 2 9 8 0 
2 8 0 9 1 4 0 6 3 
0 9 6 5 8 3 0 7 2 
4 7 1 0 2 5 8 0 0 
9 3 8 0 0 6 2 1 5 
0 0 0 0 9 1 0 0 7 

14 48
6 7 0 0 2 0 0 5 4 
3 8 4 5 9 0 0 2 1 
5 0 1 8 0 6 7 3 9 
0 0 3 6 8 0 9 0 2 
0 6 7 9 0 2 4 1 0 
4 0 2 0 1 3 5 0 0 
7 1 5 4 0 8 2 0 6 
2 4 0 0 7 9 3 8 5 
9 3 0 0 6 0 0 4 7 

14 49
7 6 0 5 4 2 0 8 3 
5 0 3 1 0 8 7 0 6 
8 4 0 0 3 0 0 2 9 
4 7 0 8 2 9 0 5 1 
0 0 2 4 0 7 6 0 0 
9 8 0 6 1 3 0 7 4 
3 9 0 0 8 0 0 6 5 
2 0 4 9 0 5 8 0 7 
6 5 0 3 7 4 0 1 2 

14 50
1 5 9 0 7 0 6 8 4 
4 2 0 9 5 8 0 3 7 
3 0 0 6 0 4 0 0 5 
2 0 1 8 6 7 3 0 9 
0 9 3 0 0 0 7 4 0 
6 0 5 4 9 3 2 0 8 
9 0 0 5 0 6 0 0 2 
5 6 0 7 4 1 0 9 3 
7 3 4 0 8 0 5 6 1 

15 1
9 4 1 0 8 0 2 6 7 
5 6 0 4 0 2 0 1 8 
2 3 0 1 7 6 0 9 5 
1 0 4 8 2 9 6 0 3 
0 0 9 0 3 0 5 0 0 
7 8 0 0 4 0 0 2 9 
3 9 5 0 6 0 8 4 1 
8 1 2 0 5 0 7 3 6 
0 7 0 3 1 8 0 5 0 

15 2
9 2 1 7 0 6 0 3 5 
5 0 8 0 4 9 2 6 0 
7 0 6 2 3 0 9 0 8 
0 9 0 0 5 7 0 0 4 
1 0 4 9 0 8 5 7 3 
0 7 0 0 1 3 0 0 6 
3 0 7 8 9 0 6 0 2 
4 0 2 0 6 1 7 8 0 
6 8 9 5 0 2 0 4 1 

15 3
7 0 0 0 6 0 0 8 9 
5 8 0 1 7 4 0 2 3 
1 6 3 0 9 8 4 5 7 
2 7 8 0 0 9 5 0 1 
0 0 4 7 0 5 8 0 0 
9 0 1 6 0 0 3 7 4 
8 1 5 9 3 0 2 4 6 
3 2 0 4 5 6 0 1 8 
4 9 0 0 2 0 0 0 5 

15 4
7 6 9 1 5 0 8 0 4 
2 5 0 3 7 0 9 6 1 
0 3 4 0 0 8 2 0 0 
6 0 0 8 4 7 1 0 3 
0 8 1 9 2 0 0 7 5 
3 0 0 5 6 1 4 0 2 
0 4 6 0 0 9 3 0 0 
9 1 0 2 8 0 7 4 6 
8 7 2 4 3 0 5 0 9 

15 5
5 6 3 0 9 0 2 7 8 
4 0 0 2 0 7 0 1 6 
2 1 0 8 6 5 3 4 9 
9 5 0 0 4 3 8 6 0 
0 0 2 0 0 0 9 0 0 
0 7 6 9 5 0 0 3 1 
1 3 9 6 2 4 0 8 5 
7 2 0 3 0 8 0 0 4 
6 8 4 0 7 0 1 2 3 

15 6
6 4 9 0 0 3 5 1 8 
0 7 1 5 6 8 9 0 2 
8 0 0 4 9 0 0 6 3 
4 0 6 7 0 0 2 0 0 
5 3 8 0 2 9 1 7 4 
2 0 7 3 0 0 8 0 0 
7 0 0 8 5 0 0 9 1 
0 2 4 9 3 7 6 0 5 
9 8 5 0 0 6 3 2 7 

15 7
2 9 3 0 7 0 6 8 4 
5 4 7 0 0 0 1 9 3 
0 1 6 9 3 4 2 5 0 
9 6 8 0 0 0 5 7 2 
3 0 4 7 0 2 8 0 1 
7 0 0 0 6 0 0 0 9 
4 0 5 6 0 9 7 0 8 
0 8 2 0 5 0 9 3 0 
6 7 0 3 2 8 0 1 5 

15 8
2 1 5 0 4 8 9 7 3 
3 8 0 0 7 2 4 0 5 
0 9 4 3 0 1 0 0 6 
8 0 9 7 1 0 6 0 2 
0 0 0 4 8 5 0 9 0 
1 0 7 2 6 0 3 0 8 
0 7 8 1 0 6 0 0 9 
5 3 0 0 9 7 2 0 4 
9 6 2 0 3 4 7 8 1 

15 9
3 7 1 0 5 0 6 8 9 
8 9 4 7 0 6 5 2 1 
5 6 0 0 0 0 0 4 7 
0 0 9 2 7 8 1 0 0 
0 0 5 3 6 4 7 0 0 
7 8 6 0 1 0 4 3 2 
6 1 0 8 9 3 0 5 4 
2 0 8 0 4 0 9 0 3 
9 4 0 5 0 7 0 1 6 

15 10
0 4 8 5 0 1 9 2 6 
9 0 0 4 3 0 8 0 0 
6 7 0 8 0 2 3 5 0 
4 1 9 0 5 8 7 0 2 
2 8 0 6 0 7 0 4 9 
7 0 6 9 2 0 1 8 3 
0 3 4 7 0 9 0 1 5 
0 0 7 0 4 5 0 0 8 
5 6 2 1 0 3 4 9 0 

15 11
0 9 2 5 3 7 1 6 0 
3 8 0 2 6 1 0 5 9 
5 0 1 8 4 9 3 0 2 
6 0 5 0 9 0 8 0 7 
0 1 3 7 0 2 6 9 0 
9 0 4 0 8 0 5 0 1 
0 5 9 6 0 8 7 4 0 
0 0 6 0 7 0 2 0 0 
7 3 0 4 2 5 0 1 6 

15 12
5 3 0 1 8 0 9 7 2 
9 1 0 5 4 2 6 8 3 
0 0 2 9 0 7 0 0 0 
7 5 0 3 0 8 2 0 4 
3 0 8 0 6 9 0 1 5 
4 9 0 7 0 5 3 0 8 
0 0 3 2 0 4 0 0 0 
2 6 0 8 5 1 4 3 7 
8 4 0 6 7 0 1 2 9 

15 13
5 7 0 8 4 9 0 3 1 
8 0 0 0 3 0 0 0 9 
0 9 2 0 0 0 4 8 0 
7 3 1 0 9 0 5 2 8 
2 5 0 7 1 8 0 4 6 
4 6 0 3 5 2 0 1 7 
0 2 5 9 0 4 6 7 0 
6 0 3 5 0 1 8 0 2 
9 8 0 6 2 3 0 5 4 

15 14
3 5 0 6 8 0 1 2 9 
8 1 9 0 2 5 4 7 0 
0 0 6 0 9 7 5 0 0 
1 9 5 0 0 8 0 0 4 
2 6 4 7 0 0 9 1 8 
7 3 8 0 0 1 0 0 2 
0 0 2 0 7 6 3 0 0 
6 7 3 0 1 2 8 9 0 
5 4 0 8 3 0 2 6 7 

15 15
0 1 4 7 0 3 2 5 0 
7 8 0 0 9 0 0 6 3 
2 9 0 6 4 5 0 1 8 
5 0 9 0 1 0 6 0 4 
0 7 8 9 6 4 5 3 0 
3 0 6 0 2 0 8 0 1 
8 5 0 2 3 6 0 4 7 
9 6 0 0 7 0 0 8 5 
0 3 7 8 0 9 1 2 0 

15 16
9 6 0 0 2 7 0 3 8 
4 7 0 5 0 0 2 1 6 
2 1 0 6 4 8 7 0 9 
0 5 4 3 6 1 9 0 0 
0 8 0 0 7 0 0 6 0 
0 0 2 9 8 5 1 4 0 
5 0 6 7 1 3 0 9 4 
3 9 7 0 0 4 0 2 1 
8 4 0 2 9 0 0 7 5 

15 17
1 6 9 0 8 7 5 0 2 
0 8 0 3 0 6 9 0 0 
7 3 5 9 0 2 0 8 4 
6 0 3 8 0 1 7 0 9 
0 2 7 0 4 0 1 6 0 
4 0 8 6 0 9 3 0 5 
5 9 2 1 0 4 0 7 3 
0 7 0 2 0 5 4 0 0 
3 4 1 0 9 8 2 0 6 

15 18
8 1 7 0 0 0 9 0 0 
5 2 3 0 9 1 0 8 7 
6 4 9 0 7 8 0 2 0 
2 9 1 0 0 4 7 0 0 
4 3 6 7 8 5 2 1 9 
0 0 5 9 0 0 3 6 4 
0 6 0 5 4 0 1 3 2 
1 7 0 8 6 0 4 9 5 
0 0 4 0 0 0 8 7 6 

15 19
1 8 0 9 7 5 0 3 2 
3 4 0 6 1 2 0 9 8 
2 7 9 0 0 0 1 5 6 
0 0 8 4 6 9 3 0 0 
6 0 7 0 5 0 2 0 9 
9 3 0 1 2 7 0 8 5 
4 0 3 5 8 1 9 0 7 
8 0 2 0 3 0 5 0 4 
7 5 0 0 0 0 0 6 3 

15 20
5 6 0 7 0 4 0 8 1 
9 8 0 1 0 2 0 7 4 
0 4 0 5 8 9 0 3 0 
8 0 0 3 2 6 0 0 5 
4 7 6 0 9 0 2 1 3 
2 3 0 0 7 0 0 9 6 
0 0 4 9 5 7 3 0 0 
0 9 8 2 0 3 1 5 0 
3 5 7 6 0 8 4 2 9 

15 21
2 0 9 6 1 4 3 0 5 
8 5 0 2 9 0 6 0 4 
0 4 0 8 0 0 9 2 7 
4 0 6 0 8 9 0 5 0 
3 8 7 0 6 2 4 0 1 
5 0 2 0 7 1 0 3 0 
0 3 0 1 0 0 5 7 8 
1 6 0 7 3 0 2 0 9 
7 0 5 9 4 8 1 0 3 

15 22
7 8 4 9 0 1 2 5 3 
6 5 0 3 0 7 0 9 1 
9 0 0 4 2 0 0 0 8 
0 7 6 0 3 9 8 0 0 
2 0 1 8 7 6 9 4 0 
0 9 5 0 4 2 7 0 0 
3 0 0 2 1 0 0 0 7 
5 2 0 6 0 3 0 8 4 
1 6 8 7 0 4 3 2 9 

15 23
5 9 2 0 3 0 1 4 6 
0 6 7 9 0 5 3 8 0 
0 0 8 4 0 2 7 0 0 
0 4 9 5 7 6 2 1 0 
7 0 0 1 4 9 0 0 5 
0 5 6 8 2 3 4 9 0 
0 0 5 2 0 1 6 0 0 
0 8 4 6 0 7 9 3 0 
6 7 1 0 9 0 5 2 8 

15 24
3 2 4 0 7 0 6 9 1 
7 0 5 0 9 0 2 8 4 
1 8 0 4 2 6 0 3 5 
4 0 0 7 0 9 0 0 0 
0 5 6 1 3 4 9 7 0 
0 0 0 8 0 2 0 0 3 
5 9 0 6 8 3 0 1 7 
6 4 3 0 1 0 8 0 9 
8 7 1 0 4 0 3 6 2 

15 25
4 0 8 9 5 3 2 0 1 
5 3 0 6 0 2 0 9 7 
9 0 6 1 8 7 4 0 3 
0 9 4 3 6 8 7 2 0 
2 0 3 0 9 0 1 0 8 
0 5 0 4 2 1 0 3 0 
6 8 0 5 1 9 0 7 4 
7 4 0 0 0 0 0 1 2 
3 0 0 2 7 4 0 0 6 

15 26
8 5 0 3 0 4 0 6 9 
6 0 0 8 5 9 0 0 1 
7 0 0 2 0 1 0 0 5 
2 1 9 0 8 0 5 7 3 
4 6 0 7 0 3 0 2 8 
3 7 0 1 2 5 0 9 4 
0 8 4 6 0 7 3 5 0 
0 2 6 0 3 0 9 4 0 
5 0 7 9 4 2 8 0 6 

15 27
6 0 5 1 0 9 7 0 2 
2 9 0 0 6 0 0 1 8 
0 0 8 7 4 2 5 0 0 
7 0 4 3 0 1 2 0 9 
9 8 0 6 0 4 0 5 3 
0 3 1 2 0 8 6 4 0 
4 0 3 9 1 7 8 0 5 
8 0 0 4 3 5 0 0 1 
1 5 9 0 2 0 3 7 4 

15 28
0 2 8 1 0 4 5 7 0 
6 7 4 0 8 0 2 9 1 
5 9 0 6 0 2 0 3 4 
9 0 0 8 0 3 0 0 5 
0 3 6 5 2 7 4 8 0 
2 0 0 9 0 1 0 0 3 
7 5 0 4 0 8 0 1 2 
8 1 3 0 5 0 9 4 7 
0 6 2 7 0 9 3 5 0 

15 29
6 2 0 0 8 0 0 3 5 
3 5 0 7 9 6 0 2 4 
8 9 4 0 0 0 1 7 6 
0 0 6 4 1 9 7 0 0 
7 0 9 5 3 8 2 0 1 
0 0 5 6 7 2 3 0 0 
5 7 3 0 0 0 4 8 2 
9 6 0 8 4 3 0 1 7 
4 1 0 0 5 0 0 9 3 

15 30
6 7 0 0 0 0 0 2 3 
2 1 0 6 3 9 0 4 8 
0 8 3 1 2 7 5 9 0 
8 0 2 0 6 0 9 0 4 
9 4 0 2 7 8 0 6 5 
3 0 7 0 5 0 8 0 2 
0 2 4 8 1 3 6 5 0 
5 9 0 7 4 6 0 3 1 
1 3 0 0 0 0 0 8 7 

15 31
0 3 0 8 9 0 0 6 0 
4 0 2 5 7 0 8 0 9 
9 6 0 3 0 1 7 2 5 
3 2 0 0 0 5 6 4 8 
1 7 0 4 8 3 0 9 2 
8 5 4 6 0 0 0 7 1 
7 9 5 2 0 8 0 1 6 
2 0 3 0 6 4 9 0 7 
0 4 0 0 5 7 0 8 0 

15 32
9 6 1 0 0 0 5 8 4 
4 3 0 1 6 5 0 9 2 
7 2 0 8 9 4 0 1 6 
0 0 7 9 5 3 6 0 0 
0 9 2 0 0 0 4 5 0 
5 8 0 4 2 1 0 3 7 
0 5 0 2 1 7 0 4 0 
0 7 3 0 4 0 1 6 0 
8 1 0 6 3 9 0 7 5 

15 33
6 1 7 0 0 0 8 3 5 
4 0 0 7 5 1 0 0 9 
2 0 5 6 3 8 7 0 4 
0 7 2 5 0 4 3 9 0 
9 0 8 0 6 0 4 0 2 
0 4 6 2 0 3 1 8 0 
3 0 1 9 4 2 6 0 8 
8 0 0 3 7 5 0 0 1 
7 2 9 0 0 0 5 4 3 

15 34
8 0 0 6 2 5 0 0 3 
7 6 2 0 9 0 5 4 1 
5 9 0 1 7 4 0 6 8 
3 2 8 0 5 0 6 1 9 
1 0 4 0 8 0 3 0 5 
6 0 9 2 3 1 4 0 7 
2 8 0 0 4 0 0 3 6 
0 0 6 7 0 8 9 0 0 
9 0 5 3 0 2 8 0 4 

15 35
1 4 0 6 2 8 0 0 3 
2 6 0 7 0 0 8 4 1 
3 8 9 5 1 0 2 7 0 
0 0 8 2 0 6 0 0 9 
0 7 6 9 8 1 3 5 0 
9 0 0 3 0 5 4 0 0 
0 5 3 0 9 2 6 8 4 
6 9 4 0 0 3 0 2 7 
8 0 0 4 6 7 0 3 5 

15 36
0 0 3 2 0 9 7 0 0 
9 5 7 0 1 0 2 4 8 
2 6 0 8 0 7 0 3 9 
3 4 0 1 7 2 0 6 5 
5 0 8 0 3 0 1 0 2 
6 1 0 9 8 5 0 7 3 
8 9 0 7 0 1 0 2 4 
7 2 4 0 9 0 6 8 1 
0 0 6 4 0 8 9 0 0 

15 37
2 1 7 0 9 0 6 5 8 
8 0 5 2 0 6 7 0 3 
9 0 0 8 0 7 0 0 4 
5 0 0 7 3 9 0 0 6 
0 7 9 6 8 4 2 1 0 
0 8 6 1 2 5 9 3 0 
6 5 0 9 0 2 0 4 1 
1 0 4 3 0 8 5 0 2 
7 3 0 0 4 0 0 6 9 

15 38
0 8 1 0 0 0 0 2 0 
2 5 9 8 3 4 0 7 6 
7 0 6 0 0 0 3 8 5 
4 0 0 3 9 8 5 6 1 
0 9 8 5 2 1 7 4 0 
5 1 3 4 7 6 0 0 2 
1 7 4 0 0 0 2 0 8 
9 3 0 7 8 2 6 1 4 
0 6 0 0 0 0 9 5 0 

15 39
9 2 7 0 6 0 4 8 3 
6 1 4 0 3 0 9 2 5 
5 0 0 2 0 9 0 0 1 
0 5 6 7 0 1 3 9 0 
3 0 2 0 8 0 1 0 6 
1 4 9 0 5 0 2 7 8 
4 3 0 0 7 0 0 1 9 
7 0 8 5 0 3 6 0 2 
0 6 1 4 0 8 5 3 0 

15 40
0 8 1 0 0 2 9 3 0 
9 3 6 8 0 4 5 2 7 
2 0 5 0 7 0 0 6 0 
5 0 0 1 6 8 0 9 3 
0 1 7 2 9 3 4 0 6 
6 0 0 5 4 7 0 8 1 
4 0 8 0 3 0 0 7 0 
3 7 9 4 0 6 8 1 5 
0 6 2 0 0 5 3 4 0 

15 41
6 9 2 7 0 0 5 8 1 
4 0 3 2 0 0 6 9 7 
0 0 8 0 5 6 0 0 4 
5 6 1 0 7 4 8 2 0 
3 0 0 5 9 2 0 0 6 
0 2 7 8 6 0 3 4 5 
8 0 0 4 3 0 1 0 0 
2 4 5 0 0 7 9 0 3 
1 3 9 0 0 5 4 7 8 

15 42
0 6 0 2 0 1 0 5 0 
5 0 7 4 3 9 2 0 6 
0 4 1 5 0 6 3 9 0 
6 1 8 0 9 0 5 2 4 
0 0 5 6 1 2 7 0 0 
7 9 2 0 4 0 1 6 3 
0 2 3 1 0 4 8 7 0 
8 0 4 9 2 7 6 0 1 
0 7 0 3 0 8 0 4 0 

15 43
8 9 2 0 0 7 6 5 0 
6 3 0 8 4 5 2 0 9 
4 5 0 0 0 6 3 0 0 
2 0 3 9 8 0 1 6 0 
5 1 0 7 0 2 0 4 8 
0 4 8 0 5 1 7 0 2 
0 0 5 1 0 0 0 9 3 
1 0 9 4 7 3 0 2 6 
0 6 4 5 0 0 8 1 7 

15 44
3 1 0 6 5 8 0 7 4 
0 4 8 3 2 9 5 1 0 
6 0 9 0 0 0 3 0 2 
2 7 0 4 6 3 0 9 1 
0 0 0 9 0 2 0 0 0 
8 9 0 1 7 5 0 2 3 
4 0 7 0 0 0 1 0 5 
0 6 1 5 3 7 2 4 0 
5 2 0 8 4 1 0 6 9 

15 45
4 6 7 0 2 0 3 9 1 
0 0 9 6 0 3 0 5 4 
5 0 0 9 7 0 8 0 2 
1 9 3 0 6 5 0 4 0 
2 4 6 7 0 1 5 0 3 
7 5 8 0 3 2 0 1 0 
9 0 0 2 4 0 1 0 8 
0 0 4 3 0 7 0 2 5 
3 8 2 0 5 0 4 7 6 

15 46
2 7 0 0 9 0 8 4 6 
4 0 1 7 6 2 9 0 5 
0 6 3 5 0 8 0 2 0 
8 0 7 0 0 0 4 5 9 
3 1 0 4 8 5 0 6 2 
5 4 6 0 0 0 3 0 1 
0 3 0 6 0 7 2 9 0 
6 0 4 8 2 1 5 0 3 
7 5 2 0 3 0 0 1 8 

15 47
2 8 0 0 0 0 0 9 4 
7 9 0 1 0 8 0 6 2 
0 4 6 2 7 9 8 1 0 
4 0 2 0 8 0 1 0 7 
8 1 0 4 6 7 0 5 9 
5 0 9 3 0 2 4 0 6 
6 0 8 0 0 0 5 0 3 
9 5 0 8 2 3 0 7 1 
0 3 7 6 5 4 9 2 0 

15 48
4 6 1 0 0 0 9 2 7 
8 0 5 6 7 2 0 4 1 
0 2 0 9 4 1 8 0 5 
1 0 9 4 0 3 0 7 0 
7 3 6 0 0 9 0 5 0 
2 0 8 7 0 6 0 3 0 
0 7 0 8 9 4 2 0 6 
9 0 2 3 6 5 0 8 4 
6 8 4 0 0 0 5 9 3 

15 49
4 2 0 7 5 8 0 9 3 
7 9 6 0 1 0 2 5 8 
0 8 0 6 0 9 0 4 0 
8 0 7 0 6 0 4 0 9 
0 6 5 4 7 3 8 2 0 
3 0 2 0 9 0 7 0 5 
0 7 0 5 0 6 0 8 0 
2 3 4 0 8 0 5 1 6 
6 5 0 1 3 2 0 7 4 

15 50
5 8 1 0 0 0 2 3 9 
3 6 7 0 9 0 1 4 8 
2 0 0 1 8 3 0 0 5 
0 1 3 8 5 2 4 9 0 
9 0 0 4 7 6 0 0 3 
6 5 0 0 0 0 0 2 7 
8 0 2 6 1 9 7 0 4 
0 7 5 3 4 8 9 6 0 
4 0 0 5 2 7 0 0 1 

16 1
2 4 1 0 6 9 7 5 3 
8 6 0 7 0 0 0 4 1 
3 0 9 0 5 0 8 2 0 
6 5 0 3 4 2 0 9 0 
0 2 8 5 0 1 0 0 4 
1 3 0 9 8 6 0 7 0 
7 0 6 0 9 0 3 8 0 
4 8 0 2 0 0 0 6 9 
5 9 2 0 3 8 4 1 7 

16 2
9 1 0 3 8 7 0 6 2 
4 0 7 6 5 2 3 0 1 
0 6 3 0 1 0 8 5 0 
0 0 2 1 0 8 7 0 0 
8 5 0 4 7 3 0 2 9 
0 0 4 5 0 9 6 0 0 
0 2 9 0 4 0 5 1 0 
6 0 1 7 9 5 2 0 4 
5 4 0 2 3 1 0 7 6 

16 3
4 0 1 5 0 6 9 0 3 
0 2 0 9 0 7 0 1 0 
6 0 3 0 4 0 8 0 5 
7 5 0 3 6 1 0 8 2 
2 0 6 8 9 4 7 0 1 
0 8 4 2 0 5 3 6 0 
0 6 2 4 0 3 5 9 0 
3 0 7 0 5 0 2 0 8 
9 4 0 7 2 8 0 3 6 

16 4
7 5 1 0 2 9 0 3 0 
6 4 0 8 0 3 1 7 0 
9 0 8 7 6 0 2 5 0 
0 6 0 2 9 8 0 4 0 
4 2 5 0 7 0 9 8 1 
0 7 0 1 4 5 0 6 0 
0 8 7 0 3 2 4 0 6 
0 1 6 5 0 4 0 9 3 
0 9 0 6 1 0 8 2 5 

16 5
5 0 9 8 0 2 4 0 1 
3 4 0 5 0 7 0 6 9 
7 8 1 0 6 0 3 5 2 
4 9 0 0 8 0 0 2 3 
2 0 7 1 9 5 6 0 8 
0 0 6 4 2 3 5 0 0 
6 0 0 3 7 1 0 0 5 
1 7 0 6 0 9 0 3 4 
9 5 3 0 0 0 7 1 6 

16 6
4 1 0 8 9 2 3 6 0 
3 8 9 4 6 5 0 0 1 
0 6 2 0 0 3 9 0 0 
8 0 0 3 7 0 5 0 2 
0 5 0 2 8 4 7 3 9 
7 0 0 1 5 0 4 0 6 
0 7 5 0 0 8 6 0 0 
2 4 6 5 3 1 0 0 7 
9 3 0 6 2 7 1 5 0 

16 7
3 0 4 9 0 5 8 0 2 
0 2 5 0 8 0 7 1 0 
6 8 0 3 7 2 0 5 9 
0 9 0 7 6 1 0 4 0 
4 5 7 0 2 0 6 9 1 
0 6 0 4 5 9 0 3 0 
5 1 0 2 4 7 0 8 6 
0 4 6 0 3 0 9 2 0 
8 0 2 5 0 6 1 0 4 

16 8
3 2 0 6 5 9 0 1 8 
5 0 1 7 8 0 3 0 2 
0 8 9 0 0 2 6 4 0 
4 5 0 0 6 8 1 0 3 
9 0 0 4 2 7 0 0 6 
8 0 6 1 3 0 0 2 4 
0 3 5 2 0 0 4 8 0 
2 0 7 0 4 3 5 0 1 
6 4 0 5 9 1 0 3 7 

16 9
1 8 9 0 4 0 3 6 5 
0 2 5 6 0 9 8 4 0 
6 0 7 0 3 0 1 0 2 
5 6 0 8 0 3 0 2 1 
2 0 3 0 5 0 9 0 4 
7 9 0 1 0 4 0 5 3 
8 0 6 0 7 0 2 0 9 
0 7 2 3 0 5 4 1 0 
4 3 1 0 6 0 5 7 8 

16 10
9 0 2 6 0 5 1 0 7 
1 4 0 3 0 2 0 6 5 
6 5 3 0 9 0 2 4 8 
4 0 5 1 0 3 6 0 9 
0 0 8 4 0 9 7 0 0 
3 6 0 5 7 8 0 1 2 
7 3 0 9 5 6 0 2 4 
8 9 0 0 3 0 0 7 1 
0 0 4 8 1 7 3 0 0 

16 11
9 2 1 0 5 3 4 8 7 
4 8 0 1 0 2 0 0 0 
5 7 3 0 4 0 2 6 0 
0 9 0 4 2 6 0 7 0 
0 6 4 5 0 7 1 2 0 
0 5 0 3 8 1 0 9 0 
0 1 7 0 6 0 3 5 9 
0 0 0 2 0 5 0 4 6 
6 4 5 7 3 0 8 1 2 

16 12
2 8 7 0 4 5 3 0 1 
0 4 0 6 7 8 0 5 9 
0 0 9 2 1 0 7 4 8 
7 9 0 5 0 4 6 0 0 
0 2 3 0 6 0 8 9 0 
0 0 5 3 0 9 0 7 2 
8 3 6 0 9 1 5 0 0 
5 1 0 7 3 6 0 8 0 
9 0 4 8 5 0 1 3 6 

16 13
4 3 5 0 2 0 8 1 9 
0 0 0 0 0 9 0 3 2 
6 0 2 0 1 3 5 0 7 
1 8 0 9 3 5 2 7 0 
5 0 7 4 6 0 1 9 3 
9 6 0 2 7 1 4 8 0 
3 0 9 0 8 2 7 0 1 
0 0 0 0 0 4 0 6 8 
8 5 6 0 9 0 3 2 4 

16 14
7 0 2 5 8 6 4 0 1 
8 0 0 4 9 3 0 0 7 
0 0 5 0 1 0 6 0 0 
0 8 3 9 2 7 1 6 0 
9 2 0 0 6 0 0 7 4 
6 5 0 1 3 4 0 9 2 
1 0 4 3 7 9 5 0 8 
0 0 9 2 0 8 7 0 0 
2 7 8 6 0 1 9 4 3 

16 15
0 5 0 8 2 1 0 4 0 
0 9 7 5 4 6 3 8 0 
4 0 8 0 0 0 6 0 2 
5 2 9 0 8 0 1 6 7 
0 6 4 1 7 2 5 9 0 
3 7 1 0 5 0 4 2 8 
7 0 5 0 0 0 9 0 6 
0 3 2 9 6 5 8 7 0 
0 4 0 7 3 8 0 1 0 

16 16
0 2 0 0 7 3 6 5 1 
3 1 6 0 0 8 4 7 9 
7 5 9 4 0 0 8 0 0 
9 8 2 6 4 0 0 1 0 
0 0 3 1 9 5 2 0 0 
0 4 0 0 3 2 7 9 6 
0 0 7 0 0 6 5 2 8 
5 6 8 7 0 0 1 4 3 
2 3 1 5 8 0 0 6 0 

16 17
0 0 8 9 1 3 4 0 0 
0 0 5 6 4 7 8 0 0 
9 7 0 5 0 2 1 3 6 
4 8 9 0 3 0 0 6 7 
6 0 1 7 9 8 5 0 3 
5 3 0 0 2 0 9 1 8 
8 5 6 2 0 1 0 9 4 
0 0 3 8 6 9 7 0 0 
0 0 2 3 5 4 6 0 0 

16 18
9 3 4 0 0 6 7 8 5 
0 0 6 0 9 0 1 2 3 
5 2 0 3 8 0 0 0 4 
3 5 8 7 1 2 9 0 0 
7 6 9 0 0 3 0 1 0 
1 4 2 9 6 5 8 0 0 
4 8 0 6 7 0 0 0 1 
0 0 7 0 5 0 3 6 8 
6 1 5 0 0 8 4 7 9 

16 19
3 9 8 0 1 0 4 6 2 
0 4 0 2 3 6 0 7 0 
6 0 7 0 9 0 1 0 5 
2 1 0 8 0 3 0 5 6 
7 8 5 0 2 0 3 9 4 
4 3 0 9 0 7 0 8 1 
8 0 2 0 6 0 5 0 3 
0 6 0 5 7 4 0 2 0 
9 5 4 0 8 0 6 1 7 

16 20
0 3 6 4 0 8 1 5 0 
0 0 9 0 1 0 2 0 0 
1 7 0 2 5 9 0 3 8 
7 4 3 0 6 0 9 2 5 
6 5 8 0 2 0 3 4 1 
9 2 1 0 3 0 8 6 7 
8 6 0 1 4 2 0 9 3 
0 0 7 0 9 0 5 0 0 
0 9 2 7 0 5 4 1 0 

16 21
0 5 8 0 2 4 1 6 9 
6 0 0 9 0 5 3 7 0 
3 0 0 8 7 0 5 0 2 
0 8 1 0 5 3 0 2 7 
2 0 5 7 6 8 9 0 4 
4 6 0 2 9 0 8 3 0 
5 0 6 0 4 9 0 0 3 
0 9 4 6 0 7 0 0 1 
1 7 3 5 8 0 4 9 0 

16 22
0 1 7 4 3 0 0 2 6 
5 0 2 8 0 0 0 4 7 
6 4 0 0 2 7 3 0 9 
7 9 0 0 5 4 6 8 0 
8 0 3 7 6 1 4 0 5 
0 5 6 9 8 0 0 7 1 
1 0 9 5 4 0 0 3 8 
3 8 0 0 0 9 5 0 2 
2 7 0 0 1 8 9 6 0 

16 23
6 4 0 5 0 2 9 7 3 
2 0 9 0 3 7 0 8 0 
0 5 0 9 8 0 0 1 0 
3 6 5 0 2 1 8 0 9 
8 2 1 3 4 9 6 0 0 
4 9 7 0 5 6 1 0 2 
0 3 0 1 7 0 0 2 0 
1 0 4 0 6 8 0 9 0 
5 8 0 4 0 3 7 6 1 

16 24
7 3 8 0 0 0 9 1 2 
2 9 0 1 8 7 0 5 4 
5 4 0 2 3 9 0 6 8 
0 0 2 7 0 8 1 0 0 
9 7 0 0 4 0 0 8 5 
0 0 5 9 0 3 4 0 0 
6 2 0 5 1 4 0 3 7 
1 8 0 3 7 6 0 2 9 
3 5 7 0 0 0 6 4 1 

16 25
0 0 0 7 8 5 6 2 3 
2 6 5 0 0 3 8 1 7 
0 3 7 6 0 2 9 0 0 
0 4 3 0 6 1 7 0 2 
0 7 0 5 4 9 0 8 0 
5 0 8 2 3 0 4 6 0 
0 0 6 9 0 8 1 7 0 
4 2 1 3 0 0 5 9 8 
7 8 9 1 5 4 0 0 0 

16 26
5 7 0 8 0 2 4 9 3 
9 0 3 0 4 0 2 8 7 
0 4 0 9 0 3 0 5 1 
2 0 7 0 9 4 8 0 6 
0 8 0 3 5 6 0 7 0 
6 0 1 2 8 0 5 0 9 
7 6 0 5 0 1 0 2 0 
3 2 8 0 6 0 7 0 5 
1 9 5 7 0 8 0 6 4 

16 27
4 7 0 0 0 6 9 1 0 
1 8 9 0 4 0 5 2 6 
6 0 0 0 9 5 0 8 7 
8 0 0 9 5 3 2 0 4 
0 5 4 2 7 8 6 3 0 
3 0 7 6 1 4 0 0 9 
5 4 0 7 3 0 0 0 2 
7 6 1 0 8 0 3 9 5 
0 9 3 5 0 0 0 4 8 

16 28
4 5 0 6 7 1 2 9 3 
6 0 3 0 8 2 5 1 7 
0 7 0 0 0 0 4 0 6 
5 0 9 7 1 0 0 4 0 
1 0 0 9 4 3 8 6 5 
3 0 4 5 2 0 0 7 0 
0 3 0 0 0 0 9 0 8 
8 0 6 0 9 5 7 3 4 
9 4 0 8 3 7 6 2 1 

16 29
5 1 3 0 0 0 7 2 4 
8 6 0 2 3 7 0 9 1 
2 7 9 0 4 0 6 3 8 
9 0 0 6 7 4 0 0 2 
0 0 7 0 8 0 1 0 0 
6 0 0 1 5 9 0 0 3 
3 4 8 0 2 0 9 1 5 
7 9 0 8 1 3 0 4 6 
1 2 6 0 0 0 3 8 7 

16 30
8 7 0 9 0 3 5 2 0 
9 0 2 0 8 0 6 0 7 
6 3 0 7 5 2 0 8 1 
2 0 8 3 7 0 4 0 9 
0 4 0 2 1 6 0 5 0 
5 0 3 0 4 9 2 0 6 
4 8 0 6 3 1 0 9 2 
1 0 6 0 9 0 3 0 8 
0 9 7 4 0 8 0 6 5 

16 31
7 0 0 5 3 4 2 0 0 
5 2 0 6 0 7 1 0 4 
0 6 8 0 9 0 0 5 3 
8 5 2 9 0 3 0 4 1 
0 9 7 4 2 1 8 3 0 
1 3 4 8 0 6 0 7 2 
0 7 6 0 1 0 0 8 9 
9 4 0 2 0 8 3 0 7 
3 0 0 7 4 9 5 0 0 

16 32
9 4 6 0 0 0 8 1 7 
3 0 5 7 0 8 4 0 6 
7 1 8 0 9 0 2 3 5 
0 9 0 5 8 3 0 6 0 
6 3 7 0 4 0 9 5 8 
5 0 4 9 0 7 3 0 1 
8 5 0 4 3 6 0 7 2 
0 7 2 0 5 0 6 4 0 
4 0 0 1 0 2 0 0 9 

16 33
4 9 0 0 3 0 0 8 1 
5 6 0 8 9 1 0 2 7 
0 0 8 4 6 7 9 0 0 
0 7 5 1 0 4 2 3 0 
2 0 6 9 5 3 7 0 8 
0 3 1 6 0 2 5 9 0 
0 0 4 5 2 6 8 0 0 
7 5 0 3 4 8 0 6 2 
6 8 0 0 1 0 0 4 5 

16 34
8 9 2 3 0 7 0 1 0 
5 7 3 0 2 0 8 0 9 
6 4 1 5 0 8 0 7 0 
0 3 6 9 5 2 0 0 0 
0 5 9 8 4 1 7 3 0 
0 0 0 7 3 6 9 2 0 
0 6 0 4 0 9 1 5 2 
4 0 5 0 8 0 6 9 7 
0 2 0 6 0 5 3 4 8 

16 35
0 7 6 0 2 8 0 4 0 
9 0 5 7 4 0 8 0 3 
4 8 0 5 0 9 0 6 7 
7 5 8 0 3 0 9 2 6 
0 0 2 9 6 7 1 0 0 
6 1 9 0 8 0 7 3 4 
5 3 0 8 0 2 0 9 1 
8 0 1 0 5 3 4 0 2 
0 6 0 1 9 0 3 5 0 

16 36
9 8 0 3 2 0 1 5 7 
2 0 0 7 0 8 6 9 0 
4 7 1 0 5 0 2 0 0 
6 4 0 1 9 2 0 8 0 
8 0 2 5 3 7 4 0 6 
0 5 0 4 8 6 0 2 9 
0 0 9 0 6 0 5 4 3 
0 1 4 9 0 3 0 0 2 
3 6 8 0 4 5 0 7 1 

16 37
6 0 4 3 1 2 8 0 9 
0 7 8 0 9 0 2 5 0 
2 9 0 8 0 7 0 4 6 
9 3 5 0 4 0 6 2 8 
7 6 0 9 0 5 0 3 1 
4 8 1 0 6 0 7 9 5 
3 4 0 6 2 8 0 1 7 
0 0 0 5 3 4 0 0 0 
5 2 6 0 0 0 3 8 4 

16 38
4 9 0 0 6 0 0 8 3 
8 5 0 0 3 0 0 7 9 
0 0 6 9 7 8 5 0 0 
0 0 4 6 1 3 8 0 0 
7 0 3 0 9 0 4 0 5 
6 8 0 5 4 7 0 2 1 
9 6 1 0 2 0 7 5 8 
2 7 5 1 0 6 9 3 4 
3 4 8 0 0 0 2 1 6 

16 39
0 9 5 0 2 7 6 4 0 
8 0 6 3 0 4 7 0 5 
0 7 0 5 6 0 0 8 9 
1 5 3 9 0 8 2 6 0 
2 0 8 0 7 0 5 0 4 
0 4 9 2 0 6 1 3 8 
5 3 0 0 8 9 0 1 0 
6 0 4 7 0 2 9 0 3 
0 2 1 4 3 0 8 7 0 

16 40
6 9 0 0 0 3 0 7 4 
0 0 3 4 1 0 5 0 9 
4 5 7 6 0 9 8 1 3 
0 8 0 0 7 0 6 0 2 
3 7 2 1 6 5 4 9 8 
9 0 6 0 3 0 0 5 0 
7 1 9 8 0 6 3 2 5 
5 0 8 0 9 2 1 0 0 
2 6 0 3 0 0 0 8 7 

16 41
0 4 8 0 3 0 2 9 0 
2 5 7 0 9 0 3 6 1 
9 0 1 7 0 6 4 0 5 
3 1 0 9 7 2 0 5 4 
7 0 5 0 8 0 9 0 6 
8 9 0 5 0 3 0 7 2 
5 0 0 6 4 9 0 0 3 
4 6 0 3 1 7 0 2 8 
0 7 3 0 5 0 6 4 0 

16 42
6 4 0 2 0 9 0 7 8 
1 7 3 0 0 0 9 5 2 
0 2 8 5 0 3 4 6 0 
5 8 0 7 3 2 0 4 9 
0 0 7 9 0 1 8 0 0 
3 9 0 4 6 8 0 1 7 
0 3 6 1 0 5 2 8 0 
2 5 4 0 0 0 1 9 6 
8 1 0 6 0 4 0 3 5 

16 43
0 1 4 0 0 0 9 7 0 
8 7 0 9 6 1 0 5 2 
2 0 6 7 5 4 3 0 1 
3 8 0 1 0 2 0 6 9 
0 0 9 6 8 7 5 0 0 
4 6 0 5 0 3 0 1 8 
9 0 8 2 7 6 1 0 5 
7 5 0 8 3 9 0 2 4 
0 3 2 0 0 0 8 9 0 

16 44
5 0 4 0 0 0 7 0 1 
7 6 0 4 9 1 0 8 2 
8 1 2 0 0 0 4 6 9 
1 2 0 6 4 9 0 7 5 
0 0 5 8 1 3 6 0 0 
4 3 0 5 2 7 0 1 8 
2 5 7 0 0 0 1 4 3 
6 4 0 3 5 2 0 9 7 
3 0 9 0 0 0 2 0 6 

16 45
3 0 6 9 0 4 5 0 1 
7 0 5 0 8 6 0 2 0 
0 8 9 2 0 0 3 7 6 
8 5 0 6 2 3 9 4 7 
0 0 4 0 9 0 6 0 0 
9 6 3 1 4 7 0 5 8 
1 9 7 0 0 2 8 3 0 
0 4 0 7 3 0 1 0 2 
6 0 2 8 0 5 7 0 4 

16 46
3 0 6 0 1 0 8 0 9 
0 7 0 8 9 5 0 4 0 
9 0 8 3 0 2 7 0 1 
0 1 5 9 2 3 4 7 0 
2 6 0 5 4 1 0 3 8 
0 9 3 6 7 8 2 1 0 
5 0 9 2 0 7 1 0 4 
0 3 0 4 8 6 0 9 0 
6 0 4 0 5 0 3 0 7 

16 47
1 0 8 2 4 6 0 9 7 
4 5 0 7 0 8 0 1 3 
9 7 2 0 5 0 8 0 6 
2 6 0 3 8 7 9 0 0 
7 4 0 0 0 0 0 3 8 
0 0 3 4 6 5 0 7 2 
6 0 4 0 7 0 3 2 1 
3 1 0 8 0 4 0 6 5 
5 2 0 6 3 1 4 0 9 

16 48
7 3 4 9 0 6 0 0 2 
0 0 8 0 1 3 7 6 0 
0 0 0 8 7 4 3 9 0 
6 0 3 1 4 2 8 5 0 
0 1 5 3 9 8 6 4 0 
0 4 9 5 6 7 2 0 3 
0 2 1 4 8 5 0 0 0 
0 9 7 6 2 0 5 0 0 
5 0 0 7 0 9 4 2 1 

16 49
7 9 5 0 2 1 0 3 4 
8 3 0 4 0 9 6 0 0 
2 0 4 3 8 0 7 0 9 
5 2 0 1 0 4 9 0 0 
6 4 7 0 9 0 2 5 1 
0 0 8 2 0 7 0 6 3 
1 0 6 0 3 8 5 0 2 
0 0 2 5 0 6 0 9 7 
3 5 0 7 4 0 1 8 6 

16 50
0 6 0 8 0 9 0 7 0 
5 0 8 4 0 2 3 9 6 
4 0 3 7 6 0 2 0 8 
0 2 4 0 8 3 1 5 7 
7 0 5 0 2 0 6 0 4 
3 1 6 5 4 0 9 8 0 
6 0 9 0 7 8 5 0 3 
2 5 7 3 0 4 8 0 1 
0 3 0 2 0 6 0 4 0 

17 1
3 7 9 1 0 8 0 5 2 
6 5 0 3 7 2 9 0 4 
1 0 0 9 0 5 0 3 8 
0 3 2 0 1 0 4 0 7 
7 0 0 6 0 4 3 8 0 
0 4 6 0 8 0 2 0 1 
9 0 0 4 0 1 0 2 6 
2 6 0 8 5 7 1 0 9 
4 1 5 2 0 6 0 7 3 

17 2
4 7 5 0 1 0 6 8 9 
0 0 0 8 7 5 0 0 0 
1 8 0 4 9 6 0 5 7 
8 0 6 3 0 7 2 0 5 
9 2 4 0 5 0 7 3 6 
3 0 7 9 0 2 8 0 1 
7 6 0 5 2 4 0 1 8 
0 0 0 6 8 9 0 0 0 
5 9 8 0 3 0 4 6 2 

17 3
6 5 4 0 0 0 9 3 8 
7 0 0 3 8 9 0 0 6 
0 0 8 5 6 4 7 0 0 
3 8 1 2 0 5 4 6 7 
0 9 0 8 0 7 0 5 0 
4 7 5 1 0 6 2 8 9 
0 0 9 6 2 8 3 0 0 
5 0 0 9 7 1 0 0 4 
8 2 7 0 0 0 6 9 1 

17 4
0 5 4 0 1 0 9 7 2 
9 7 0 3 4 2 0 0 1 
0 0 2 7 5 0 4 0 3 
6 2 0 0 9 5 0 1 0 
4 0 5 1 8 7 2 0 6 
0 1 0 2 6 0 0 4 5 
5 0 3 0 7 1 6 0 0 
2 0 0 6 3 4 0 5 7 
7 4 6 0 2 0 1 3 0 

17 5
0 1 9 0 6 0 3 5 0 
0 8 5 1 0 2 7 4 0 
3 0 4 0 7 0 1 0 8 
2 6 0 4 0 3 0 7 1 
9 4 1 7 5 8 2 3 6 
5 7 0 2 0 6 0 9 4 
1 0 2 0 4 0 6 0 5 
0 3 6 5 0 1 9 2 0 
0 5 7 0 2 0 4 1 0 

17 6
0 8 2 1 0 9 0 7 6 
9 0 4 0 6 2 8 0 1 
6 1 5 7 0 3 0 4 0 
8 0 9 4 1 0 3 2 7 
0 4 0 6 0 7 0 9 0 
7 2 1 0 3 8 6 0 4 
0 9 0 8 0 6 4 1 3 
1 0 8 3 9 0 7 0 2 
4 3 0 2 0 1 9 8 0 

17 7
2 3 0 9 6 7 0 8 5 
0 8 4 0 3 0 2 7 0 
0 5 0 8 4 2 0 6 0 
5 0 6 3 1 4 8 0 7 
8 4 0 7 2 5 0 1 6 
0 7 2 0 9 0 3 5 0 
7 6 0 1 8 3 0 4 2 
0 2 8 0 5 0 7 9 0 
0 1 5 2 0 9 6 3 0 

17 8
7 6 1 0 8 2 0 0 4 
5 0 3 4 0 0 6 9 8 
0 9 0 5 6 0 2 1 0 
1 0 9 8 2 0 4 7 0 
2 4 0 1 3 6 0 8 5 
0 8 5 0 9 4 1 0 2 
0 5 2 0 1 8 0 4 0 
8 7 6 0 0 9 5 0 1 
9 0 0 2 5 0 8 6 3 

17 9
1 8 3 2 0 5 7 9 6 
4 0 0 7 1 9 0 0 8 
0 0 7 6 8 3 1 0 0 
6 7 9 3 0 4 2 8 1 
2 1 0 0 6 0 0 7 3 
8 0 0 1 2 7 0 0 9 
9 6 1 4 0 2 8 3 5 
3 0 0 8 9 6 0 0 7 
0 0 8 5 0 1 9 0 0 

17 10
6 0 3 5 8 1 7 0 4 
0 8 9 0 7 0 6 5 0 
5 4 0 9 3 6 0 8 2 
0 6 4 0 5 0 9 7 0 
9 0 0 8 4 7 0 0 6 
0 7 8 0 6 0 5 4 0 
8 3 0 7 2 5 0 1 9 
0 9 5 0 1 0 2 6 0 
7 0 2 6 9 4 8 0 5 

17 11
3 9 6 0 1 0 8 7 4 
0 7 0 4 0 9 0 1 0 
2 0 4 7 0 8 6 0 9 
7 0 8 0 5 0 1 0 2 
4 5 9 1 2 7 3 8 6 
1 0 3 0 8 0 5 0 7 
5 0 7 8 0 2 9 0 1 
0 4 0 5 0 1 0 3 0 
9 8 1 0 7 0 4 2 5 

17 12
0 9 6 1 7 4 5 8 3 
0 0 0 9 0 0 0 7 1 
7 5 1 0 3 2 4 0 9 
6 7 0 4 0 3 8 9 0 
0 0 3 6 9 5 1 0 0 
5 1 0 2 0 7 6 3 0 
9 2 4 0 6 1 3 0 8 
0 0 0 3 0 0 0 4 6 
0 6 7 5 4 8 9 1 2 

17 13
1 6 5 0 0 0 4 9 3 
8 4 0 6 3 1 0 5 2 
7 0 3 5 9 4 8 0 0 
9 0 0 3 4 0 1 0 8 
0 8 1 0 0 9 3 0 5 
5 0 0 8 1 0 9 0 7 
3 0 8 4 5 2 6 0 0 
2 9 0 1 6 8 0 3 4 
6 5 4 0 0 0 2 8 1 

17 14
7 5 6 9 0 2 4 0 0 
2 0 8 4 3 0 0 5 6 
4 0 0 7 5 6 8 0 9 
9 4 2 0 0 7 0 0 5 
8 7 3 0 9 0 2 4 1 
6 0 0 3 0 0 9 8 7 
5 0 7 2 4 3 0 0 8 
3 8 0 0 6 9 5 0 2 
0 0 9 5 0 8 6 3 4 

17 15
6 1 0 7 0 9 8 2 4 
4 9 3 0 0 0 5 1 7 
8 7 2 0 5 0 0 3 6 
3 0 7 0 9 4 6 0 0 
0 8 0 5 7 0 3 4 0 
5 0 4 0 2 8 7 0 0 
2 5 9 0 1 0 0 7 8 
1 4 6 0 0 0 2 5 3 
7 3 0 2 0 5 1 6 9 

17 16
6 5 4 8 7 0 3 0 2 
3 1 0 2 0 5 0 6 4 
7 0 0 6 0 3 8 1 5 
8 0 3 0 0 0 1 0 9 
0 7 5 1 8 4 2 3 0 
4 0 1 0 0 0 5 0 7 
2 8 6 4 0 7 0 0 3 
5 4 0 9 0 8 0 2 1 
1 0 9 0 6 2 4 7 8 

17 17
0 3 1 0 9 6 0 8 7 
8 2 7 0 5 1 0 9 0 
0 5 0 7 8 0 4 1 0 
5 0 2 6 0 8 9 0 4 
7 9 0 1 4 0 8 6 5 
6 0 4 9 0 5 2 0 1 
0 4 0 8 1 0 7 2 0 
1 6 9 0 2 7 0 4 0 
0 7 8 0 6 4 0 5 9 

17 18
3 9 0 5 0 0 1 8 0 
7 0 4 9 0 1 5 0 6 
0 6 0 7 8 2 0 9 3 
9 1 3 0 2 5 7 6 0 
0 0 6 1 9 7 8 0 0 
0 5 7 3 6 0 2 1 9 
6 7 0 4 1 8 0 5 0 
1 0 5 6 0 3 9 0 8 
0 3 8 0 0 9 0 7 1 

17 19
2 3 8 4 0 5 1 6 7 
0 0 9 0 6 0 8 0 0 
1 5 0 8 2 7 0 3 4 
3 0 7 0 4 0 5 0 6 
5 9 4 7 0 6 2 8 3 
6 0 1 0 5 0 7 0 9 
4 6 0 5 7 1 0 9 8 
0 0 3 0 8 0 6 0 0 
8 7 5 6 0 9 4 2 1 

17 20
8 3 6 9 5 7 2 0 1 
5 0 7 0 6 4 9 0 3 
1 4 0 3 0 2 6 0 5 
6 1 0 4 0 0 7 3 0 
0 0 3 0 1 0 0 5 0 
4 9 0 7 0 0 8 1 0 
7 6 0 5 0 8 1 0 4 
3 0 1 0 4 9 5 0 7 
9 5 4 2 7 1 3 0 8 

17 21
0 0 8 5 0 4 6 0 0 
3 7 5 0 9 0 4 2 0 
4 6 0 3 2 7 0 8 5 
7 0 9 6 4 0 2 0 8 
8 0 3 2 5 9 7 0 4 
2 0 6 0 8 1 3 0 9 
6 8 0 9 7 5 0 4 3 
0 9 4 0 3 0 8 7 6 
0 0 7 4 0 8 5 0 0 

17 22
0 3 2 4 9 5 6 8 0 
5 7 0 0 6 0 0 4 2 
4 6 0 3 0 7 0 9 5 
8 9 4 2 0 6 5 7 1 
2 0 7 0 0 0 9 0 3 
3 0 6 9 7 1 4 0 8 
0 4 0 5 8 2 0 1 0 
7 0 5 6 0 9 2 0 4 
9 2 0 0 4 0 0 5 6 

17 23
8 7 0 9 0 5 0 6 3 
6 4 0 8 2 3 0 5 1 
5 0 0 1 6 7 0 0 4 
0 3 4 0 8 0 5 1 0 
0 6 0 4 3 1 0 7 0 
1 0 7 0 5 0 4 0 6 
3 1 8 5 7 4 6 2 9 
4 0 6 3 0 2 1 0 7 
7 9 0 0 1 0 0 4 5 

17 24
0 5 4 9 3 6 8 1 7 
0 0 6 4 0 2 0 3 5 
0 8 0 1 5 0 2 0 6 
8 9 0 0 0 1 4 7 0 
6 2 1 7 4 8 0 0 9 
7 4 0 0 0 3 1 6 0 
0 6 0 3 7 0 5 0 1 
0 0 8 6 0 5 0 2 4 
0 1 7 8 2 4 6 9 3 

17 25
8 0 4 6 5 2 1 0 9 
6 0 0 3 4 7 0 0 2 
5 0 7 1 0 9 3 0 6 
0 0 8 5 0 3 6 0 0 
1 7 2 0 9 0 8 5 3 
3 0 0 2 7 8 0 0 4 
7 0 1 9 6 5 2 0 8 
2 0 0 8 3 4 0 0 1 
9 8 3 0 2 0 4 6 5 

17 26
5 6 2 0 0 4 8 7 3 
0 4 0 0 6 8 9 1 5 
0 0 1 5 7 0 2 6 4 
0 0 0 0 5 9 0 0 1 
7 1 9 4 3 2 6 5 8 
0 0 0 0 1 7 0 0 9 
0 0 3 9 4 0 1 8 7 
0 7 0 0 2 1 5 9 6 
1 9 5 0 0 6 3 4 2 

17 27
8 0 7 4 0 2 3 1 5 
3 1 0 0 7 5 9 6 4 
0 0 4 1 9 3 0 0 0 
2 0 8 0 5 9 0 3 1 
4 0 5 3 0 0 0 8 9 
9 0 1 0 4 8 0 7 6 
0 0 9 7 8 1 0 0 0 
7 8 0 0 3 4 1 5 2 
1 0 3 5 0 6 8 9 7 

17 28
5 4 0 1 2 6 0 8 3 
6 1 3 0 5 0 4 9 2 
8 0 0 0 9 0 0 0 5 
0 0 4 8 0 5 9 0 0 
0 3 6 9 4 1 2 5 0 
0 8 5 2 6 3 1 7 0 
3 0 0 4 8 9 0 0 1 
2 5 1 0 3 0 8 4 9 
4 9 8 0 0 0 3 6 7 

17 29
1 7 3 0 0 0 9 4 6 
4 2 0 6 7 1 0 8 3 
6 0 8 0 9 0 1 0 2 
9 0 4 8 6 3 2 0 7 
8 3 0 4 2 7 0 1 9 
0 6 7 0 5 0 4 3 0 
3 4 0 9 1 8 0 6 5 
7 0 6 0 4 0 3 0 1 
0 9 1 0 0 0 8 2 0 

17 30
6 4 3 1 0 5 9 2 0 
0 1 5 6 0 7 3 4 0 
8 0 2 9 0 0 5 0 1 
4 2 0 0 6 0 0 8 9 
1 0 9 8 4 2 6 0 5 
5 8 0 0 9 0 0 3 2 
3 0 1 0 0 6 8 0 4 
0 6 8 4 0 9 7 1 0 
0 9 4 3 0 8 2 5 6 

17 31
3 5 0 6 2 4 0 7 8 
8 4 1 5 7 9 3 6 2 
6 0 0 0 1 0 0 0 9 
9 0 4 0 6 0 8 0 1 
0 8 0 4 3 1 0 9 0 
0 1 6 9 0 2 5 3 0 
1 0 3 0 4 0 9 0 5 
4 9 0 8 5 6 0 1 3 
5 2 8 0 0 0 6 4 7 

17 32
1 4 9 3 5 6 0 8 2 
6 7 0 4 0 2 0 0 5 
5 0 0 7 0 0 4 0 9 
7 2 0 0 4 1 9 5 8 
0 0 0 0 3 7 6 2 4 
4 8 0 0 2 9 3 7 1 
2 0 0 9 0 0 5 0 7 
3 9 0 2 0 5 0 0 6 
8 5 7 1 6 4 0 9 3 

17 33
5 6 4 3 0 1 0 2 0 
8 0 0 5 6 0 1 3 4 
0 1 3 9 0 0 5 0 6 
4 8 6 0 1 0 9 7 0 
3 5 0 4 9 8 0 1 2 
1 2 9 0 3 0 8 4 0 
0 4 1 8 0 0 3 0 7 
9 0 0 6 4 0 2 5 1 
2 3 5 1 0 9 0 6 0 

17 34
7 5 6 2 9 8 1 4 3 
0 4 2 0 5 0 9 8 0 
8 0 9 4 0 6 7 0 2 
4 2 0 9 3 1 0 6 7 
0 0 3 0 8 0 4 0 0 
9 1 0 7 0 4 0 2 5 
5 0 1 8 0 9 2 0 4 
0 8 7 0 4 0 5 1 0 
3 9 0 1 2 5 0 7 8 

17 35
9 7 3 0 1 0 8 5 4 
0 6 0 5 3 7 0 2 0 
1 0 2 4 0 8 6 0 7 
2 8 6 7 5 4 3 1 9 
0 0 5 1 0 3 2 0 0 
4 3 0 0 6 0 0 7 8 
5 0 7 8 0 9 1 0 3 
0 2 0 6 4 1 0 8 0 
6 1 8 0 7 0 4 9 2 

17 36
9 0 1 0 7 6 0 5 0 
0 7 2 5 1 3 9 0 4 
5 8 0 0 0 2 6 7 0 
0 1 0 2 5 9 4 3 7 
3 9 0 1 6 4 0 2 5 
4 2 5 3 8 7 0 6 0 
0 6 9 7 0 0 0 4 8 
7 0 4 9 2 8 3 1 0 
0 3 0 6 4 0 7 0 2 

17 37
2 6 0 8 7 9 0 4 3 
0 9 3 0 2 0 6 1 0 
4 8 0 1 6 3 0 7 2 
3 0 6 0 5 0 8 0 1 
0 7 9 6 0 1 2 3 0 
1 0 8 0 3 0 7 0 6 
6 5 0 3 1 2 0 8 9 
0 3 4 0 9 0 1 2 0 
9 1 0 7 4 8 0 6 5 

17 38
0 5 7 0 9 0 4 1 3 
3 0 4 0 7 0 8 2 6 
6 2 0 0 4 3 0 5 9 
2 4 0 7 0 9 5 0 0 
0 0 9 3 8 2 6 7 4 
7 3 0 6 0 4 1 0 0 
9 7 0 0 6 8 0 4 1 
1 0 2 0 3 0 9 6 5 
0 6 5 0 2 0 3 8 7 

17 39
4 2 6 7 0 8 5 1 3 
3 8 0 4 0 5 0 2 6 
5 0 0 0 6 0 0 0 8 
0 9 8 0 3 0 2 4 0 
1 4 2 6 0 9 3 8 7 
7 5 0 0 8 0 0 6 9 
9 0 5 0 4 0 6 0 2 
8 0 4 5 0 6 9 0 1 
2 6 0 9 7 3 0 5 4 

17 40
5 0 0 0 6 0 0 0 7 
6 1 2 0 8 0 5 9 3 
4 8 0 0 5 0 0 6 2 
3 7 6 9 0 5 2 8 1 
9 2 5 8 1 3 4 7 6 
0 4 1 0 7 0 9 3 0 
0 6 0 4 2 8 0 5 0 
7 0 4 0 3 0 6 0 8 
0 5 8 6 0 7 3 1 0 

17 41
8 4 0 1 6 7 0 5 3 
5 6 0 0 0 0 0 1 4 
3 0 7 4 5 2 8 0 6 
0 8 1 0 4 0 3 7 0 
2 0 3 7 1 8 6 0 9 
0 7 4 0 9 0 1 2 0 
1 0 6 8 7 5 4 0 2 
4 3 0 0 0 0 0 6 7 
7 2 0 6 3 4 0 8 1 

17 42
5 7 6 0 0 9 4 2 1 
8 0 0 4 7 0 3 6 5 
2 4 3 5 0 6 0 8 9 
7 8 0 1 0 0 2 0 0 
0 3 9 7 2 8 5 1 0 
4 1 0 6 0 0 8 0 0 
1 6 4 3 0 7 0 5 2 
3 0 0 9 5 0 6 4 8 
9 5 8 0 0 4 1 3 7 

17 43
4 3 0 5 0 2 0 6 7 
8 0 2 1 3 6 5 0 9 
6 0 5 4 9 7 3 0 8 
5 4 0 2 1 8 0 9 3 
0 9 0 0 4 0 0 8 0 
3 2 8 0 6 0 4 5 1 
9 0 0 8 7 4 0 0 6 
2 6 0 9 5 1 0 3 4 
1 8 0 0 2 0 0 7 5 

17 44
7 3 0 4 0 9 5 0 8 
6 4 0 0 0 7 0 3 1 
8 0 5 1 3 6 0 2 4 
1 0 4 9 6 0 3 0 7 
0 7 8 0 4 0 1 5 0 
3 0 6 0 7 1 2 0 9 
2 1 0 6 5 4 8 0 3 
4 8 0 7 0 0 0 9 5 
5 0 7 3 0 8 0 1 2 

17 45
3 0 7 2 8 9 5 0 1 
9 0 2 0 0 0 6 0 8 
0 1 4 3 0 6 9 7 0 
6 8 0 5 1 2 0 9 4 
0 2 9 7 0 3 8 6 0 
7 4 0 9 6 8 0 1 3 
0 3 6 8 0 1 4 2 0 
4 0 1 0 0 0 3 0 9 
2 0 8 4 3 7 1 0 6 

17 46
0 0 7 9 1 5 4 0 0 
0 8 4 2 0 6 5 1 0 
5 2 0 0 4 0 0 9 6 
0 9 0 5 2 1 0 6 0 
3 7 5 6 0 4 8 2 1 
2 1 0 0 7 0 0 5 4 
7 6 0 4 5 9 0 3 8 
1 0 3 7 0 2 6 0 9 
8 4 9 1 0 3 2 7 5 

17 47
0 5 3 6 0 1 9 7 0 
2 7 1 0 8 9 4 0 6 
8 6 0 0 5 4 0 0 1 
6 3 0 9 1 7 0 2 4 
0 0 8 4 0 2 3 9 0 
9 4 0 5 3 8 0 6 7 
1 8 0 0 9 6 0 0 3 
5 9 6 0 4 3 7 0 2 
0 2 4 1 0 5 6 8 0 

17 48
9 8 2 4 0 6 3 1 5 
6 3 0 0 1 0 0 4 7 
0 1 7 3 0 5 6 9 0 
0 0 3 7 2 4 1 0 0 
1 2 6 9 0 8 7 5 4 
7 4 0 0 5 0 0 3 9 
0 5 4 1 0 7 9 2 0 
0 0 1 5 9 2 4 0 0 
2 7 0 8 4 3 0 6 1 

17 49
2 8 1 5 0 4 9 7 3 
7 0 9 2 3 8 6 0 1 
6 3 0 0 9 0 0 8 5 
9 6 0 0 7 0 0 1 8 
0 7 5 9 0 2 4 3 0 
4 0 3 6 0 5 7 0 2 
5 4 8 3 0 9 1 6 7 
3 0 6 0 4 0 8 0 9 
0 0 7 8 5 6 3 0 0 

17 50
5 7 0 1 9 4 3 6 0 
0 4 9 3 0 0 8 1 5 
1 6 0 0 2 8 0 4 7 
0 3 0 0 8 9 2 0 6 
0 8 2 6 5 3 1 9 0 
6 0 5 4 1 0 0 8 0 
3 1 0 8 4 0 0 2 9 
9 5 6 0 0 1 4 7 0 
0 2 4 9 6 7 0 3 1 

18 1
0 3 0 8 0 9 0 5 0 
6 1 9 4 0 2 8 3 7 
8 0 5 0 7 0 4 0 1 
3 0 2 1 9 4 5 0 6 
9 5 0 2 6 7 0 4 8 
4 0 7 5 3 8 2 0 9 
5 0 3 0 8 0 7 0 4 
1 4 8 7 0 5 9 6 3 
0 7 0 9 0 3 0 8 0 

18 2
2 0 4 6 0 8 3 0 9 
0 9 3 5 0 1 2 6 0 
8 0 6 0 9 0 7 0 1 
1 3 0 7 5 4 0 8 2 
0 4 7 8 2 9 5 1 0 
5 2 0 1 6 3 0 9 7 
9 0 2 0 3 0 1 0 5 
0 7 0 2 0 5 0 3 0 
3 0 5 9 0 7 8 0 4 

18 3
5 0 1 0 3 0 9 8 0 
2 0 0 6 0 1 5 0 4 
7 4 9 0 8 2 0 1 0 
0 5 0 2 1 6 7 9 8 
8 0 6 9 5 3 2 4 1 
0 9 0 8 4 7 3 6 5 
3 1 5 0 6 9 0 2 0 
9 0 0 1 0 5 4 0 6 
6 0 4 0 7 0 1 5 0 

18 4
7 0 3 1 5 6 4 2 0 
5 0 4 9 0 0 6 0 3 
2 6 0 0 0 4 0 0 9 
8 2 0 7 9 1 3 4 0 
1 0 6 5 4 2 9 0 7 
0 7 9 6 3 8 0 5 1 
9 0 0 2 0 0 0 6 5 
3 0 2 0 0 5 7 0 4 
0 5 8 4 7 9 1 0 2 

18 5
3 0 0 1 6 0 4 5 8 
4 0 5 0 9 2 7 3 1 
1 7 0 0 3 5 6 0 0 
0 8 9 3 2 0 1 6 0 
6 1 0 7 0 8 0 2 3 
0 2 3 0 1 9 5 8 0 
0 0 6 9 7 0 0 1 5 
9 3 7 5 8 0 2 0 6 
8 5 1 0 4 6 0 0 9 

18 6
4 9 0 0 6 0 0 8 5 
1 7 6 0 2 5 9 3 0 
5 0 8 4 0 7 6 0 2 
0 5 9 2 7 8 4 6 0 
7 0 4 0 3 0 0 9 8 
0 6 1 9 5 4 3 2 0 
2 0 5 3 0 9 8 0 6 
6 4 3 0 8 2 1 5 0 
9 8 0 0 1 0 0 4 3 

18 7
4 6 0 2 5 7 0 1 8 
0 5 7 3 0 9 6 4 0 
0 2 1 0 8 0 3 7 0 
7 9 0 6 3 8 0 2 1 
3 0 2 9 4 5 7 0 6 
0 8 0 7 2 1 0 9 0 
1 4 9 0 6 0 8 3 7 
0 3 0 8 0 4 0 6 0 
6 0 8 1 9 3 2 0 4 

18 8
3 1 2 0 8 0 4 9 5 
6 0 7 2 0 4 1 0 8 
5 4 0 3 1 9 0 7 2 
0 6 5 1 0 8 7 4 0 
0 8 1 6 0 7 2 5 0 
0 0 3 9 4 5 8 0 0 
2 7 0 8 9 3 0 1 4 
1 0 4 5 0 2 9 0 7 
8 5 0 0 7 0 0 2 6 

18 9
2 1 5 0 4 3 9 8 0 
9 8 0 5 6 0 7 0 3 
7 0 6 0 2 0 0 4 5 
0 7 0 3 8 4 6 0 9 
1 4 8 6 9 5 2 3 7 
3 0 9 2 1 7 0 5 0 
8 5 0 0 3 0 4 0 2 
4 0 7 0 5 2 0 6 8 
0 2 3 4 7 0 5 9 1 

18 10
0 1 2 0 4 8 0 3 0 
3 0 7 1 0 2 5 0 4 
5 0 0 6 3 0 1 8 0 
1 3 8 4 0 9 6 5 7 
2 6 4 0 8 0 0 9 1 
7 9 5 3 0 1 4 2 8 
8 0 0 9 5 0 2 1 0 
4 0 3 8 0 6 9 0 5 
0 5 1 0 7 3 0 4 0 

18 11
7 2 4 1 6 8 9 5 3 
8 0 9 4 3 5 6 0 2 
0 5 3 0 0 0 1 8 0 
0 9 0 3 0 2 0 6 0 
3 7 6 5 8 1 4 2 9 
0 4 8 6 0 7 3 1 0 
0 3 2 0 0 0 7 9 0 
9 0 0 2 1 4 0 0 6 
5 6 0 9 7 3 0 4 8 

18 12
5 0 0 2 7 6 0 0 8 
7 2 0 0 0 0 0 9 6 
0 8 1 4 0 9 7 5 0 
2 0 5 8 9 4 1 0 3 
4 3 8 1 6 5 9 2 7 
1 0 6 7 0 3 8 0 5 
0 5 4 9 0 2 6 7 0 
9 6 7 0 5 0 2 8 4 
8 0 0 6 0 7 0 0 9 

18 13
4 0 9 1 0 8 6 3 5 
8 0 5 6 2 3 9 0 7 
0 7 3 0 0 0 1 2 0 
7 6 0 3 9 4 0 8 0 
2 0 4 8 6 7 3 0 9 
0 3 0 5 1 2 0 7 6 
0 4 6 0 0 0 7 9 0 
3 0 7 9 4 5 2 0 1 
1 9 2 7 0 6 8 0 4 

18 14
0 8 0 4 3 1 0 6 0 
4 1 9 2 6 5 7 8 3 
5 0 0 7 8 9 0 0 4 
0 3 0 8 0 2 0 5 9 
8 9 5 0 1 0 6 7 2 
2 4 0 9 0 6 0 3 0 
3 0 0 1 2 8 0 0 6 
6 2 1 5 9 7 3 4 8 
0 5 0 6 0 3 0 1 0 

18 15
0 4 1 5 0 8 2 3 0 
0 0 0 2 7 9 0 0 0 
8 0 7 3 0 1 6 0 9 
7 5 6 8 9 2 4 1 3 
0 1 8 0 3 0 9 2 0 
2 9 0 6 0 4 0 7 8 
5 0 2 0 8 0 3 0 1 
0 8 9 4 2 3 7 6 0 
3 6 0 1 5 7 0 9 2 

18 16
5 4 2 0 9 7 6 3 0 
8 1 0 3 5 6 2 4 0 
6 0 7 2 1 0 0 5 8 
0 6 4 9 8 0 0 7 3 
0 9 5 0 4 3 8 1 0 
0 8 3 7 2 0 0 6 9 
4 0 1 5 7 0 0 8 6 
3 7 0 4 6 2 1 9 0 
9 5 6 0 3 8 7 2 0 

18 17
0 1 5 4 0 3 2 8 0 
6 7 4 0 9 0 5 1 3 
0 3 2 5 0 7 6 9 0 
2 0 1 3 0 8 4 0 5 
7 0 3 6 4 9 1 0 8 
0 6 8 0 2 0 7 3 0 
0 8 0 2 3 6 0 4 0 
3 4 6 9 5 1 8 7 2 
0 2 9 7 0 4 3 5 0 

18 18
0 3 4 0 1 7 6 8 2 
1 6 0 4 0 2 0 3 9 
7 0 9 3 8 0 5 0 4 
0 5 2 0 6 9 4 7 0 
9 8 1 7 4 3 2 5 0 
0 4 7 0 2 8 1 9 0 
4 0 3 2 9 0 8 0 5 
8 1 0 6 0 4 0 2 7 
0 9 6 0 7 5 3 4 1 

18 19
7 0 5 0 2 6 3 9 0 
4 1 0 9 0 0 5 0 6 
0 3 6 5 7 4 1 8 2 
5 9 0 0 6 3 0 4 1 
2 4 3 7 1 0 9 0 8 
8 6 0 0 4 9 0 5 3 
0 2 9 4 5 1 8 3 7 
3 7 0 6 0 0 4 0 5 
1 0 4 0 8 7 6 2 0 

18 20
0 1 7 0 4 2 3 6 0 
6 5 0 7 3 0 9 0 8 
9 4 3 6 0 8 0 1 2 
2 3 8 0 9 4 0 7 0 
0 0 1 8 2 7 4 3 9 
4 7 9 0 6 5 0 2 0 
1 9 6 4 0 3 0 5 7 
3 8 0 2 7 0 1 0 4 
0 2 4 0 1 9 6 8 0 

18 21
6 8 0 7 2 1 0 5 3 
5 0 7 9 4 3 8 0 6 
0 3 4 6 0 5 9 2 0 
3 0 5 4 1 8 2 0 9 
0 4 6 0 7 0 3 8 0 
9 1 8 2 0 6 7 4 5 
7 0 2 3 5 4 1 0 8 
0 5 1 0 9 0 6 3 0 
8 9 0 1 0 2 0 7 4 

18 22
2 0 7 6 8 9 5 0 4 
5 0 9 0 1 0 6 0 8 
0 6 4 0 2 0 9 1 0 
4 5 0 1 9 3 7 0 6 
1 0 3 8 7 6 2 0 5 
6 0 8 2 5 4 0 9 1 
0 8 1 0 6 0 4 5 0 
7 0 5 0 4 0 1 0 3 
9 0 6 5 3 1 8 0 2 

18 23
0 8 7 3 9 6 2 5 0 
5 3 0 0 2 0 0 6 7 
2 6 9 5 0 1 3 4 8 
0 2 8 7 5 4 1 9 0 
9 1 0 0 8 0 0 7 3 
0 4 6 1 0 9 5 8 0 
8 9 3 2 0 7 6 1 5 
1 7 0 0 6 0 0 3 4 
0 5 4 8 0 3 7 2 0 

18 24
7 0 8 1 2 5 6 0 3 
4 1 0 7 9 0 0 5 2 
0 6 0 8 0 4 0 9 0 
3 2 0 9 1 7 4 8 5 
0 0 4 5 8 3 2 0 0 
8 5 9 4 6 2 0 7 1 
0 3 0 6 0 8 0 2 0 
9 8 0 0 4 1 0 3 6 
6 0 2 3 5 9 7 0 8 

18 25
5 3 0 4 1 6 9 0 2 
7 1 2 8 0 9 0 0 3 
4 0 6 0 0 7 8 1 5 
0 0 9 7 8 3 6 5 0 
8 6 5 0 2 1 7 0 4 
0 0 3 5 6 4 2 8 0 
3 0 7 0 0 2 1 9 8 
9 8 4 1 0 5 0 0 6 
6 2 0 3 9 8 5 0 7 

18 26
8 0 5 3 0 9 4 0 1 
4 1 3 8 2 6 7 5 9 
2 7 0 0 5 0 0 6 3 
7 3 0 0 6 0 0 1 8 
9 0 8 7 1 3 6 0 2 
6 2 1 5 0 4 3 9 7 
0 0 2 6 9 7 1 0 0 
0 0 7 2 4 5 9 0 0 
5 9 6 0 3 0 2 7 4 

18 27
2 0 7 8 6 4 3 0 9 
8 9 3 0 5 1 0 6 2 
1 0 4 0 2 0 5 0 7 
9 4 0 6 0 7 0 5 1 
0 1 5 4 8 2 7 9 0 
6 7 0 5 0 9 0 3 4 
4 0 6 0 9 0 1 0 3 
7 3 0 1 4 0 6 2 5 
5 0 1 3 7 6 9 0 8 

18 28
2 7 0 0 5 0 0 6 9 
5 0 1 6 3 4 8 2 7 
0 3 8 0 9 0 5 4 0 
0 4 0 5 2 9 7 3 0 
9 8 2 7 6 3 1 5 4 
0 5 7 8 4 1 0 9 0 
0 6 3 0 1 0 9 8 0 
4 1 9 3 8 2 6 0 5 
8 2 0 0 7 0 0 1 3 

18 29
0 4 9 8 2 1 7 0 3 
0 2 0 9 0 5 6 4 8 
5 7 8 0 3 6 0 0 0 
8 3 0 6 0 9 1 0 4 
4 1 5 3 8 7 2 6 9 
7 0 6 1 0 2 0 3 5 
0 0 0 7 9 0 5 2 1 
9 5 7 2 0 3 0 8 0 
2 0 1 5 6 4 3 9 0 

18 30
0 3 9 0 6 7 1 8 0 
2 0 6 0 1 8 4 0 5 
4 1 8 0 3 5 0 7 9 
0 0 0 5 7 0 8 6 3 
7 5 3 6 8 9 2 1 4 
6 8 4 0 2 1 0 0 0 
8 9 0 1 4 0 5 2 6 
3 0 2 8 5 0 7 0 1 
0 6 5 7 9 0 3 4 0 

18 31
0 3 8 0 9 0 1 2 0 
2 0 5 1 0 8 7 0 9 
1 9 0 7 6 2 0 3 5 
0 2 3 0 7 0 6 5 0 
6 0 9 3 0 1 4 0 7 
0 7 1 0 5 0 3 9 0 
5 1 0 6 8 3 0 7 4 
3 0 7 5 0 9 2 0 8 
0 8 6 0 4 0 5 1 0 

18 32
1 8 6 5 0 0 9 2 3 
7 0 0 0 9 3 0 4 1 
4 9 0 0 1 2 7 0 5 
2 0 9 1 7 0 5 8 0 
0 4 5 2 0 9 3 1 0 
0 7 1 0 5 4 6 0 2 
5 0 7 4 2 0 0 3 9 
9 2 0 7 3 0 0 0 6 
3 1 4 0 0 5 2 7 8 

18 33
5 0 0 4 0 6 0 0 1 
0 2 8 5 0 1 6 9 0 
0 6 0 9 8 3 0 4 0 
8 0 4 7 6 2 1 0 9 
1 9 2 0 3 0 5 6 7 
6 0 3 1 5 9 8 0 4 
0 1 0 3 4 8 0 5 0 
0 8 5 6 0 7 4 1 0 
9 0 0 2 0 5 0 0 8 

18 34
7 9 0 0 1 3 0 4 6 
6 0 8 7 0 2 9 0 3 
0 3 5 9 0 6 8 2 0 
5 2 7 0 9 0 4 6 0 
3 0 0 4 8 7 0 0 5 
0 8 9 0 2 0 7 3 1 
0 5 4 1 0 8 6 7 0 
2 0 3 5 0 9 1 0 4 
8 6 0 2 7 0 0 5 9 

18 35
7 6 3 0 2 0 1 8 9 
4 0 8 0 7 0 5 0 2 
0 5 2 9 6 8 7 3 0 
9 1 0 5 0 7 0 2 3 
5 0 4 0 8 0 9 0 6 
2 8 0 6 0 3 0 5 1 
0 7 1 2 3 9 6 4 0 
6 0 5 0 1 0 3 0 8 
3 4 9 0 5 0 2 1 7 

18 36
2 0 8 4 0 1 3 0 5 
0 0 9 3 5 8 2 0 0 
3 1 0 0 7 0 0 4 9 
7 8 0 6 1 5 0 2 3 
0 3 1 8 2 9 4 5 0 
5 9 0 7 3 4 0 1 8 
9 2 0 0 4 0 0 8 6 
0 0 7 5 6 3 1 0 0 
1 0 6 9 0 2 7 0 4 

18 37
7 5 2 6 0 1 9 3 8 
4 0 0 0 9 0 0 0 5 
9 0 6 0 8 0 1 0 4 
0 9 8 2 3 5 4 6 0 
3 0 5 9 0 6 8 0 2 
0 2 7 8 1 4 3 5 0 
5 0 4 0 6 0 2 0 3 
8 0 0 0 2 0 0 0 6 
2 6 3 4 0 9 7 8 1 

18 38
6 0 9 1 5 4 7 0 2 
4 0 2 0 8 0 1 0 3 
0 8 5 3 2 7 9 4 0 
0 5 0 9 4 8 0 1 0 
7 4 1 0 0 0 8 2 9 
0 9 0 2 7 1 0 6 0 
0 1 7 4 6 5 2 3 0 
3 0 8 0 1 0 5 0 4 
5 0 4 8 9 3 6 0 1 

18 39
0 6 0 1 3 2 5 7 0 
3 5 9 4 0 0 0 2 8 
0 0 7 9 0 8 4 3 0 
9 0 8 6 0 4 2 5 3 
5 0 0 8 2 7 0 0 4 
2 4 6 3 0 5 7 0 1 
0 1 2 7 0 3 9 0 0 
7 9 0 0 0 1 8 4 2 
0 8 5 2 4 9 0 1 0 

18 40
5 6 2 7 0 4 3 9 8 
4 0 9 0 8 0 6 0 7 
3 8 0 6 9 2 0 4 1 
6 0 5 9 0 7 8 0 2 
0 9 0 2 3 5 0 7 0 
7 0 4 0 6 0 9 0 3 
2 0 3 4 5 6 1 0 9 
8 0 0 3 0 9 0 0 5 
9 0 6 8 2 1 7 0 4 

18 41
5 6 1 0 3 2 8 9 7 
0 4 8 9 7 1 0 0 5 
7 0 9 5 0 6 0 4 0 
0 9 0 1 2 5 3 6 0 
6 0 4 0 9 0 7 0 2 
0 1 2 6 4 7 0 8 0 
0 8 0 2 0 3 4 0 6 
1 0 0 8 5 4 9 2 0 
4 2 3 7 6 0 1 5 8 

18 42
0 0 4 7 6 9 5 0 0 
0 0 9 5 0 2 1 0 0 
2 5 6 3 8 1 7 9 4 
4 7 0 0 9 0 0 8 1 
9 3 0 0 7 0 0 5 6 
6 2 0 0 5 0 0 4 7 
8 4 7 9 3 5 6 1 2 
0 0 2 4 0 7 8 0 0 
1 0 3 6 2 8 4 0 5 

18 43
4 8 3 7 0 6 2 9 5 
1 9 7 0 5 0 8 4 6 
5 0 0 9 0 4 0 0 7 
9 0 2 0 7 0 1 0 8 
0 5 0 6 2 3 0 7 0 
6 0 4 0 9 0 5 0 3 
7 6 0 5 0 1 0 8 2 
3 4 0 0 6 0 0 5 1 
2 1 5 8 0 7 6 3 9 

18 44
6 3 0 9 0 5 0 8 2 
4 0 2 8 6 7 9 0 3 
0 5 9 0 2 0 7 4 0 
5 9 8 0 0 0 6 1 4 
7 0 4 6 1 8 3 0 5 
1 6 3 0 0 0 8 2 7 
0 7 5 0 8 0 4 3 0 
9 0 6 4 3 2 5 0 1 
3 4 0 7 0 9 0 6 8 

18 45
0 5 2 1 0 6 8 4 0 
0 9 7 5 2 8 3 0 6 
6 0 8 0 3 0 5 0 2 
9 0 3 0 6 7 0 5 4 
2 7 0 9 1 5 0 3 8 
1 6 0 8 4 0 9 0 7 
8 0 9 0 5 0 4 0 3 
7 0 1 6 9 4 2 8 0 
0 4 6 3 0 2 7 9 0 

18 46
2 9 0 7 4 3 0 1 8 
1 0 3 2 0 5 4 0 9 
0 8 4 0 9 0 2 3 0 
3 2 0 6 5 0 0 9 4 
0 4 5 3 7 1 8 2 0 
7 6 0 0 2 4 0 5 3 
0 1 9 0 3 0 6 8 0 
6 0 7 8 0 2 9 0 5 
8 5 0 4 6 9 0 7 1 

18 47
2 0 4 0 6 5 9 8 1 
0 9 3 4 0 0 6 0 5 
6 0 8 1 0 7 0 0 2 
4 0 6 8 7 0 2 5 9 
0 2 0 6 4 1 0 3 0 
3 8 7 0 5 2 4 0 6 
5 0 0 7 0 4 1 0 3 
8 0 9 0 0 6 7 2 0 
7 4 1 2 3 0 5 0 8 

18 48
3 0 2 0 9 0 8 1 0 
6 0 7 0 8 0 4 0 9 
0 4 9 5 0 7 2 0 6 
0 9 5 8 6 3 7 2 4 
0 0 6 1 2 4 5 0 0 
2 8 4 7 5 9 1 6 0 
4 0 1 6 0 5 9 8 0 
9 0 8 0 7 0 3 0 5 
0 2 3 0 4 0 6 0 1 

18 49
3 4 0 9 6 8 0 2 1 
8 0 5 0 2 0 4 0 9 
9 6 0 4 0 5 0 7 3 
0 9 0 7 5 2 0 8 0 
0 7 0 8 3 6 0 5 0 
2 0 8 1 0 4 6 0 7 
1 2 0 5 0 3 0 9 6 
0 3 9 6 7 1 2 4 0 
7 8 0 2 4 9 0 1 5 

18 50
0 7 6 0 3 0 5 4 0 
0 0 0 7 9 5 0 0 0 
0 5 0 6 2 4 0 7 0 
7 3 9 0 5 0 8 2 4 
6 4 5 0 8 0 7 9 1 
2 0 1 4 7 9 3 0 6 
0 9 2 3 0 8 4 6 0 
4 0 7 5 0 2 9 0 3 
8 6 3 0 4 0 2 1 5 

19 1
1 6 0 5 4 0 3 2 8 
8 0 0 3 1 0 6 4 9 
4 3 2 9 0 6 0 5 0 
0 8 0 0 5 1 4 0 0 
9 0 1 4 7 3 8 0 2 
0 0 6 2 9 0 0 1 0 
0 1 0 8 0 9 5 7 4 
5 2 8 0 6 4 0 0 1 
7 9 4 0 3 5 0 8 6 

19 2
4 0 5 7 8 1 3 0 2 
0 7 0 0 5 0 0 9 0 
6 0 3 4 9 2 8 0 5 
1 2 6 8 0 9 7 5 3 
5 8 9 6 3 7 4 2 1 
3 4 0 0 0 0 0 8 9 
0 0 0 5 7 4 0 0 0 
2 6 0 0 1 0 0 3 7 
7 5 0 2 6 3 0 4 8 

19 3
8 6 0 5 2 1 4 0 3 
4 0 5 6 3 9 0 2 8 
3 1 2 0 0 0 6 9 5 
0 0 4 1 0 8 9 0 0 
9 8 0 0 4 0 0 5 1 
0 0 1 9 0 2 8 0 0 
7 4 8 0 0 0 3 1 6 
5 9 0 4 1 3 7 0 2 
1 0 3 8 6 7 0 4 9 

19 4
0 5 6 9 0 7 3 8 0 
3 0 7 0 4 0 6 0 2 
4 8 0 6 2 3 0 1 5 
6 0 8 7 0 1 2 0 3 
0 2 4 0 8 0 1 7 0 
7 0 1 4 0 2 5 0 8 
9 7 0 5 6 4 0 2 1 
8 0 2 0 3 0 4 0 7 
0 4 5 2 0 8 9 3 0 

19 5
2 5 3 6 0 7 4 9 1 
0 8 0 4 0 3 0 5 0 
6 4 0 9 0 5 0 8 3 
3 6 0 0 7 0 0 4 9 
4 0 7 0 9 0 5 0 8 
0 1 8 0 3 0 6 7 0 
8 0 0 7 5 1 0 0 4 
1 7 4 0 6 0 3 2 5 
5 9 6 3 0 2 8 1 7 

19 6
7 0 0 8 6 5 0 0 9 
6 0 0 3 2 4 0 0 7 
5 8 2 0 9 0 3 6 4 
2 0 8 4 0 6 7 0 3 
9 5 0 2 0 3 0 4 8 
4 6 3 0 0 0 2 1 5 
1 4 6 5 0 9 8 7 2 
0 7 5 0 4 0 9 3 0 
3 0 0 6 7 8 0 0 1 

19 7
2 8 9 4 3 0 6 5 1 
1 0 4 5 6 0 8 7 9 
6 5 0 0 0 8 3 4 0 
7 4 0 3 9 0 0 0 0 
0 0 0 7 2 0 4 6 3 
3 6 0 8 4 0 0 0 0 
4 2 0 0 0 9 7 3 0 
5 0 6 2 8 0 9 1 4 
9 1 3 6 7 0 2 8 5 

19 8
0 7 9 0 3 0 4 6 0 
3 0 6 7 1 4 5 0 2 
2 0 0 6 0 9 0 0 7 
9 6 0 4 5 1 0 7 3 
0 4 8 9 7 3 6 2 0 
7 1 0 2 6 8 0 4 5 
4 0 0 8 0 6 0 0 9 
8 0 1 3 4 7 2 0 6 
0 2 7 0 9 0 3 8 0 

19 9
7 9 3 8 2 4 6 1 5 
0 5 2 3 0 1 4 9 0 
4 0 0 7 5 9 0 0 8 
0 1 5 0 0 0 8 7 0 
6 0 8 5 0 7 9 0 3 
0 7 4 6 3 8 1 5 0 
1 0 0 2 0 3 0 0 9 
2 0 9 0 8 0 7 0 1 
5 8 0 1 9 6 0 2 4 

19 10
0 3 0 1 4 9 0 7 0 
5 0 4 8 3 7 1 0 6 
0 1 9 0 5 0 8 4 0 
1 4 0 0 8 0 0 3 7 
8 0 3 2 6 1 9 0 4 
9 5 0 0 7 0 0 8 1 
0 9 5 0 1 0 7 6 0 
4 0 7 5 2 8 3 0 9 
0 8 0 7 9 6 0 2 0 

19 11
1 3 0 0 5 4 9 2 6 
0 0 4 0 1 6 5 0 7 
0 6 5 0 0 9 0 4 8 
7 1 0 0 6 0 8 9 3 
3 5 0 9 8 1 0 7 2 
4 8 9 0 3 0 0 1 5 
6 4 0 5 0 0 3 8 0 
9 0 8 6 4 0 2 0 0 
5 2 3 1 9 0 0 6 4 

19 12
7 5 3 6 0 9 4 0 0 
6 4 0 0 5 0 3 0 1 
2 1 8 0 7 0 9 0 6 
8 3 6 9 0 0 0 1 4 
1 7 2 0 4 0 8 9 3 
4 9 0 0 0 1 7 6 2 
3 0 1 0 6 0 2 4 9 
5 0 4 0 9 0 0 8 7 
0 0 7 1 0 4 6 3 5 

19 13
3 6 8 9 5 4 0 2 0 
7 1 4 2 0 0 0 5 9 
5 2 0 0 0 7 3 0 4 
0 0 7 0 9 0 8 4 0 
2 9 6 7 4 8 1 3 5 
0 0 3 0 2 0 9 7 0 
6 8 0 0 0 9 2 0 3 
4 3 1 8 0 0 0 9 7 
9 7 2 5 3 1 0 6 0 

19 14
0 1 8 0 9 0 4 3 0 
9 5 0 0 2 0 0 1 6 
4 0 7 8 0 1 5 0 2 
0 9 2 0 8 5 1 6 0 
3 4 5 1 6 7 9 2 8 
0 8 6 2 4 0 3 7 0 
8 0 9 6 0 3 2 0 1 
6 2 0 0 1 0 0 5 3 
0 3 1 0 7 0 6 8 0 

19 15
0 0 4 8 3 5 1 0 0 
9 8 3 0 7 0 4 2 5 
1 5 0 4 9 2 0 7 3 
0 0 1 0 4 8 7 0 0 
7 4 0 5 2 3 0 1 8 
0 0 8 0 1 7 9 0 0 
4 9 0 3 6 1 0 8 7 
8 1 7 0 5 0 3 6 9 
0 0 2 7 8 9 5 0 0 

19 16
6 7 9 5 4 8 1 3 2 
3 0 0 9 0 6 5 0 0 
5 0 4 0 2 3 7 9 0 
2 3 0 7 1 0 0 6 4 
7 0 6 4 0 9 0 2 1 
9 4 1 0 3 0 8 5 0 
1 6 5 0 0 7 4 0 3 
4 0 3 8 6 1 0 7 0 
8 0 0 3 5 0 6 0 0 

19 17
6 5 0 3 9 4 0 1 2 
2 0 7 0 6 0 3 0 4 
1 4 0 7 8 2 0 5 9 
9 2 0 6 0 7 0 3 1 
0 0 4 0 1 0 9 0 0 
3 1 0 9 0 8 0 4 7 
5 7 0 4 3 6 0 9 8 
4 0 1 0 7 0 5 0 3 
8 3 0 5 2 1 0 7 6 

19 18
8 0 7 5 9 3 1 0 2 
2 6 3 0 1 0 5 8 9 
5 0 0 6 0 8 0 0 7 
3 8 0 4 7 1 0 5 6 
0 9 1 0 6 0 3 7 0 
7 5 0 3 8 9 0 1 4 
6 0 0 9 0 7 0 0 1 
1 2 5 0 4 0 7 9 3 
9 0 8 1 3 2 6 0 5 

19 19
6 7 0 0 4 0 0 5 8 
8 0 0 5 0 3 0 0 4 
3 5 4 7 0 6 1 2 9 
0 8 3 9 6 7 4 1 0 
0 2 7 0 3 0 8 9 0 
0 4 6 8 1 2 5 7 0 
4 6 8 0 7 0 2 3 5 
0 9 5 3 2 8 6 4 0 
0 0 0 6 5 4 0 0 0 

19 20
6 2 7 0 9 3 0 5 4 
5 0 0 7 0 4 0 0 8 
0 4 8 2 1 0 9 0 7 
7 0 4 0 2 1 0 8 9 
1 5 0 9 3 8 0 4 6 
8 9 0 6 4 0 5 0 2 
9 0 5 0 7 6 4 2 0 
4 0 0 3 0 2 0 0 5 
2 3 0 4 5 0 8 7 1 

19 21
2 0 8 5 0 6 4 0 3 
4 0 5 3 2 9 6 0 1 
3 1 6 0 0 0 2 5 9 
1 0 4 0 9 0 8 0 6 
9 8 0 0 5 0 0 1 4 
7 6 0 1 8 4 0 9 2 
8 0 7 9 6 1 3 0 5 
0 4 9 0 3 0 1 6 0 
6 0 0 4 7 5 0 0 8 

19 22
0 3 4 6 0 7 9 5 0 
5 6 0 8 0 1 0 3 4 
7 0 9 0 5 0 2 0 8 
0 9 8 1 3 5 4 7 0 
4 0 0 7 6 8 0 0 9 
0 7 6 9 4 2 5 8 0 
6 0 1 0 8 0 3 0 7 
3 4 0 2 0 6 0 9 5 
0 8 5 3 0 4 6 1 0 

19 23
3 5 0 0 7 6 0 9 4 
2 0 7 9 0 0 6 0 5 
6 9 0 3 5 4 0 1 2 
1 7 4 0 0 9 2 0 8 
0 0 0 6 2 7 5 4 0 
5 2 6 0 0 1 3 0 9 
4 1 0 7 8 5 0 2 6 
9 0 2 4 0 0 1 0 7 
7 6 0 0 9 2 0 8 3 

19 24
6 4 0 5 3 7 0 2 8 
3 0 2 0 9 0 5 0 4 
5 8 7 0 2 0 6 9 3 
0 0 5 8 4 3 9 0 0 
2 9 4 0 6 0 8 3 7 
0 0 3 9 7 2 4 0 0 
0 3 8 7 5 6 2 4 0 
7 0 0 2 1 4 0 0 9 
4 2 0 0 8 0 0 5 6 

19 25
1 0 9 5 4 2 7 0 6 
4 8 0 0 7 0 0 3 5 
0 5 2 8 6 3 4 9 0 
0 0 4 3 0 9 5 0 0 
9 7 8 2 5 6 3 1 4 
0 0 5 7 0 4 8 0 0 
0 2 7 6 9 8 1 4 0 
8 9 0 0 3 0 0 7 2 
6 0 3 1 2 7 9 0 8 

19 26
9 6 0 7 5 3 0 4 1 
3 2 1 0 4 0 5 8 7 
0 4 0 8 0 1 0 9 0 
8 0 4 2 1 6 9 0 5 
0 1 0 5 9 7 0 3 0 
7 0 5 3 8 4 1 0 2 
0 5 0 4 0 8 0 1 0 
4 8 9 0 7 0 3 2 6 
1 7 0 9 3 2 0 5 8 

19 27
0 4 1 6 3 7 5 8 2 
2 3 6 0 0 0 4 0 9 
5 7 8 0 9 0 1 3 6 
8 0 0 7 2 0 0 0 4 
0 0 9 4 6 3 7 0 0 
4 0 0 9 1 0 0 0 3 
6 1 5 0 8 0 2 4 7 
3 9 4 0 0 0 8 0 5 
0 8 2 5 4 6 3 9 1 

19 28
7 3 0 4 2 6 0 5 8 
2 8 4 0 1 0 6 9 7 
6 1 5 0 0 0 4 3 2 
8 0 0 1 3 4 0 0 9 
0 4 2 6 8 9 7 1 0 
0 9 6 0 0 0 8 4 0 
5 0 1 0 9 0 3 0 4 
9 0 3 0 4 0 5 0 6 
4 0 8 3 6 5 9 0 1 

19 29
2 9 7 0 4 0 6 8 1 
0 0 4 2 6 1 3 0 0 
3 6 0 8 0 7 0 4 5 
6 4 2 0 3 0 7 5 8 
0 0 8 7 5 4 1 0 0 
1 7 0 6 0 2 0 3 4 
4 1 3 0 7 0 5 6 2 
0 0 6 4 1 5 8 0 0 
5 8 0 3 0 6 0 1 7 

19 30
0 2 0 1 4 7 0 9 0 
9 7 1 0 6 0 2 3 4 
4 0 5 3 0 2 1 0 7 
0 8 0 9 7 3 0 6 0 
2 3 7 5 1 6 9 4 8 
0 9 0 0 8 0 0 7 0 
7 0 9 4 0 1 8 0 6 
6 1 8 0 2 0 4 5 3 
0 4 0 6 5 8 0 1 0 

19 31
2 5 7 0 1 0 6 3 4 
4 9 0 5 3 6 0 2 8 
6 0 3 0 4 0 5 0 9 
0 1 5 2 7 3 9 4 0 
7 0 0 1 9 4 0 0 5 
3 4 9 0 6 0 2 7 1 
5 0 0 6 0 1 0 0 3 
1 0 0 4 0 9 0 0 7 
0 6 4 3 8 7 1 5 0 

19 32
0 2 4 9 0 7 3 0 6 
6 0 8 0 0 0 2 4 0 
7 3 5 2 0 6 8 0 1 
3 0 7 4 9 8 0 2 0 
0 4 0 6 3 5 7 1 9 
9 0 6 7 2 1 0 8 0 
4 8 1 3 0 9 5 0 2 
2 0 3 0 0 0 9 7 0 
0 7 9 8 0 2 1 0 4 

19 33
3 0 8 2 4 0 6 0 1 
0 7 0 6 9 0 4 5 8 
0 6 4 1 0 7 9 2 3 
9 2 0 8 6 0 0 0 0 
4 1 7 9 3 2 5 8 6 
0 0 0 0 7 4 0 1 9 
7 8 9 3 0 6 1 4 0 
2 4 3 0 1 9 0 6 0 
6 0 1 0 2 8 3 0 7 

19 34
6 0 5 3 0 2 4 0 7 
8 0 0 5 4 6 0 0 3 
2 4 0 1 0 9 0 6 8 
0 8 2 9 0 4 7 3 0 
0 6 4 0 2 0 1 8 0 
7 1 9 6 0 8 2 5 4 
9 5 8 0 6 0 3 4 1 
0 2 0 4 9 3 0 7 0 
4 0 7 8 5 1 6 0 2 

19 35
2 0 8 1 0 7 4 0 6 
0 0 4 9 2 6 1 0 0 
7 1 6 0 4 0 3 2 9 
4 0 2 3 9 8 7 0 1 
9 6 0 0 7 0 0 8 3 
0 8 7 0 6 0 5 9 0 
1 2 9 0 8 0 6 4 5 
0 7 0 4 1 9 0 3 0 
8 4 3 6 5 2 9 1 7 

19 36
2 6 3 0 7 9 5 4 0 
7 0 0 5 0 3 0 6 1 
1 0 5 2 6 4 0 0 9 
5 1 7 4 0 0 0 9 3 
8 3 0 9 1 6 4 7 0 
9 4 6 3 0 0 0 1 2 
4 0 1 7 3 2 0 0 6 
6 0 0 8 0 1 0 5 7 
3 7 8 0 9 5 1 2 0 

19 37
2 0 0 4 9 7 8 3 0 
8 0 3 0 1 6 5 4 0 
7 6 4 5 0 0 1 0 2 
0 3 2 8 7 0 4 0 1 
0 5 1 6 2 3 0 8 9 
0 8 7 1 4 0 3 0 5 
1 4 8 7 0 0 9 0 3 
3 0 6 0 5 4 2 1 0 
5 0 0 3 8 1 6 7 0 

19 38
1 0 7 0 2 5 4 6 3 
4 6 0 7 0 3 0 9 2 
5 0 0 9 0 6 1 0 8 
2 0 4 0 9 1 7 3 0 
0 1 6 2 3 8 9 5 0 
0 3 5 4 6 0 2 0 1 
6 0 1 3 0 4 0 0 9 
3 7 0 1 0 9 0 4 5 
8 4 9 6 5 0 3 0 7 

19 39
2 4 1 0 0 3 5 9 8 
0 6 3 0 9 0 1 2 7 
7 0 0 0 5 0 0 6 4 
4 0 6 3 1 0 9 0 2 
3 8 2 7 4 0 6 1 0 
9 0 7 5 2 0 8 0 3 
8 0 0 0 6 0 0 5 9 
0 2 5 0 3 0 4 8 6 
6 7 9 0 0 5 2 3 1 

19 40
7 2 6 9 0 0 5 1 3 
3 5 8 0 6 7 0 9 2 
1 4 0 2 3 5 0 6 8 
0 0 0 6 0 3 0 0 9 
0 6 0 7 4 2 0 8 0 
4 0 0 8 0 9 0 0 0 
6 8 0 4 2 1 0 5 7 
2 1 0 5 9 0 8 3 4 
5 9 4 0 0 8 6 2 1 

19 41
0 8 9 4 0 5 1 3 0 
2 3 0 1 7 8 0 6 9 
1 0 5 0 3 0 4 0 7 
4 7 0 6 8 1 0 2 5 
0 0 6 5 9 7 3 0 0 
9 5 0 3 2 4 0 7 6 
5 0 7 0 1 0 2 0 3 
6 9 0 2 5 3 0 4 1 
0 1 2 7 0 9 6 5 0 

19 42
3 2 4 9 1 8 5 7 6 
8 6 0 2 0 5 0 3 1 
0 7 1 0 0 0 8 9 0 
6 0 5 7 0 4 2 0 9 
9 8 0 1 6 2 0 5 4 
0 3 2 5 0 9 1 6 0 
1 0 6 8 0 7 9 0 3 
2 5 0 0 9 0 0 1 8 
0 9 8 3 0 1 6 4 0 

19 43
3 0 1 6 0 2 5 0 7 
0 8 0 4 7 9 0 6 0 
6 7 9 1 0 5 4 0 8 
7 0 4 3 5 8 6 0 2 
1 2 0 0 4 0 0 8 5 
5 0 8 9 2 1 7 0 3 
8 0 7 2 0 4 1 5 6 
0 5 0 8 1 7 0 3 0 
4 0 2 5 0 3 8 0 9 

19 44
9 4 0 1 0 6 0 2 3 
6 0 0 2 7 3 0 0 4 
5 3 2 0 8 0 1 6 7 
0 7 9 4 0 2 6 8 0 
2 0 1 7 6 8 3 0 9 
0 6 4 3 0 5 2 7 0 
1 8 3 0 4 0 5 9 2 
4 0 0 5 2 1 0 0 8 
7 2 0 8 0 9 0 1 6 

19 45
3 2 1 6 0 9 7 5 8 
0 0 9 3 5 7 2 0 0 
0 6 5 0 8 0 4 3 0 
0 5 0 8 0 2 0 4 0 
8 1 0 7 6 4 0 9 2 
2 7 4 5 0 3 8 1 6 
6 0 7 4 3 8 1 0 5 
5 4 0 1 2 6 0 7 3 
0 3 2 0 0 0 6 8 0 

19 46
1 0 5 0 2 6 3 0 7 
0 4 8 3 0 7 0 1 9 
3 2 0 0 9 0 4 5 6 
4 0 3 6 8 2 7 0 0 
0 6 9 1 7 4 0 3 2 
7 0 2 9 3 5 6 0 0 
2 7 0 0 1 0 9 6 3 
0 3 1 2 0 9 0 7 4 
9 0 6 0 4 3 1 0 5 

19 47
7 4 0 0 8 0 0 1 5 
0 9 2 3 5 1 8 7 0 
1 0 0 4 0 6 0 0 9 
2 3 1 6 0 8 4 5 7 
5 0 8 1 4 7 9 0 3 
4 0 9 2 0 5 1 0 6 
8 0 0 5 6 4 0 0 1 
0 5 6 8 1 9 7 4 0 
9 1 0 0 2 0 0 6 8 

19 48
5 7 6 8 0 0 3 4 0 
0 1 0 4 0 6 9 0 5 
9 0 2 5 3 1 8 7 6 
4 0 9 1 8 0 0 3 7 
0 6 0 3 0 9 4 5 0 
3 0 8 7 6 0 0 1 9 
1 0 5 9 4 8 7 6 2 
0 9 0 6 0 3 1 0 4 
6 8 4 2 0 0 5 9 0 

19 49
0 5 7 6 2 3 8 0 0 
0 9 6 4 0 0 1 2 5 
2 8 0 5 0 1 0 3 6 
5 0 3 0 4 0 6 8 1 
4 0 2 8 1 5 9 0 3 
9 1 8 0 6 0 2 0 4 
8 4 0 1 0 2 0 6 7 
6 3 1 0 0 4 5 9 0 
0 0 5 9 3 6 4 1 0 

19 50
0 5 3 1 8 0 0 4 0 
1 7 0 0 9 4 0 2 6 
2 4 0 0 6 5 1 3 8 
4 0 6 8 5 0 3 9 0 
9 3 0 6 2 1 0 5 4 
0 8 2 0 4 3 6 0 7 
8 6 1 2 3 0 0 7 5 
3 2 0 4 7 0 0 6 1 
0 9 0 0 1 6 2 8 0 

20 1
0 5 8 0 4 7 0 3 1 
9 3 1 0 8 6 0 0 2 
2 0 0 0 3 1 8 6 5 
3 6 2 7 9 0 1 0 0 
0 4 7 6 2 5 3 8 0 
0 0 5 0 1 4 6 2 7 
4 8 6 1 5 0 0 0 3 
5 0 0 8 7 0 4 1 6 
7 1 0 4 6 0 5 9 0 

20 2
3 5 7 8 0 0 0 2 6 
0 2 9 6 7 0 8 3 1 
8 1 0 4 0 3 0 7 0 
1 9 0 7 4 2 6 5 0 
0 6 3 0 1 0 2 0 4 
2 4 0 3 8 6 9 1 0 
9 7 0 1 0 8 0 6 0 
0 3 1 2 6 0 7 9 8 
6 8 2 9 0 0 0 4 5 

20 3
0 8 1 7 6 4 2 9 0 
6 2 0 0 3 0 0 1 7 
4 3 7 9 0 2 8 6 5 
2 0 3 5 0 7 6 0 9 
8 0 0 2 9 3 0 0 1 
9 0 5 1 0 6 3 0 8 
0 5 8 6 0 9 1 7 0 
7 6 0 0 5 0 0 8 2 
0 9 2 4 7 8 5 3 0 

20 4
0 2 6 5 0 8 3 1 9 
3 0 0 9 0 1 4 0 7 
7 0 0 3 4 2 0 5 0 
0 4 3 6 8 0 1 7 2 
1 9 0 2 3 5 0 8 4 
2 6 8 0 1 7 5 9 0 
0 5 0 1 9 3 0 0 8 
8 0 1 7 0 4 0 0 5 
9 7 4 8 0 6 2 3 0 

20 5
2 1 6 7 0 4 5 9 3 
3 8 0 0 1 0 0 4 6 
7 4 0 0 6 0 0 1 2 
9 3 2 6 5 7 4 8 1 
8 0 0 0 4 0 0 0 9 
4 0 1 8 2 9 3 0 7 
0 7 8 4 0 2 6 3 0 
0 0 4 1 3 6 9 0 0 
0 0 3 5 7 8 1 0 0 

20 6
7 6 2 4 5 0 3 8 9 
1 4 0 7 0 0 0 6 2 
8 0 3 0 6 9 1 0 4 
0 0 1 3 7 0 0 9 0 
0 8 4 9 0 6 7 2 3 
0 0 7 8 4 0 0 1 0 
3 0 6 0 2 8 9 0 1 
2 1 0 6 0 0 0 3 7 
4 9 8 1 3 0 2 5 6 

20 7
0 0 6 4 7 3 2 0 0 
3 2 0 1 0 5 0 6 9 
4 8 5 0 9 0 1 3 7 
7 6 0 9 0 4 0 2 3 
0 3 9 7 0 6 8 1 0 
5 0 1 3 2 8 9 0 6 
9 1 4 0 6 0 3 5 2 
0 7 2 5 0 9 6 4 0 
6 0 0 2 4 1 0 0 8 

20 8
0 7 1 5 3 0 4 6 0 
6 9 0 4 0 1 8 0 3 
3 0 0 0 6 9 5 7 1 
1 6 0 9 0 8 7 0 5 
0 2 9 6 5 7 3 1 0 
7 0 8 3 0 4 0 9 2 
9 8 7 2 4 0 0 0 6 
5 0 6 7 0 3 0 8 4 
0 3 4 0 8 6 9 5 0 

20 9
7 1 0 0 3 0 0 8 4 
6 2 8 0 4 0 1 3 5 
5 4 3 0 6 0 7 2 9 
3 0 4 9 0 6 8 0 2 
9 7 1 0 5 0 3 4 6 
8 0 0 3 7 4 0 0 1 
4 8 0 6 2 7 0 1 3 
1 0 0 0 9 0 0 0 8 
2 9 6 0 0 0 4 5 7 

20 10
0 7 6 8 4 0 3 1 2 
0 1 3 0 0 6 0 9 4 
0 0 8 3 9 1 7 0 5 
7 9 0 4 0 0 0 8 0 
4 3 2 1 7 8 6 5 9 
8 6 0 9 0 0 0 4 0 
0 0 9 6 1 7 4 0 8 
0 2 7 0 0 4 0 3 1 
0 8 4 2 3 0 5 7 6 

20 11
8 0 0 0 4 6 0 0 2 
7 2 5 0 3 0 1 6 4 
9 0 6 7 1 0 8 0 3 
0 1 4 2 9 7 3 8 0 
3 8 0 1 5 4 0 9 6 
0 7 9 6 8 3 4 2 0 
4 0 8 0 6 1 2 0 7 
2 6 3 0 7 0 5 1 9 
1 0 0 3 2 0 0 0 8 

20 12
3 0 8 0 6 0 4 0 9 
5 1 0 0 7 0 0 2 6 
0 4 2 9 5 3 7 8 0 
8 2 6 3 4 7 1 9 5 
0 3 5 0 8 0 6 4 0 
4 9 0 6 2 5 0 7 3 
0 8 3 0 9 0 5 6 0 
2 6 0 0 3 0 0 1 8 
9 0 4 8 1 6 2 0 7 

20 13
0 0 6 5 1 0 0 3 8 
8 4 0 2 3 9 5 0 6 
1 3 5 0 7 6 0 0 4 
0 8 1 3 0 0 9 6 0 
0 6 4 1 9 8 3 2 0 
0 2 9 0 0 5 8 4 0 
4 0 0 6 5 0 1 8 9 
9 0 8 4 2 7 0 5 3 
6 5 0 0 8 1 4 0 0 

20 14
4 7 3 1 8 6 5 9 2 
6 2 0 0 3 5 0 4 1 
5 0 1 0 9 0 7 0 3 
0 4 5 9 0 3 1 0 0 
9 0 0 0 0 1 4 0 0 
0 1 6 4 0 7 3 0 0 
3 0 2 0 7 0 9 0 4 
1 6 0 0 4 9 0 7 5 
7 9 4 5 1 2 6 3 8 

20 15
7 0 6 2 0 1 9 0 3 
4 8 0 9 6 3 0 7 5 
3 0 2 0 4 0 1 0 8 
0 1 8 0 5 0 7 3 0 
6 7 5 8 3 9 4 2 1 
9 0 4 0 1 0 8 0 6 
1 0 7 4 0 5 3 0 2 
5 2 0 1 7 8 0 9 4 
8 0 9 0 2 0 5 0 7 

20 16
0 2 1 5 0 4 3 0 7 
4 9 5 0 2 0 6 8 1 
6 3 0 8 9 1 0 5 0 
0 8 3 0 4 0 7 0 6 
7 4 2 6 0 3 9 1 0 
0 1 6 0 7 0 5 0 4 
3 7 0 4 1 2 0 6 0 
1 5 4 0 8 0 2 7 3 
0 6 8 7 0 5 1 0 9 

20 17
6 8 4 0 7 0 2 5 9 
1 5 0 9 6 2 0 4 3 
0 3 9 0 5 0 6 1 0 
0 0 2 4 1 5 7 0 0 
5 7 3 6 8 9 4 2 1 
0 0 1 7 0 3 9 0 0 
0 9 6 0 3 0 1 7 0 
3 1 0 2 4 7 0 9 6 
7 2 5 0 9 0 3 8 4 

20 18
9 0 4 6 0 2 8 0 7 
3 2 6 0 8 0 1 4 0 
0 7 5 1 0 9 3 6 0 
7 6 0 5 1 3 2 8 4 
4 0 0 2 9 8 0 0 6 
1 8 2 4 6 7 0 9 3 
0 4 1 3 0 6 9 7 0 
0 3 8 0 7 0 6 2 1 
6 0 7 8 0 1 4 0 5 

20 19
5 6 7 0 8 0 3 9 4 
4 1 3 0 6 0 5 8 2 
8 2 0 4 3 5 0 1 6 
6 0 0 1 9 4 0 0 7 
0 9 5 3 0 2 4 6 0 
0 7 4 0 5 0 1 3 0 
7 0 6 0 4 0 9 0 1 
3 4 0 8 1 9 0 7 5 
9 5 0 7 2 6 0 4 3 

20 20
0 8 6 9 5 2 0 3 4 
0 4 5 0 0 3 0 6 2 
3 7 0 4 1 6 9 0 8 
7 0 9 0 2 4 5 8 0 
4 5 0 6 0 8 0 9 7 
0 2 8 7 9 0 4 0 3 
5 0 3 2 6 7 0 4 9 
8 6 0 5 0 0 3 2 0 
2 9 0 3 8 1 6 7 0 

20 21
0 3 5 0 9 0 4 7 0 
7 1 6 5 0 4 3 2 9 
8 0 4 7 3 2 1 0 5 
0 4 9 0 6 0 5 1 0 
6 7 0 1 0 3 0 9 4 
0 5 2 4 7 9 6 8 0 
9 0 1 0 4 0 7 0 2 
4 6 0 8 2 5 0 3 1 
5 0 3 9 1 7 8 0 6 

20 22
8 5 0 0 3 9 4 6 0 
3 7 0 6 0 4 5 0 2 
1 0 6 7 5 2 8 0 9 
0 9 8 4 2 0 0 5 1 
4 3 0 0 6 7 2 9 8 
0 2 5 9 1 0 0 4 3 
2 0 4 3 7 5 9 0 6 
5 6 0 8 0 1 3 0 4 
9 8 0 0 4 6 1 7 0 

20 23
0 1 2 5 9 7 3 4 0 
9 5 0 4 0 6 0 2 8 
4 0 6 0 8 0 5 0 7 
0 8 0 3 6 5 0 7 0 
6 7 3 9 4 8 2 1 5 
5 4 0 7 2 1 0 6 3 
7 0 8 0 5 0 6 0 1 
3 2 0 6 0 9 0 8 4 
0 6 4 8 7 3 9 5 0 

20 24
1 2 0 3 8 0 4 9 7 
5 0 7 1 0 4 2 0 8 
0 4 8 0 2 9 0 6 0 
4 6 0 5 9 7 8 1 3 
9 0 0 0 3 0 7 4 6 
8 7 0 6 4 1 5 2 9 
0 3 4 0 1 6 0 5 0 
2 0 9 4 0 3 6 0 1 
6 5 0 9 7 0 3 8 4 

20 25
7 3 0 0 9 0 5 4 6 
6 0 8 4 5 3 0 2 0 
2 4 5 0 0 7 8 9 3 
8 2 4 7 0 0 9 3 0 
5 0 0 2 3 9 4 7 8 
9 7 3 5 0 0 6 1 0 
4 6 7 0 0 5 1 8 9 
1 0 2 9 4 8 0 6 0 
3 8 0 0 7 0 2 5 4 

20 26
7 2 0 5 0 3 0 4 6 
0 6 4 1 0 2 9 3 0 
0 5 0 9 6 4 0 8 0 
6 3 8 7 2 9 5 1 4 
4 0 0 8 0 5 0 0 9 
1 9 5 0 3 0 7 2 8 
5 1 0 3 4 7 0 9 2 
2 8 7 6 0 1 4 5 3 
0 4 0 2 5 8 0 7 0 

20 27
5 0 3 8 7 4 6 0 2 
0 7 6 0 9 0 1 4 0 
9 2 4 3 0 1 7 5 8 
4 8 0 5 1 3 0 6 9 
6 0 0 7 2 9 0 0 4 
1 9 0 0 8 0 0 3 7 
3 6 8 0 4 0 9 2 5 
2 0 0 6 3 8 0 0 1 
7 4 1 9 0 2 3 8 6 

20 28
0 3 7 0 1 9 4 5 6 
6 0 5 4 0 0 0 9 8 
4 8 0 5 6 7 2 0 3 
0 9 4 6 0 0 0 8 2 
1 0 8 3 2 4 5 0 9 
5 6 0 0 0 8 3 7 0 
8 0 6 2 4 1 0 3 7 
9 4 0 0 0 3 6 0 5 
7 2 3 9 5 0 8 4 0 

20 29
0 2 9 8 0 5 0 3 0 
6 0 5 7 0 4 8 0 9 
3 7 0 6 9 2 1 4 5 
0 8 2 3 6 0 0 1 0 
1 3 6 5 4 7 2 9 8 
0 9 0 0 8 1 6 5 0 
8 5 3 1 2 6 0 7 4 
9 0 1 4 0 3 5 0 2 
0 4 0 9 0 8 3 6 0 

20 30
9 5 6 4 7 2 8 3 1 
2 7 0 1 0 5 0 4 6 
0 8 0 9 3 6 0 2 0 
7 3 0 6 0 8 0 9 4 
0 1 9 0 4 0 5 8 0 
8 0 5 0 9 0 3 0 7 
0 2 4 3 1 9 6 7 0 
0 6 8 5 0 7 4 1 0 
1 9 0 8 6 4 0 5 3 

20 31
4 8 0 9 5 6 0 2 3 
9 3 5 0 1 0 7 6 4 
0 1 2 0 7 0 9 5 0 
0 9 0 4 3 2 0 7 0 
7 2 4 6 0 5 3 8 1 
0 6 0 7 8 1 0 9 0 
0 5 9 0 4 0 2 1 0 
1 7 6 0 2 0 8 4 9 
2 4 0 1 6 9 0 3 7 

20 32
1 8 3 0 2 0 7 9 4 
0 6 0 9 1 7 0 5 0 
9 0 5 4 3 8 2 0 6 
3 2 0 6 0 0 5 8 7 
4 5 0 3 7 9 0 2 1 
6 1 7 0 0 2 0 4 3 
5 0 6 2 8 4 1 0 9 
0 9 0 7 6 5 0 3 0 
7 4 2 0 9 0 8 6 5 

20 33
0 4 6 0 3 5 0 0 9 
8 0 5 6 1 0 4 3 0 
0 2 1 0 7 4 6 5 8 
6 5 2 3 0 8 9 7 1 
4 0 0 2 0 9 0 8 3 
9 3 8 7 0 1 2 6 4 
0 7 3 0 9 6 8 1 5 
1 0 4 5 2 0 3 9 0 
0 6 9 0 8 3 0 0 2 

20 34
3 5 2 0 7 0 9 4 8 
0 1 8 9 0 4 5 6 0 
4 0 6 3 5 8 1 0 2 
8 3 0 4 1 2 0 9 7 
1 7 4 0 0 0 2 3 5 
6 0 9 7 0 5 4 0 1 
5 6 0 2 9 3 0 1 4 
9 0 3 0 4 0 7 0 6 
0 4 1 6 0 7 3 5 0 

20 35
7 3 5 2 6 9 4 8 1 
8 0 0 3 1 4 0 0 5 
4 0 0 7 0 5 0 0 3 
6 9 2 0 5 0 8 3 4 
1 4 8 6 3 2 5 9 7 
0 0 7 4 9 8 1 0 0 
2 0 4 8 7 1 3 0 9 
0 0 3 5 4 6 2 0 0 
5 8 1 0 0 0 7 4 6 

20 36
5 0 2 6 4 1 9 0 3 
3 4 6 0 9 0 5 1 2 
7 0 0 3 5 2 0 0 8 
4 2 8 7 6 3 1 9 5 
0 6 3 0 8 0 2 4 0 
1 7 0 9 0 4 0 8 6 
0 5 4 2 1 6 7 3 0 
6 0 1 5 0 9 8 0 4 
0 9 7 0 3 0 6 5 0 

20 37
5 9 0 8 1 3 0 6 4 
0 8 7 0 4 0 2 3 0 
4 0 1 7 6 2 5 0 9 
8 0 9 0 2 0 4 0 3 
7 2 5 3 9 4 8 1 6 
3 0 6 0 5 0 9 0 2 
9 0 3 2 8 6 1 0 7 
0 7 4 0 3 0 6 9 0 
1 6 0 4 7 9 0 2 5 

20 38
0 4 8 3 0 9 2 6 0 
6 0 7 5 2 4 8 0 9 
1 9 2 0 0 0 5 4 3 
9 0 6 4 8 1 3 0 2 
0 8 0 2 3 5 0 9 0 
3 0 4 9 6 7 1 0 5 
8 6 3 0 0 0 9 5 1 
2 0 9 1 5 6 4 0 8 
0 1 5 8 0 3 7 2 0 

20 39
1 2 9 0 6 0 4 7 8 
6 0 5 7 8 9 3 0 2 
0 0 3 1 2 4 6 0 9 
0 3 1 6 4 0 0 2 7 
4 7 0 0 3 0 0 8 6 
8 9 0 0 7 1 5 3 0 
9 0 8 4 5 7 2 0 0 
2 0 7 3 9 6 8 0 1 
3 6 4 0 1 0 7 9 5 

20 40
7 0 2 9 1 5 0 8 3 
3 0 8 0 6 7 4 0 0 
1 6 5 0 4 0 9 2 7 
5 2 4 8 9 0 7 0 6 
6 0 0 0 3 2 8 4 0 
8 3 9 6 7 0 2 0 1 
9 8 6 0 2 0 5 7 4 
4 0 3 0 8 6 1 0 0 
2 0 1 4 5 9 0 6 8 

20 41
5 2 4 1 7 6 9 3 8 
1 6 0 0 2 0 0 4 5 
9 0 3 0 8 0 6 0 2 
0 8 5 7 0 1 4 9 0 
3 1 0 5 0 4 0 2 7 
7 0 9 8 3 2 1 0 6 
0 0 2 9 1 8 5 0 0 
4 9 0 6 5 3 0 8 1 
8 5 1 0 4 0 3 6 9 

20 42
3 0 8 0 6 1 0 4 9 
2 1 0 4 0 9 3 0 8 
0 4 9 3 2 0 0 5 7 
4 8 0 5 9 3 6 7 2 
0 0 5 1 0 6 8 9 0 
9 3 0 2 8 7 5 1 4 
0 7 4 6 3 0 0 8 5 
8 6 0 9 0 5 4 0 1 
5 0 3 0 1 4 0 2 6 

20 43
0 1 3 9 0 6 5 8 0 
9 5 4 0 2 0 3 7 6 
2 6 0 3 5 7 0 9 1 
6 7 0 4 9 0 0 0 8 
0 3 9 6 8 2 1 5 0 
8 0 0 0 3 5 0 4 9 
1 8 0 5 7 4 0 2 3 
3 4 7 0 1 0 8 6 5 
0 9 2 8 0 3 7 1 0 

20 44
7 5 6 0 1 0 4 2 9 
0 2 9 0 6 0 1 7 0 
0 0 8 9 7 2 3 0 0 
9 8 0 1 4 6 0 5 3 
0 4 3 8 0 7 6 9 0 
0 7 5 2 9 3 8 4 0 
0 9 4 7 3 1 5 8 0 
8 3 0 6 2 5 0 1 4 
5 6 1 0 0 0 2 3 7 

20 45
0 2 5 8 6 3 0 7 1 
7 0 0 4 5 0 6 3 9 
6 4 3 9 0 0 5 0 2 
3 9 0 0 8 4 2 0 0 
5 1 8 6 2 7 9 4 3 
4 7 0 0 3 9 8 0 0 
2 5 4 3 0 0 7 0 6 
8 0 0 2 9 0 1 5 4 
0 6 9 7 4 5 0 2 8 

20 46
4 5 0 3 8 1 2 6 7 
3 0 7 6 2 0 4 0 9 
8 0 6 9 0 4 5 0 3 
0 9 3 0 6 2 1 4 0 
2 4 0 0 3 9 0 7 0 
0 8 5 0 4 7 9 3 0 
5 0 8 4 0 6 7 0 1 
1 0 4 2 5 0 3 0 6 
9 6 0 7 1 3 8 5 4 

20 47
6 7 0 1 4 2 3 0 5 
8 4 0 6 9 5 7 0 0 
0 0 5 3 8 0 4 6 9 
5 3 0 9 0 4 0 7 8 
9 8 7 0 3 0 2 4 1 
4 2 0 7 0 8 0 5 3 
7 5 2 0 6 9 1 0 0 
0 0 4 2 5 3 0 9 7 
3 0 8 4 7 1 0 2 6 

20 48
4 0 1 6 0 7 2 0 3 
8 6 0 2 3 9 0 4 1 
0 7 3 0 5 0 8 9 0 
9 0 7 3 0 8 4 0 2 
1 8 0 4 7 2 0 3 9 
0 2 4 9 6 5 1 7 0 
5 1 9 0 2 0 6 8 4 
0 3 0 8 4 6 0 1 0 
6 0 8 5 9 1 3 0 7 

20 49
8 7 4 0 6 0 9 3 5 
0 1 9 0 3 0 2 0 8 
0 5 2 9 0 4 0 6 1 
5 3 0 2 4 1 0 7 9 
1 9 8 6 0 0 4 0 0 
2 4 0 8 5 9 0 1 3 
0 6 1 3 0 8 0 9 4 
0 2 3 0 9 0 1 0 6 
9 8 5 0 1 0 3 2 7 

20 50
9 0 2 3 5 4 8 0 6 
5 0 4 8 7 1 2 0 3 
3 7 0 0 6 0 0 5 1 
2 3 0 0 1 0 0 8 4 
8 5 1 9 4 2 6 3 7 
0 0 6 5 8 3 9 0 0 
0 0 5 1 2 7 3 0 0 
6 8 7 0 3 0 1 2 9 
1 2 0 6 9 8 0 4 5 

