96 | 38 37 36 44 43 42 41 40 31 22 13 4 76 67 58 49 39 
78 | 10 16 13 40 37 43 70 67 64 
50 | 48 49 50 41 32 31 40 39 30 
118 | 1 74 66 56 76 4 78 6 23 30 20 28 36 26 43 50 51 62 
206 | 9 17 26 27 35 43 51 59 49 41 33 23 13 4 78 79 7 71 63 54 53 45 37 29 21 22 31 39 47 57 58 67 76 2 73 1 
209 | 74 65 66 76 4 12 11 2 19 28 27 35 18 26 25 34 43 42 41 31 22 14 15 6 78 69 68 58 49 39 38 37 55 54 45 53 62 61 
218 | 0 18 27 36 37 38 39 48 58 49 41 42 43 44 53 62 55 64 73 80 7 16 25 32 31 22 20 11 2 3 76 75 4 5 77 78 69 60 
211 | 73 1 2 11 12 21 22 31 32 42 52 62 53 45 55 63 64 65 75 5 15 25 35 27 28 18 17 16 7 79 78 69 68 59 58 49 48 38 
220 | 1 73 74 75 66 57 58 59 68 77 78 79 7 17 9 26 18 27 35 43 52 51 42 32 22 14 15 4 12 11 30 38 37 46 47 54 63 71 62 
241 | 9 17 7 6 78 79 71 63 73 74 3 2 1 19 20 29 28 27 36 46 55 56 48 39 49 31 32 41 51 60 61 52 53 44 34 25 24 14 13 77 67 66 
243 | 10 9 17 16 25 24 33 32 22 30 38 28 27 35 44 43 53 45 46 56 64 63 71 70 61 60 51 50 48 58 68 77 78 6 5 14 4 76 66 74 2 12 20 
250 | 8 16 9 18 19 28 29 38 39 48 49 58 59 67 66 75 74 11 1 72 64 56 46 36 44 34 24 14 13 21 22 31 32 41 42 51 52 61 62 71 79 6 5 69 
245 | 1 73 74 65 56 57 67 68 69 79 7 6 78 77 76 4 13 12 3 2 11 20 29 30 31 40 49 50 51 60 61 62 45 46 47 38 19 18 35 34 42 33 24 15 23 
263 | 0 8 80 72 64 56 47 48 39 40 41 32 33 24 16 26 18 27 35 43 51 50 60 70 53 45 62 54 37 29 30 22 12 20 10 2 74 66 58 68 78 6 14 4 76 
240 | 72 8 17 16 15 24 23 32 31 40 41 49 39 48 57 56 65 64 63 71 70 62 54 46 37 29 28 20 10 9 18 26 34 43 52 51 60 67 68 77 3 12 13 
249 | 0 8 7 6 15 14 24 34 35 27 18 26 28 20 11 12 22 31 39 41 49 58 66 76 4 68 60 69 78 79 80 72 73 2 1 74 65 56 46 45 53 52 62 54 
242 | 73 1 2 74 75 76 77 78 79 7 6 5 4 3 21 22 31 23 33 34 25 26 17 9 18 19 28 29 39 57 47 46 55 54 63 71 62 61 52 51 41 49 58 59 
247 | 9 17 16 26 18 19 29 37 46 47 56 57 58 39 30 22 23 6 7 79 78 77 5 4 76 75 3 2 74 1 73 64 54 63 71 62 61 51 50 41 33 24 34 43 
263 | 0 9 17 35 27 19 29 37 45 62 61 51 43 53 54 55 65 73 72 80 8 79 69 59 77 5 15 25 33 41 40 31 23 13 22 21 11 3 75 57 67 58 49 39 47 
259 | 9 19 28 29 38 39 49 50 42 41 32 31 21 12 13 23 15 5 77 67 59 69 61 52 53 44 36 35 34 25 17 7 79 71 63 73 1 11 3 75 66 65 57 47 46 55 
249 | 0 72 64 56 57 48 40 32 23 24 34 35 26 18 10 2 74 3 75 67 59 50 60 70 80 8 16 6 78 77 5 13 30 21 20 28 38 46 45 54 62 52 42 
250 | 0 10 2 73 74 75 76 67 68 59 60 51 42 41 49 57 56 55 46 63 80 7 17 18 27 34 25 24 23 31 38 39 29 20 21 12 13 4 5 6 78 70 62 53 
242 | 0 72 8 80 70 69 61 52 44 36 46 55 64 65 75 3 76 77 5 4 13 23 15 16 25 34 42 32 31 30 21 11 10 19 28 38 48 57 67 59 50 49 40 
248 | 9 8 80 72 0 1 74 65 66 75 76 77 69 79 71 54 55 46 45 36 44 35 26 34 25 15 6 14 5 4 3 13 11 19 29 21 32 40 48 67 59 51 61 
249 | 72 80 70 61 52 44 36 27 35 9 17 7 78 77 4 12 21 22 23 14 15 25 33 42 41 50 60 59 67 57 48 40 39 38 29 19 11 1 74 75 64 55 56 46 
241 | 0 1 73 2 66 65 56 55 46 45 28 19 20 29 38 39 48 58 49 59 60 61 52 51 42 41 32 31 21 22 14 15 24 34 35 25 17 8 7 78 79 80 72 63 
253 | 0 9 26 16 8 72 64 65 56 66 58 59 69 79 80 71 61 51 42 41 34 44 53 36 27 19 11 1 74 3 4 76 77 6 15 24 14 22 21 29 39 38 46 54 
243 | 10 9 0 8 17 16 26 18 35 34 43 44 36 27 28 37 38 47 56 65 66 67 68 69 60 51 42 32 40 31 30 22 14 6 79 80 71 63 72 73 2 12 4 
241 | 0 1 12 21 22 31 40 49 58 57 66 74 2 73 72 80 8 79 7 6 78 68 59 51 52 61 62 54 55 46 47 38 29 28 19 18 26 25 34 42 33 23 14 
237 | 72 64 65 74 75 1 2 3 12 13 22 23 32 43 27 35 26 18 9 10 8 16 15 5 77 6 78 79 70 71 62 53 54 45 37 30 40 50 68 67 58 57 48 
239 | 0 9 1 11 21 13 5 6 15 16 25 33 34 43 53 44 36 27 37 46 47 38 29 30 39 40 31 41 49 50 42 51 59 69 79 80 71 55 64 65 74 75 67 
238 | 8 17 26 34 33 32 41 40 39 48 47 46 54 62 53 52 51 61 70 79 7 6 5 14 13 22 21 29 28 27 18 19 10 1 72 63 73 74 75 66 67 58 59 
245 | 0 8 9 19 18 27 37 46 47 39 40 31 22 29 20 21 12 3 75 66 65 73 72 80 71 53 62 61 51 43 34 33 41 49 58 59 60 68 77 5 14 15 7 
246 | 73 72 63 54 62 61 52 53 44 36 27 18 26 17 8 7 77 78 69 68 59 49 66 65 56 47 46 38 39 31 41 42 34 33 24 15 14 3 2 12 21 11 19 28 
237 | 9 10 11 20 30 39 40 41 50 60 69 70 71 80 72 73 0 8 7 15 5 77 76 75 3 4 14 23 24 33 34 35 27 36 44 53 45 46 47 56 57 66 65 
247 | 0 10 19 11 12 21 30 39 48 57 65 74 75 76 4 5 6 15 25 34 35 27 18 17 8 80 63 72 55 46 37 45 53 43 61 62 70 69 68 59 50 41 32 23 
251 | 1 0 72 80 8 79 71 69 59 58 57 47 39 40 41 33 25 16 15 23 22 21 29 37 27 19 11 9 26 35 43 51 61 53 45 54 55 64 65 75 3 5 77 
245 | 0 10 2 74 66 56 47 55 64 63 71 80 72 8 9 17 16 25 33 24 14 31 40 41 49 39 29 20 19 37 36 44 43 51 60 61 70 78 6 68 76 4 12 
240 | 26 18 34 35 27 28 38 45 46 54 62 53 52 42 41 40 39 49 59 58 57 66 65 74 73 1 2 11 12 21 22 31 23 14 15 6 7 79 78 69 68 76 4 
241 | 9 18 19 28 37 29 12 22 31 40 33 34 43 53 45 55 65 56 47 48 49 50 51 61 60 69 77 6 5 14 25 26 17 79 80 71 63 72 73 2 3 75 67 
245 | 9 17 7 78 77 5 15 25 26 35 27 18 19 11 1 74 65 64 55 54 45 53 62 61 69 70 51 59 49 41 31 21 29 39 47 57 67 75 4 3 13 23 33 
253 | 72 80 64 54 55 56 46 45 53 62 70 60 61 52 42 41 33 34 35 25 26 17 9 19 18 27 28 29 38 39 31 21 22 23 14 6 78 68 67 58 66 74 2 12 4 
239 | 9 17 26 25 15 6 78 69 61 62 71 63 54 55 46 36 53 43 35 18 19 28 29 38 47 39 31 22 13 21 11 2 74 65 57 67 58 49 50 51 42 33 32 
245 | 9 10 1 73 65 75 3 11 21 22 31 40 49 58 57 47 46 38 29 28 18 35 25 33 41 51 61 70 69 68 77 78 6 5 14 15 16 8 80 63 64 54 53 
252 | 0 72 64 55 56 48 38 37 45 36 44 34 25 26 17 7 15 5 77 69 79 71 62 61 52 51 42 33 32 40 50 58 66 75 74 2 3 12 22 30 20 10 19 27 
253 | 72 63 71 80 79 7 15 23 31 39 48 38 29 21 13 5 4 3 75 67 77 69 61 52 60 50 41 42 33 25 17 9 19 27 35 44 36 46 55 56 65 73 1 11 
237 | 9 17 26 18 27 28 38 30 39 40 49 58 68 76 3 4 5 15 7 78 69 61 52 53 62 54 55 46 45 36 44 35 34 42 41 32 22 13 11 1 74 65 66 
246 | 8 7 16 35 34 42 52 53 54 46 55 64 80 79 70 60 59 68 77 4 12 21 31 22 23 24 14 5 76 66 74 2 10 19 18 28 29 39 38 47 57 58 49 
244 | 9 18 26 34 33 42 41 31 30 21 13 23 24 15 16 8 80 70 62 63 54 46 38 48 49 59 69 60 51 52 44 36 28 20 11 1 73 65 56 57 67 77 5 
246 | 1 10 20 29 28 18 35 26 16 7 79 70 68 67 76 75 3 4 13 14 23 24 33 41 49 60 59 51 42 43 36 53 62 54 64 73 56 46 47 38 39 40 31 
248 | 0 72 80 8 16 15 6 78 77 5 13 3 2 10 20 21 30 29 18 26 35 43 33 23 40 41 51 59 69 70 62 54 53 36 37 47 48 57 56 64 74 75 67 
246 | 9 18 28 29 39 47 56 55 53 45 36 44 34 33 23 22 21 31 41 49 58 68 60 51 61 71 63 80 72 1 2 74 66 67 76 4 12 14 78 6 7 17 26 
241 | 72 80 7 16 24 33 34 43 35 26 18 27 28 29 37 47 48 40 31 23 14 13 12 21 20 10 1 74 64 55 56 66 76 4 78 68 50 51 60 70 61 62 54 
251 | 0 72 80 8 16 78 6 70 60 68 59 51 52 62 64 54 46 47 56 57 66 74 10 2 12 21 20 29 28 18 26 34 33 41 49 40 39 31 23 24 14 4 76 
247 | 8 80 72 0 10 11 2 3 75 74 65 64 62 54 45 46 38 39 31 21 13 23 24 33 43 44 27 28 18 26 16 15 5 77 70 69 60 59 67 57 49 41 51 
254 | 1 73 63 55 65 75 3 11 19 18 9 17 7 79 71 54 45 53 44 43 33 25 35 27 37 47 39 29 21 13 31 23 15 5 77 67 59 69 61 51 41 49 57 
248 | 0 72 64 55 74 2 12 21 31 41 42 33 24 23 15 14 4 76 66 57 47 37 27 26 17 8 7 79 80 71 62 45 44 43 51 60 69 68 59 49 39 29 19 10 
251 | 9 17 79 6 7 16 25 34 24 14 13 12 2 75 67 77 60 59 50 42 32 22 31 40 30 38 48 57 56 46 36 44 52 62 71 63 54 73 1 10 19 28 20 
238 | 9 17 25 34 33 42 51 50 58 67 69 61 53 45 35 27 28 19 29 38 47 48 40 31 22 12 11 2 74 75 65 55 64 63 71 70 78 6 15 14 4 76 77 
241 | 8 80 63 71 62 61 60 52 44 36 37 28 19 20 30 48 58 50 41 40 32 24 34 25 26 17 9 1 73 74 2 12 22 13 6 78 5 77 67 66 56 55 46 
246 | 0 8 80 72 64 56 48 40 50 58 68 78 6 14 12 4 76 66 74 2 10 20 28 27 18 16 25 35 44 43 42 32 22 30 38 37 46 36 45 54 53 61 70 
248 | 1 73 65 66 67 75 3 12 13 22 32 24 5 77 78 6 16 26 35 36 46 54 55 63 80 8 9 18 11 19 28 38 30 40 48 58 50 42 43 53 62 70 60 
245 | 9 17 80 72 63 71 69 59 60 51 43 35 27 19 10 11 21 29 39 49 40 41 31 23 33 25 16 15 5 77 76 4 13 3 75 67 57 65 56 47 37 45 53 
241 | 0 10 2 11 21 30 29 37 45 54 62 53 43 35 27 18 26 16 15 6 5 77 69 70 80 8 72 64 65 56 57 48 40 50 59 60 67 75 3 13 23 33 32 
244 | 8 80 63 62 52 53 45 37 55 64 73 74 2 1 9 10 19 27 26 35 34 42 32 24 23 22 12 21 30 29 38 47 48 57 66 58 59 60 50 68 78 6 14 
240 | 0 72 64 55 54 62 52 53 44 36 37 47 48 57 67 77 5 15 23 32 40 39 29 30 21 13 3 75 74 2 10 19 18 26 35 34 43 42 50 59 69 7 79 
242 | 72 0 9 18 10 20 21 29 28 37 47 46 54 63 64 56 57 66 67 59 60 52 62 70 69 78 6 15 16 26 34 42 50 49 40 31 32 23 24 13 12 3 75 
248 | 8 17 9 18 19 27 37 36 44 53 43 33 25 24 23 15 14 13 3 20 11 1 72 79 69 60 61 62 71 63 55 47 39 40 41 31 49 57 56 65 66 67 77 
246 | 9 10 19 20 27 26 34 44 45 37 38 30 40 48 56 55 64 63 62 52 42 32 23 24 15 14 22 12 2 74 66 58 50 60 59 68 69 78 6 7 79 80 8 
247 | 0 72 80 8 16 15 24 32 31 40 49 50 42 43 35 27 26 18 10 11 20 21 30 37 38 48 56 65 64 54 45 53 62 70 69 60 59 67 77 5 13 3 75 
251 | 9 26 25 33 41 23 22 31 21 12 2 3 11 19 28 27 45 44 43 51 59 76 4 75 66 57 58 49 39 38 46 55 65 74 63 62 61 69 78 6 79 7 15 
243 | 8 79 70 72 1 10 18 27 28 20 12 21 31 41 42 33 34 25 16 6 5 14 4 76 66 75 74 64 55 46 47 38 39 40 49 68 59 60 52 62 53 44 36 
244 | 0 73 72 63 55 56 65 57 67 77 5 15 7 80 8 17 18 10 11 3 75 13 23 24 25 34 42 51 52 62 70 69 59 49 40 31 21 28 29 38 46 36 44 
237 | 0 8 80 79 78 69 67 75 65 64 73 72 1 2 11 19 18 26 7 16 15 5 13 22 23 33 43 44 36 37 29 30 31 40 47 57 58 49 50 51 61 62 54 
258 | 1 2 11 21 30 22 23 15 4 77 78 6 7 79 80 72 73 74 75 66 57 56 55 47 46 36 28 19 18 9 17 26 25 34 44 61 60 52 51 59 68 67 58 49 40 32 
253 | 0 1 11 2 3 74 57 40 50 59 58 67 77 78 6 17 26 25 24 33 23 22 13 21 30 29 28 19 27 36 37 47 56 55 54 63 80 79 69 61 52 53 44 43 51 
244 | 10 11 20 19 29 21 30 39 40 31 32 23 24 33 41 50 49 48 57 47 56 55 64 65 75 3 4 76 77 5 15 16 25 35 27 36 45 44 53 61 51 60 59 69 70 
245 | 9 18 27 36 45 53 44 35 26 17 16 15 6 78 69 70 71 62 54 63 64 65 74 2 10 11 13 22 23 31 21 29 39 38 47 57 58 67 59 49 41 51 42 33 
243 | 1 9 17 7 79 71 63 73 11 19 20 21 29 28 39 31 40 41 49 57 56 47 46 55 65 75 3 13 23 33 34 25 24 15 5 77 67 59 60 69 61 52 51 
242 | 1 2 73 74 75 3 5 77 78 6 7 79 71 63 46 45 54 62 53 52 51 59 58 57 47 38 39 49 31 23 22 21 29 28 27 18 9 17 26 35 34 33 42 41 
254 | 10 19 18 27 28 36 44 53 52 61 70 62 54 64 55 46 47 38 39 31 30 21 13 14 15 16 25 26 34 33 42 41 50 49 59 67 76 77 78 5 4 3 2 75 66 65 
251 | 1 73 2 3 11 74 75 65 55 63 71 62 54 45 53 61 69 77 5 15 6 78 79 7 25 26 17 9 19 18 35 27 38 48 49 58 50 41 40 39 30 22 31 32 42 
258 | 1 73 11 3 75 65 56 47 39 29 20 37 27 18 9 17 8 80 71 63 54 45 36 44 43 34 25 15 6 78 69 61 52 42 50 49 59 58 67 76 4 13 23 32 31 22 
248 | 0 9 17 8 80 63 72 71 69 60 59 51 52 53 44 35 34 33 24 15 23 31 22 13 4 76 67 57 58 49 41 39 29 20 21 11 28 27 36 45 46 47 56 65 
252 | 0 80 71 63 54 55 46 47 38 39 31 41 40 49 57 65 66 67 59 60 69 77 76 75 3 4 5 15 23 14 13 21 20 11 28 27 9 17 26 25 34 33 42 52 53 
236 | 0 8 17 16 25 26 18 9 10 19 20 29 38 39 21 22 31 41 42 33 24 23 13 4 76 67 59 60 51 61 62 54 63 71 70 80 72 64 55 56 47 57 58 49 
252 | 9 18 17 25 34 35 27 36 29 38 39 48 49 58 59 51 42 41 32 31 22 21 3 2 1 73 63 71 62 53 44 45 46 55 65 66 75 4 76 77 5 14 15 7 79 78 
256 | 0 8 7 79 80 72 73 1 11 3 75 65 56 55 54 62 61 69 60 51 50 41 32 33 43 44 36 37 47 48 39 30 29 20 19 18 26 25 24 15 22 13 5 77 67 58 
256 | 1 73 72 0 8 80 70 61 78 6 16 25 18 27 35 43 42 32 41 50 49 58 59 68 76 75 66 65 56 54 53 45 37 38 48 39 30 31 22 23 14 4 3 12 11 20 
248 | 9 18 26 17 7 8 0 1 2 74 73 72 80 79 78 6 76 4 14 23 21 12 31 41 42 43 34 44 36 28 37 46 38 39 40 49 57 66 68 59 52 62 54 63 71 
246 | 1 9 18 16 25 24 32 22 21 30 40 50 51 42 43 44 36 37 38 29 20 11 3 75 74 64 55 56 48 66 67 58 59 60 69 77 5 14 13 6 79 71 62 
236 | 9 18 26 17 25 34 44 36 37 46 55 54 63 71 62 61 52 43 42 41 31 22 12 11 2 74 65 66 76 4 13 14 15 6 78 69 68 67 58 49 39 38 28 19 
248 | 0 9 18 26 16 24 14 5 4 76 75 66 58 59 68 69 60 51 50 40 48 38 29 30 21 20 11 12 22 32 42 43 34 35 27 37 46 56 64 54 45 53 62 71 80 
251 | 17 26 25 33 34 44 36 47 46 55 54 63 71 62 61 52 51 42 41 49 58 67 68 78 6 77 76 66 75 74 2 3 12 13 4 5 14 22 31 39 38 29 28 19 18 9 
254 | 9 19 11 2 74 65 55 46 57 48 38 28 36 44 43 52 61 62 63 71 79 80 8 17 26 25 34 42 50 59 67 68 77 78 7 6 5 14 13 23 32 40 39 30 21 
265 | 9 17 26 18 19 28 36 44 34 25 15 24 32 22 13 4 5 77 67 76 75 3 65 56 55 46 54 62 61 69 60 52 42 50 58 48 38 30 20 11 1 73 63 71 79 7 
247 | 17 7 26 27 37 47 46 55 54 63 73 65 57 66 67 77 78 69 70 61 53 43 51 59 49 41 33 34 25 15 14 23 31 40 39 29 19 10 11 2 3 13 21 
237 | 0 72 64 63 71 80 8 70 61 60 52 42 41 40 31 49 39 38 46 55 56 66 67 68 77 76 75 3 12 13 4 5 14 24 34 25 16 17 9 10 19 28 20 
257 | 1 10 11 2 3 13 14 15 24 35 44 43 52 53 45 36 27 28 37 47 56 55 63 72 73 65 66 67 59 51 70 69 77 78 79 7 8 17 25 33 41 31 49 39 29 21 
264 | 72 0 8 80 62 54 45 53 61 51 43 42 41 33 25 35 26 18 19 27 37 38 39 29 21 31 49 57 47 55 65 74 3 11 2 75 67 59 69 78 77 13 5 6 15 23 
258 | 9 18 26 17 16 25 24 33 32 41 49 50 59 60 51 61 70 71 62 54 63 64 73 72 80 79 7 8 0 1 10 19 20 21 30 29 39 48 57 47 55 56 67 76 4 13 23 31 
281 | 0 9 1 10 11 21 13 14 23 33 25 26 18 19 29 28 27 37 36 53 44 43 52 61 70 69 77 78 6 79 80 71 62 54 55 47 39 40 31 41 51 59 67 76 4 3 2 74 66 57 49 
252 | 72 80 8 17 26 25 16 7 79 70 69 60 59 67 77 5 13 75 3 21 20 11 10 0 1 73 64 63 55 54 62 53 44 36 27 18 38 48 57 49 40 31 32 23 42 
261 | 0 8 7 6 15 24 33 41 42 34 35 27 28 20 29 38 47 56 55 54 63 72 80 71 62 61 51 60 68 67 58 49 40 39 31 22 13 14 5 77 76 4 3 12 11 2 1 75 66 
268 | 10 2 73 64 63 71 70 62 54 46 56 66 75 3 12 20 29 38 39 40 48 58 68 60 51 52 53 44 36 28 27 18 9 26 17 16 7 78 77 5 14 24 34 42 41 32 22 
264 | 17 26 34 42 41 40 39 38 28 19 10 0 80 63 54 46 36 44 52 61 70 78 77 6 7 24 15 14 23 22 21 12 13 4 3 2 73 74 65 56 57 66 67 58 59 68 76 
257 | 9 17 7 6 15 14 5 4 13 12 11 19 28 27 18 26 25 34 35 37 46 55 64 65 66 74 1 2 3 75 76 67 68 77 78 69 70 61 52 43 32 41 50 40 30 39 48 
283 | 9 19 27 36 45 37 38 46 54 63 64 74 73 72 1 0 8 17 25 35 44 53 70 78 79 7 80 71 62 52 43 42 32 31 30 40 48 56 66 57 58 59 50 60 68 67 76 4 14 22 12 
261 | 19 28 37 38 47 46 45 53 52 61 62 54 55 56 65 75 74 2 11 12 13 22 31 32 41 40 39 48 49 58 67 68 69 78 6 5 15 24 25 34 33 42 43 44 36 35 26 18 27 
283 | 9 10 1 2 74 75 76 67 68 60 50 42 52 44 36 35 34 26 18 27 28 20 30 38 46 45 53 54 62 71 70 79 78 7 8 72 73 65 56 57 49 40 31 23 24 15 6 5 4 13 12 
274 | 72 73 64 63 54 62 71 61 52 53 44 36 27 28 19 11 2 3 4 76 77 78 69 59 50 58 66 56 47 46 38 48 40 30 21 22 32 42 33 34 26 18 9 17 8 7 16 24 14 
256 | 0 9 10 1 74 65 66 75 67 68 59 58 48 40 39 30 29 28 27 35 34 25 26 15 6 5 14 13 12 21 22 32 41 50 51 52 53 45 46 55 54 71 80 72 8 79 70 
270 | 1 10 19 18 9 17 26 25 34 35 44 45 54 62 53 52 61 71 70 69 60 49 58 67 76 4 12 11 30 29 28 27 36 37 46 55 56 65 64 63 72 80 7 16 15 14 22 32 33 43 
267 | 10 19 35 44 53 45 36 27 25 16 15 6 5 76 75 3 13 22 23 32 41 42 52 62 54 55 46 38 39 30 21 11 2 74 64 63 71 70 61 60 58 49 56 66 67 68 77 78 
266 | 0 8 17 16 7 79 80 70 71 63 72 73 1 10 20 29 30 21 22 31 40 50 49 58 57 56 64 55 54 45 46 37 36 35 44 43 51 60 59 67 76 4 13 23 24 25 34 26 9 
255 | 0 8 17 9 10 19 28 29 37 46 36 44 43 52 54 62 71 63 64 56 74 2 12 21 31 23 14 13 4 76 66 58 67 68 60 70 78 6 16 25 34 33 41 49 39 
262 | 0 72 80 79 7 15 24 25 16 8 17 26 18 19 10 1 73 64 55 54 62 61 71 70 69 60 51 50 41 42 33 32 31 30 39 38 29 20 11 3 4 77 5 76 75 65 56 47 48 49 
262 | 73 1 9 18 28 38 46 37 36 44 43 42 50 59 68 69 60 52 71 62 54 63 79 7 17 26 34 24 15 14 23 32 40 30 21 20 11 12 13 4 76 67 66 65 56 57 48 
285 | 0 1 73 2 75 66 67 58 68 78 79 7 16 15 14 5 24 33 32 31 22 13 12 29 30 40 49 48 47 56 65 64 54 63 80 71 61 53 45 37 36 27 19 9 17 26 35 44 43 51 50 
279 | 0 8 7 79 80 72 73 74 65 55 63 62 54 46 47 39 49 57 67 59 60 68 69 78 6 15 24 23 14 13 3 75 11 2 1 9 18 26 34 42 41 40 31 21 29 19 28 36 44 52 
279 | 17 9 10 11 20 12 2 3 13 14 5 4 76 77 78 6 15 16 24 22 31 39 38 47 46 45 53 52 51 60 69 70 71 63 64 56 65 74 75 67 58 49 48 40 50 41 42 34 35 27 28 
245 | 26 18 19 36 44 52 51 60 61 62 54 55 46 47 38 39 29 20 11 21 22 31 41 42 33 25 24 23 15 6 5 77 78 69 59 49 58 57 56 65 74 2 3 75 67 
262 | 17 9 18 19 20 12 3 75 66 68 59 58 57 48 47 56 55 45 54 63 71 80 8 7 79 78 77 5 6 14 23 22 21 30 29 37 27 44 52 51 42 50 49 40 31 32 33 34 
253 | 1 2 11 30 31 22 13 3 75 74 64 65 56 46 54 63 71 61 53 52 51 50 41 32 34 24 15 16 17 9 26 27 19 28 29 39 48 49 58 67 77 5 78 6 79 69 
280 | 1 0 8 79 80 72 63 71 62 61 51 41 50 49 57 67 58 59 69 77 5 13 3 75 65 55 47 46 54 53 44 36 27 18 26 25 34 33 23 15 17 9 19 11 29 21 22 31 30 39 
286 | 9 8 0 72 80 70 78 6 16 26 25 34 44 27 18 19 11 2 1 73 74 65 57 58 50 40 39 48 47 37 29 30 21 22 32 42 24 14 13 4 76 67 68 60 61 52 62 63 54 55 45 
278 | 0 72 8 80 70 60 51 52 44 36 28 29 20 12 13 14 6 5 78 77 68 67 76 4 3 75 66 74 2 10 18 26 16 24 34 33 42 41 49 40 31 39 38 47 56 64 62 54 46 
245 | 0 72 80 8 16 26 18 10 2 3 75 74 64 54 62 70 60 52 43 44 36 37 28 20 30 39 38 46 56 57 58 67 77 78 6 5 13 22 23 24 34 42 41 50 
261 | 0 9 17 16 8 7 6 5 14 23 32 31 30 39 48 47 46 37 36 45 53 52 44 43 51 41 50 49 58 67 76 77 13 12 21 10 1 2 3 75 65 64 55 54 62 61 70 69 
260 | 0 73 74 65 63 55 54 45 46 38 30 29 20 11 12 13 22 23 32 40 48 57 58 67 68 69 70 61 60 50 42 51 52 44 36 28 19 10 17 26 35 34 25 15 6 7 80 
259 | 9 17 26 35 43 34 25 33 41 51 59 67 58 49 57 66 65 73 1 2 3 11 19 29 39 21 31 22 13 14 23 15 7 79 78 77 69 61 71 63 54 45 37 47 46 55 
264 | 1 10 11 2 3 13 21 22 23 14 15 16 26 35 44 34 24 32 42 41 40 39 48 38 28 27 36 46 45 53 52 59 58 57 56 65 66 67 77 78 69 70 79 8 72 64 54 
249 | 0 10 19 20 11 12 3 75 5 13 14 15 16 25 34 43 35 27 28 37 36 44 53 45 46 55 64 65 66 67 77 68 69 60 50 49 48 39 30 31 32 41 52 61 70 80 
259 | 0 73 72 80 8 7 78 70 62 52 53 44 36 46 55 65 66 57 49 39 38 30 31 23 14 15 4 76 68 69 60 59 50 41 42 34 25 18 27 28 20 21 12 11 2 10 
256 | 1 0 9 17 16 26 34 43 52 51 60 61 69 68 59 49 41 33 24 23 31 39 40 57 56 47 46 37 29 28 19 20 21 12 11 4 76 75 74 64 54 63 71 80 79 6 5 
262 | 9 18 19 20 11 12 3 13 22 31 32 33 42 49 48 47 46 38 37 28 27 36 44 53 62 61 71 72 73 64 65 56 57 58 68 67 77 69 60 52 43 34 24 23 15 16 7 8 
271 | 0 10 3 20 29 28 37 46 47 56 57 66 67 77 60 70 62 54 63 64 74 73 72 80 8 17 16 7 6 14 13 21 30 39 31 23 24 33 41 49 50 59 51 52 43 34 26 18 
248 | 1 72 0 8 80 71 63 54 62 61 52 60 59 67 57 56 55 46 39 40 41 23 24 34 25 26 17 9 18 19 28 20 21 13 4 3 2 74 75 76 77 78 79 6 5 
268 | 9 17 26 25 34 33 42 41 31 22 23 14 15 6 7 79 69 68 77 76 4 12 3 74 65 66 57 58 49 39 38 47 46 55 54 53 44 36 27 28 19 11 1 73 63 71 61 52 
259 | 0 80 78 77 69 70 61 62 53 44 35 27 18 19 10 11 2 3 13 21 29 28 37 47 48 39 40 41 32 22 14 15 16 25 33 43 52 51 59 58 67 66 65 64 55 45 36 
263 | 9 18 17 25 24 14 23 32 33 42 52 62 71 63 73 1 10 20 21 30 38 47 48 40 50 59 60 70 79 78 7 6 77 76 4 3 2 74 66 57 56 55 45 36 44 35 28 
273 | 10 1 73 64 56 48 40 32 50 51 60 52 62 54 63 71 70 79 7 17 9 18 26 16 5 77 78 68 67 66 75 3 2 12 13 14 24 34 33 42 44 36 46 47 38 28 20 29 30 
268 | 72 0 1 75 66 67 68 79 80 8 17 9 18 19 28 29 12 13 14 5 24 25 16 35 27 37 47 56 57 58 49 41 51 52 61 62 71 63 64 55 45 53 43 33 23 22 31 39 
263 | 1 0 8 17 25 33 24 23 14 13 4 76 67 66 57 47 56 55 45 36 44 35 52 61 60 51 50 49 41 59 69 78 79 7 80 72 63 73 2 11 21 20 19 28 29 39 30 31 
265 | 0 72 63 71 80 8 17 9 10 11 2 3 75 66 65 56 55 47 46 45 53 36 27 44 35 34 24 33 25 15 14 5 77 78 70 69 60 59 58 49 50 51 40 31 30 29 20 21 22 
244 | 0 72 73 1 9 17 18 26 25 23 13 4 3 75 67 76 77 5 6 7 79 78 59 42 41 40 39 30 21 20 29 47 48 57 56 37 36 44 54 63 71 62 61 
265 | 72 80 0 8 15 6 5 77 78 69 59 50 51 61 62 53 45 54 55 65 75 74 3 2 11 19 18 27 35 26 25 33 43 42 32 23 22 13 21 30 29 37 38 47 48 57 58 67 
263 | 0 1 73 72 80 8 7 79 69 68 59 60 61 62 54 45 46 37 36 44 43 34 35 26 18 19 20 11 21 12 3 75 74 65 66 57 56 39 40 49 41 31 23 24 15 14 6 5 77 
271 | 0 10 11 20 29 30 31 12 2 3 4 76 75 66 65 56 47 39 49 50 41 33 24 15 14 5 77 68 78 69 60 51 43 25 26 35 18 27 37 45 55 54 53 62 70 72 8 80 
262 | 8 7 17 9 18 19 11 2 3 4 13 22 30 29 39 31 41 51 50 49 58 67 76 77 78 69 61 62 71 63 72 73 65 66 56 47 46 45 37 36 44 43 35 34 33 24 15 14 
272 | 0 80 79 78 6 7 17 26 44 36 28 29 19 20 12 4 5 14 22 31 40 39 38 47 56 46 55 54 63 73 1 2 74 66 75 76 68 58 49 41 33 24 25 34 42 51 52 61 60 
269 | 8 0 10 11 2 3 76 4 5 6 15 16 34 35 26 18 27 28 36 44 53 45 54 62 61 70 79 78 68 59 51 42 41 49 58 57 66 74 73 64 55 47 38 39 31 21 22 13 23 
261 | 0 1 2 3 12 22 14 5 4 76 67 58 57 56 48 39 38 19 10 9 18 28 27 35 26 25 16 17 8 7 6 79 70 80 72 73 64 45 53 34 42 41 31 40 49 50 59 60 
271 | 1 73 72 71 63 62 53 45 37 46 56 65 66 57 48 49 40 31 30 29 28 27 35 34 43 52 51 50 32 23 24 15 14 4 13 3 11 10 9 18 17 8 7 79 70 69 77 76 67 
266 | 72 71 53 45 54 62 61 69 77 66 67 58 59 50 42 33 32 31 30 21 22 13 14 24 25 16 6 78 79 8 9 18 26 35 27 38 47 48 49 56 55 64 1 74 3 2 11 19 
269 | 9 17 26 18 27 19 28 29 21 11 2 1 73 64 63 54 46 47 48 57 56 66 67 76 4 13 14 23 24 33 32 41 31 40 39 49 59 51 52 53 62 71 61 69 78 79 7 16 34 
269 | 0 10 80 63 64 73 74 2 3 4 76 77 78 6 7 17 16 24 14 23 22 31 40 39 47 38 29 20 19 18 27 35 34 33 42 41 49 58 57 66 56 46 45 53 62 61 70 60 51 
286 | 0 8 26 25 34 24 15 14 6 5 4 3 12 22 32 41 31 30 39 38 48 49 58 50 60 61 52 42 44 36 28 18 19 20 11 2 74 75 66 76 77 68 78 69 70 62 54 46 55 56 65 64 
255 | 10 1 73 74 65 56 57 48 47 37 36 27 35 44 53 45 55 63 54 62 71 61 60 59 50 51 43 33 32 40 30 29 20 21 12 4 76 67 69 78 79 7 16 24 23 14 
271 | 9 10 19 27 35 26 17 16 7 24 33 42 51 50 59 58 57 48 40 32 23 22 12 21 30 29 37 38 47 56 64 73 2 74 75 76 4 5 6 78 68 61 70 71 63 54 45 53 43 
270 | 0 80 7 16 6 78 69 77 67 76 3 4 13 23 24 33 41 31 39 49 59 60 51 52 61 62 54 45 46 47 57 56 64 73 74 2 11 20 21 29 28 19 18 26 35 34 44 36 
274 | 0 8 7 17 25 34 44 36 27 18 28 20 10 12 4 76 66 57 65 74 2 73 72 80 70 60 52 53 62 63 55 46 47 38 30 40 31 22 23 14 15 6 78 68 58 49 50 42 33 
274 | 0 9 8 72 80 71 70 78 59 51 60 52 44 35 34 33 42 41 40 49 39 38 47 56 64 55 46 45 36 28 29 20 10 2 74 75 66 67 76 4 13 14 5 6 16 25 24 31 21 
283 | 0 8 80 72 1 74 65 56 48 47 38 39 40 31 23 14 13 4 75 67 77 7 78 69 60 52 53 44 36 45 46 55 54 62 61 51 50 41 42 32 24 25 26 17 9 18 19 20 30 21 12 
258 | 1 73 72 63 71 80 7 79 69 77 5 6 15 25 34 35 27 28 19 11 2 3 75 76 67 57 65 56 55 54 45 53 62 61 60 59 58 49 40 41 32 23 22 13 21 30 39 
265 | 0 80 69 78 77 76 4 13 5 14 15 16 26 18 27 37 46 55 64 65 56 66 67 75 3 2 11 19 20 29 30 31 39 48 49 50 41 32 24 25 34 43 53 54 62 61 60 51 
265 | 0 8 80 72 64 65 66 56 57 48 49 60 61 70 78 69 68 77 76 4 12 3 2 11 10 19 20 28 37 46 38 31 32 23 14 15 16 24 26 35 34 42 43 52 44 36 45 54 
262 | 10 11 1 2 74 73 64 63 54 45 46 56 57 66 67 58 49 50 42 41 32 23 22 13 14 24 34 44 53 52 69 70 79 78 6 7 16 17 26 35 27 36 28 38 48 39 30 31 
248 | 9 1 74 75 3 11 20 19 27 28 46 57 65 64 72 71 53 52 61 60 69 59 50 58 67 77 5 6 79 8 16 15 23 22 13 21 30 38 48 40 32 42 34 
274 | 1 73 72 80 7 79 71 63 55 46 45 53 52 61 60 59 68 67 66 57 56 49 41 40 39 30 29 28 27 36 44 35 34 33 32 24 25 26 18 17 9 19 20 3 12 13 4 76 5 14 22 
258 | 9 10 20 30 29 38 47 46 55 54 63 64 56 48 58 50 42 34 33 24 32 23 14 22 13 12 3 75 66 67 68 59 60 51 52 62 71 79 70 80 8 7 16 17 26 18 19 28 
257 | 1 72 80 7 78 69 68 58 48 40 49 50 60 61 52 53 45 36 44 34 33 42 32 23 24 15 5 76 4 13 3 74 65 66 56 55 46 38 28 29 30 21 20 11 18 26 
264 | 0 9 18 26 17 8 7 14 24 15 6 79 70 61 60 69 77 76 75 2 1 73 65 64 55 56 47 48 49 58 50 51 40 31 22 12 11 20 28 37 36 27 35 34 43 44 53 45 
267 | 1 10 9 17 16 15 5 6 78 77 69 70 71 63 64 73 74 2 12 13 22 23 32 40 30 21 20 29 39 48 57 47 56 66 67 58 59 50 42 34 35 27 37 45 36 44 53 52 
267 | 9 1 10 19 11 3 75 65 73 64 63 71 70 61 69 59 50 51 43 53 45 55 47 37 27 35 25 33 32 23 13 21 29 30 31 40 49 48 57 67 77 5 15 16 17 7 79 
264 | 0 1 10 19 29 38 48 58 67 75 76 77 5 6 79 80 8 7 16 25 35 27 18 26 33 42 50 49 40 31 21 23 13 4 3 2 73 72 63 71 69 60 61 62 54 55 56 65 
262 | 0 9 17 26 25 34 35 18 28 38 39 40 31 32 41 50 49 57 66 56 65 73 72 1 11 20 21 12 14 15 7 79 78 6 5 4 76 77 68 69 61 52 53 62 71 63 54 46 
272 | 0 8 72 80 70 61 62 54 46 55 64 74 2 12 11 10 19 18 28 29 21 31 39 47 57 65 66 76 4 14 23 33 34 36 44 52 51 41 49 59 68 69 78 6 15 16 25 26 
264 | 0 1 10 11 20 21 30 31 32 23 13 4 76 67 57 56 65 64 73 72 80 7 16 8 79 70 69 60 59 50 49 48 38 46 45 37 28 27 35 44 36 53 52 43 42 34 24 15 
266 | 0 72 80 71 62 61 70 60 50 42 32 22 12 3 2 74 75 66 56 55 64 63 54 45 53 35 27 18 26 25 24 16 8 17 9 19 10 20 30 38 48 58 68 77 78 6 5 14 
272 | 1 10 9 17 16 7 6 78 14 13 12 21 20 29 28 27 35 43 34 33 24 23 31 41 40 39 49 59 68 67 66 57 56 47 46 37 45 53 52 51 60 70 79 71 63 64 73 74 2 
271 | 0 8 80 72 64 47 48 57 56 74 2 75 4 3 13 23 32 33 24 16 26 35 27 18 10 21 20 29 30 40 50 51 60 59 67 76 77 5 6 78 70 62 54 45 37 36 44 53 43 
266 | 8 16 15 14 5 4 76 77 68 69 70 80 72 0 10 11 18 26 34 35 27 28 37 46 45 36 44 52 53 62 54 64 65 66 75 3 12 22 31 32 42 41 50 58 49 40 39 38 
254 | 0 8 17 16 24 34 43 52 42 50 49 58 68 69 61 53 44 35 27 36 45 46 56 64 63 72 80 78 77 76 4 5 14 22 31 30 38 37 28 19 11 2 12 3 75 66 
267 | 0 17 8 7 6 15 5 4 13 22 21 30 29 28 36 45 46 38 39 40 41 42 34 35 44 52 60 51 50 59 58 67 76 77 68 69 70 80 63 72 73 74 65 75 3 12 11 20 10 
261 | 8 79 69 60 50 41 32 31 22 30 20 11 1 72 63 71 62 54 55 46 38 48 39 40 49 58 65 66 75 3 4 76 77 5 14 15 25 26 17 9 18 28 36 44 34 42 52 
267 | 8 7 16 6 78 68 66 56 64 73 74 2 12 20 30 22 14 24 34 44 36 46 54 62 52 60 70 79 80 72 0 1 10 26 18 28 38 39 48 58 49 40 31 32 41 50 42 
279 | 18 26 25 16 15 33 32 23 13 22 21 30 29 37 38 39 40 41 50 59 58 57 48 47 55 65 64 54 45 53 62 61 70 69 78 6 5 77 67 75 74 2 3 11 10 19 27 35 43 42 51 
274 | 72 63 71 61 53 45 55 56 47 37 38 29 21 22 12 2 1 10 9 19 27 35 43 42 51 59 58 68 76 4 6 78 70 79 8 17 25 33 24 15 14 23 31 49 57 66 65 74 
253 | 9 17 8 7 78 77 67 59 58 49 48 66 65 55 54 45 53 43 35 27 37 38 39 29 19 18 26 25 15 14 13 22 21 31 32 41 42 51 61 62 71 63 72 73 2 3 
259 | 0 73 72 80 8 7 78 6 15 24 23 31 40 39 49 59 69 68 77 4 76 57 56 65 74 2 3 12 11 21 29 38 37 28 27 18 26 35 43 42 41 51 52 53 62 54 45 
276 | 1 11 12 22 23 14 5 4 76 75 66 57 47 48 49 58 68 69 61 45 53 54 55 64 72 63 71 79 8 17 16 25 26 9 19 27 35 43 51 50 41 32 33 40 31 30 39 29 37 
263 | 9 1 73 74 2 66 57 48 47 55 63 71 61 51 50 59 68 67 58 49 40 31 32 33 25 17 7 79 78 6 14 23 22 13 12 21 30 29 37 36 45 53 44 43 35 27 19 
263 | 1 73 65 55 63 71 45 53 43 42 33 23 31 22 13 21 29 30 39 49 50 59 77 5 15 25 35 27 37 38 47 57 58 67 75 3 11 19 9 17 7 79 69 61 51 41 
267 | 8 0 9 18 26 17 7 79 80 71 54 62 63 72 73 1 11 20 28 37 46 38 39 49 58 67 66 56 65 75 3 12 13 22 31 41 42 34 43 52 69 60 68 77 5 14 15 24 
271 | 0 8 7 15 14 5 78 77 67 59 69 61 79 71 63 55 65 75 74 73 1 11 3 12 13 21 31 23 33 25 17 9 19 29 39 49 40 41 51 43 44 35 27 36 37 47 57 
267 | 1 10 11 21 29 37 47 55 45 53 62 69 70 79 7 17 0 8 80 72 63 73 65 75 3 4 13 5 77 76 67 57 48 39 40 59 51 41 32 33 23 15 25 43 35 18 27 
255 | 0 9 26 18 27 35 34 33 32 24 15 77 5 13 3 2 1 11 20 21 22 31 30 40 49 48 47 56 65 75 67 58 59 50 60 69 78 79 80 71 62 53 44 36 46 45 54 
264 | 10 1 2 12 20 21 31 40 49 41 33 42 51 60 59 68 76 4 14 23 24 16 6 78 7 79 70 62 54 64 73 74 66 57 56 47 39 29 38 37 27 18 26 35 43 53 45 
266 | 1 73 65 74 2 11 3 75 67 57 59 69 78 77 5 6 7 79 15 23 31 13 21 29 19 9 18 26 17 25 33 41 49 39 47 55 54 62 71 63 61 51 43 44 36 37 
275 | 0 8 7 16 25 24 33 23 14 5 77 6 78 68 59 51 60 61 70 79 80 72 73 64 74 75 66 57 49 41 31 39 47 56 55 45 53 43 35 27 37 29 20 19 10 1 2 3 12 21 
268 | 1 10 11 12 3 2 75 66 65 74 73 64 54 62 53 52 51 42 33 41 40 39 38 29 28 27 18 26 35 34 44 36 45 46 47 58 68 77 78 69 70 79 7 16 15 6 5 14 22 
283 | 8 0 80 72 64 56 57 48 39 38 37 29 20 10 2 74 65 66 76 4 12 21 31 22 23 14 6 78 69 70 60 59 68 49 50 41 42 33 24 16 17 9 18 27 26 35 43 45 53 62 54 
281 | 0 8 16 24 33 41 40 50 51 43 32 23 22 21 30 20 28 19 10 9 18 26 35 36 44 53 62 54 55 46 56 48 57 58 59 60 70 80 72 63 64 2 3 74 75 76 4 5 6 78 77 
275 | 8 7 79 70 71 63 64 73 1 0 9 17 26 25 35 27 18 19 29 39 49 48 47 46 55 56 57 66 75 76 77 68 60 61 52 51 59 50 41 40 31 22 21 12 11 3 4 5 14 15 23 33 
272 | 1 2 12 20 29 30 39 48 58 50 51 70 61 60 68 78 77 6 7 8 80 72 0 26 18 27 35 43 52 53 45 37 46 47 56 55 64 74 75 66 76 4 14 22 41 33 24 32 
267 | 0 9 8 7 16 17 26 18 10 1 2 3 13 4 75 74 73 64 54 63 71 70 78 77 5 6 79 62 53 45 47 38 29 30 21 22 23 32 31 40 49 48 57 58 59 50 51 42 33 
282 | 9 17 16 24 14 13 22 30 29 19 27 35 26 34 43 44 53 54 71 79 7 8 72 63 64 73 1 11 12 3 66 56 46 45 36 37 38 48 49 40 31 32 42 51 50 58 67 77 68 69 61 
275 | 1 73 74 65 55 46 36 44 53 45 54 62 63 71 52 61 69 78 79 7 6 15 24 23 13 5 77 67 75 3 2 11 20 21 31 40 39 38 29 28 18 26 34 33 42 41 50 59 58 57 48 
283 | 0 1 73 74 75 66 67 68 77 5 6 78 79 7 8 16 25 26 17 9 10 2 3 12 13 14 22 31 41 40 49 39 29 20 19 18 27 35 37 38 47 56 55 63 71 61 60 51 42 43 33 24 
271 | 10 2 74 64 65 56 46 45 54 62 70 69 60 50 58 48 38 28 36 27 18 26 35 34 24 16 6 78 77 5 76 75 3 4 13 14 22 12 20 30 39 40 32 41 42 52 44 53 
271 | 0 8 17 9 1 73 65 74 75 3 4 13 23 22 21 31 40 49 58 67 76 5 77 78 69 79 7 25 34 42 50 51 52 62 71 63 54 45 53 44 35 27 36 19 28 38 48 47 46 
277 | 72 0 1 2 74 64 55 63 54 62 61 70 71 80 8 7 6 78 77 68 59 49 58 57 66 75 4 14 24 25 16 17 26 18 9 10 19 20 12 22 31 30 39 38 37 36 44 43 42 41 32 
286 | 0 9 17 25 34 43 52 51 61 71 63 55 46 37 36 44 35 27 28 19 11 20 29 38 47 39 30 21 13 4 76 68 69 78 7 8 80 72 1 74 65 66 67 58 49 41 42 33 32 23 24 15 
300 | 10 1 73 0 8 18 26 35 34 42 50 58 67 76 75 65 56 46 55 54 45 53 44 36 27 28 38 48 40 31 22 23 13 21 11 2 3 4 77 5 6 15 16 7 79 80 72 63 71 62 52 61 60 69 
280 | 9 17 18 19 28 29 39 31 41 49 58 67 59 51 52 62 54 63 71 7 79 69 77 5 6 15 23 22 21 13 75 3 11 2 1 73 65 57 47 46 36 37 27 35 26 25 34 33 43 44 
266 | 9 17 15 5 77 78 6 7 79 69 59 50 51 61 62 71 63 54 55 65 74 73 1 2 11 3 75 67 57 48 47 37 45 53 43 33 32 23 13 21 30 29 19 18 27 35 26 25 
274 | 17 9 18 26 34 24 15 6 7 79 70 69 78 77 5 76 3 75 66 74 65 64 73 1 2 11 20 28 36 45 44 53 62 54 56 47 48 39 30 13 22 31 32 41 50 51 60 68 58 49 
253 | 8 7 16 80 71 63 72 0 1 10 18 26 24 14 5 6 78 69 61 52 42 33 34 44 36 28 20 29 38 46 55 65 74 2 3 12 13 22 31 40 49 50 59 67 57 48 
281 | 0 9 17 8 80 71 72 63 62 61 60 51 52 53 44 35 34 43 33 41 49 58 67 68 77 5 14 24 25 26 18 27 28 19 20 29 37 36 45 54 55 46 56 47 39 31 22 13 12 3 75 66 
270 | 1 10 18 27 35 26 16 7 79 70 69 60 51 50 58 68 77 76 4 5 14 15 24 43 42 33 32 40 48 47 38 37 45 53 62 54 73 64 65 56 66 75 3 12 11 20 29 30 22 
258 | 0 8 80 72 65 74 75 3 2 11 20 19 27 35 25 24 15 6 5 77 78 69 60 61 62 53 44 36 45 54 55 56 47 38 29 30 39 48 57 58 59 51 50 41 42 33 32 22 
290 | 1 73 72 63 71 80 79 7 8 0 9 17 25 33 32 41 50 49 58 59 51 42 43 44 35 27 19 11 3 75 65 55 47 57 48 39 30 21 31 22 23 15 5 77 69 61 53 45 36 37 38 29 
261 | 1 0 11 2 74 65 66 67 76 3 4 5 6 15 25 26 18 19 29 38 47 46 54 63 72 80 8 7 78 69 68 58 49 40 31 21 22 13 23 33 42 51 52 53 45 62 71 
286 | 9 17 26 18 19 28 36 44 53 45 46 55 54 62 63 71 61 52 34 25 15 6 7 79 78 69 68 59 58 57 66 65 74 73 1 2 11 12 21 30 38 39 48 40 50 41 42 32 22 23 14 4 76 
288 | 0 9 18 27 35 26 17 16 24 14 5 6 7 8 80 72 64 47 38 46 54 62 70 69 78 68 59 60 51 52 42 33 32 23 22 21 20 29 30 40 49 58 57 66 56 65 74 1 10 2 12 3 76 
283 | 0 17 8 7 15 25 24 23 13 12 2 75 65 56 57 67 76 4 5 78 68 59 60 50 49 40 31 30 21 20 10 19 28 38 46 37 27 35 34 53 45 55 63 73 72 80 70 61 52 43 42 
290 | 9 10 11 20 30 39 48 49 50 59 58 68 69 70 78 77 5 6 15 14 23 22 31 32 33 43 51 61 62 53 45 46 38 28 37 27 44 35 26 25 16 8 80 63 64 65 56 66 75 76 4 3 12 
275 | 0 9 17 8 80 72 63 55 56 57 47 39 40 31 41 49 59 69 60 51 43 35 25 33 23 24 15 7 79 71 61 53 45 37 27 19 29 20 21 11 1 73 65 75 3 4 5 77 76 
289 | 0 72 64 73 1 10 20 21 11 2 75 74 65 56 57 49 41 42 33 34 26 17 16 8 80 71 62 70 78 6 5 14 24 23 31 39 38 37 28 27 46 45 44 52 51 60 59 68 77 76 4 3 
287 | 1 9 18 26 17 7 78 70 68 58 57 48 49 59 50 51 60 61 62 54 55 64 74 75 66 56 47 38 28 19 29 30 21 20 12 4 3 76 77 5 14 23 22 31 32 42 33 24 25 34 44 36 
282 | 0 9 17 8 7 79 78 69 68 59 58 57 66 75 3 13 4 77 5 6 15 24 34 42 50 41 32 23 31 30 21 20 11 2 1 73 74 65 48 39 38 46 28 27 36 35 44 52 62 71 63 54 
285 | 0 1 73 74 75 76 4 5 77 78 79 7 6 16 17 26 25 33 32 31 40 49 50 51 43 44 35 27 28 20 11 2 3 12 13 22 30 39 38 48 58 67 66 65 56 46 45 53 62 61 70 71 72 
291 | 0 9 17 8 7 79 71 80 72 63 55 56 65 74 73 1 2 11 20 19 18 26 25 35 27 37 38 48 57 58 59 69 61 62 54 45 53 43 42 32 41 50 40 39 30 21 22 23 15 6 78 4 76 
286 | 1 2 73 74 75 66 67 58 68 77 76 4 3 12 13 22 14 5 6 78 79 7 17 9 19 20 29 30 39 40 48 47 56 55 63 71 61 60 51 50 41 32 33 24 25 35 27 36 37 45 53 44 43 
299 | 9 18 19 11 12 2 1 73 72 80 79 7 6 14 15 25 17 26 35 34 42 52 44 36 27 28 38 30 21 22 23 32 31 40 50 59 49 48 57 56 55 46 54 62 61 60 69 77 4 76 67 75 65 
292 | 0 72 80 8 16 24 23 32 33 43 51 60 59 50 41 49 57 48 39 40 31 30 21 29 20 10 2 74 75 3 13 5 4 76 67 77 6 78 70 62 54 45 53 44 36 27 35 26 18 37 47 56 64 
288 | 0 1 10 11 20 29 30 21 12 4 13 14 23 24 15 33 32 41 40 39 49 58 57 66 65 74 73 72 63 54 62 71 80 8 9 17 16 7 79 78 69 68 59 51 52 53 45 44 35 27 36 46 47 
275 | 9 2 74 3 4 76 75 66 57 47 38 29 39 40 31 21 12 22 23 14 15 6 5 77 78 69 68 59 58 49 41 42 51 52 43 33 34 35 26 18 27 28 37 46 45 36 44 53 62 54 63 
296 | 1 72 80 70 61 60 59 68 49 40 21 30 20 11 2 74 75 4 13 23 15 6 7 17 26 18 9 19 28 27 36 44 35 34 25 24 32 42 51 52 62 54 64 55 56 47 46 38 57 66 76 77 78 
291 | 0 8 16 25 33 41 51 59 49 40 39 30 31 32 23 24 15 5 13 4 3 75 76 77 67 57 65 56 55 46 47 37 29 20 21 11 10 19 35 27 36 44 45 53 43 52 61 60 69 79 80 72 73 
299 | 72 0 11 10 19 20 12 21 29 30 22 31 32 42 41 50 49 40 39 47 48 57 58 66 56 55 64 65 76 4 5 6 14 15 24 16 25 26 34 35 27 37 45 36 53 52 62 61 70 69 60 68 77 78 
273 | 0 1 73 72 80 8 7 79 15 14 4 76 68 59 60 69 61 51 50 41 40 31 30 39 48 49 58 57 66 65 56 55 46 47 37 28 29 19 20 11 12 21 22 23 32 33 24 25 34 43 52 
275 | 72 73 64 63 54 62 70 80 71 79 7 8 0 9 10 1 2 3 12 21 20 19 28 37 38 39 48 57 66 75 76 67 68 77 6 5 4 13 14 23 24 16 17 25 34 43 42 41 40 50 59 
292 | 0 8 80 72 73 74 64 63 71 70 79 78 68 59 49 41 40 39 30 20 11 10 18 28 27 36 44 35 34 24 26 16 15 5 76 3 4 13 22 31 32 42 51 60 52 62 54 46 38 47 56 57 66 
290 | 72 73 74 3 13 4 5 15 16 24 23 31 32 42 34 26 35 44 36 46 47 56 64 63 54 62 70 71 80 79 78 68 67 66 58 57 48 38 28 27 18 10 11 21 20 30 40 50 59 60 51 52 
297 | 72 80 7 6 68 76 66 58 59 60 51 50 49 40 41 33 24 25 26 17 9 18 27 36 45 53 52 43 44 35 19 20 29 37 46 47 56 57 48 39 31 22 12 13 14 5 4 3 2 1 64 54 62 70 
284 | 0 72 80 71 70 62 52 43 42 41 51 50 59 58 57 67 76 4 12 11 2 74 73 64 63 54 46 47 48 39 38 37 28 18 26 34 35 27 10 20 21 22 31 23 14 15 24 16 6 78 79 8 
292 | 0 8 9 17 7 79 80 71 63 72 73 1 11 21 20 29 19 27 35 43 44 53 45 36 37 47 56 55 65 57 67 76 75 3 4 13 23 33 24 25 15 5 77 69 61 51 60 59 49 41 31 40 39 
293 | 72 80 69 59 49 58 57 67 3 4 5 77 78 6 15 16 25 26 18 19 10 11 2 74 75 65 55 54 62 61 52 51 43 42 41 31 32 33 23 13 22 21 30 39 29 38 47 46 37 36 45 53 44 
297 | 8 80 72 0 9 17 7 15 5 77 78 70 62 53 45 36 44 52 42 33 34 25 24 23 32 31 40 49 50 60 68 58 48 46 54 64 56 66 74 1 3 75 76 4 13 21 30 29 38 28 19 20 11 
282 | 0 72 80 8 16 15 24 25 34 35 44 27 28 37 36 45 55 64 65 66 75 3 4 76 77 5 13 22 32 31 40 41 50 51 42 43 53 61 70 69 68 59 58 57 48 47 38 39 30 20 19 10 11 
280 | 0 18 26 43 42 33 32 40 49 58 68 59 60 61 52 53 45 54 63 62 71 79 7 8 80 72 73 1 2 11 20 21 31 30 29 38 37 46 55 56 57 66 75 76 77 6 15 24 23 13 4 
298 | 8 80 79 70 78 6 7 16 26 18 9 0 72 63 54 62 52 42 34 44 36 28 19 20 10 2 74 75 3 12 4 76 68 59 60 50 58 66 56 64 55 46 38 30 22 14 23 24 32 31 40 49 48 
295 | 0 8 79 70 69 60 50 59 68 76 66 57 58 49 48 56 65 73 64 63 71 62 54 45 46 38 37 36 27 35 44 53 52 43 42 32 31 22 30 20 19 10 11 2 12 3 4 5 14 6 15 24 25 16 
281 | 0 8 7 16 25 24 15 5 14 22 32 31 30 39 47 38 37 36 45 53 44 43 51 42 41 49 58 59 60 69 70 71 63 64 56 57 66 65 74 73 1 10 19 20 11 12 3 4 76 68 78 79 
292 | 7 6 15 23 22 21 12 13 14 5 77 67 68 69 59 58 49 57 66 65 75 3 11 19 18 26 25 34 35 27 28 37 38 39 40 31 41 42 43 52 53 45 46 55 54 63 62 61 71 80 72 1 2 
260 | 19 10 11 20 21 29 37 27 35 44 36 45 53 43 42 51 41 33 24 25 16 15 5 77 76 67 75 3 4 13 23 22 31 39 38 47 56 55 64 65 57 58 49 59 60 69 61 70 
269 | 1 0 72 80 71 63 64 73 74 2 12 13 14 23 24 32 50 60 51 52 43 34 26 18 28 20 10 9 17 16 8 7 78 6 79 70 62 54 46 37 29 30 48 56 57 66 67 68 
267 | 1 73 74 2 11 12 21 30 29 28 19 18 9 17 26 25 34 33 23 14 15 7 79 69 61 62 71 63 54 55 46 36 44 52 51 50 59 68 78 6 5 4 76 75 65 66 57 47 40 
266 | 1 2 73 74 75 3 12 11 20 29 28 19 18 26 25 15 24 34 42 33 32 40 30 38 48 47 46 55 56 65 66 58 50 51 52 54 62 61 60 69 68 77 78 79 7 6 5 14 22 
267 | 0 9 17 25 34 33 42 41 49 58 68 69 60 61 52 53 44 36 27 28 19 20 12 11 1 73 74 75 66 65 57 55 46 47 38 39 31 22 23 14 5 6 15 7 79 80 71 63 
273 | 0 1 73 72 71 80 63 56 65 75 3 4 76 67 58 57 48 47 37 27 35 43 33 24 15 5 77 69 79 7 8 17 9 19 11 20 29 30 13 22 23 32 40 50 51 60 61 53 45 
274 | 73 64 65 75 3 2 1 10 11 19 9 26 27 35 43 51 41 33 24 15 16 7 69 70 61 53 45 54 71 79 78 77 5 4 76 67 59 49 57 56 47 39 31 23 13 21 29 37 
273 | 0 73 65 74 75 77 5 15 6 7 17 25 34 26 18 9 10 19 28 29 20 21 31 40 39 48 57 49 41 32 23 13 3 4 76 67 59 60 51 52 61 70 62 63 80 71 54 55 46 
268 | 1 0 9 17 18 19 28 29 37 45 54 55 47 48 57 66 75 74 2 11 21 22 13 4 76 67 58 59 69 79 80 78 6 5 14 23 32 33 25 26 35 43 51 52 61 62 71 63 
289 | 80 8 7 16 17 26 18 27 28 44 34 33 42 51 50 58 67 66 75 2 3 12 20 11 10 1 73 74 65 64 54 45 46 56 38 39 31 22 13 5 77 79 70 71 62 52 60 59 49 41 32 24 23 
295 | 8 7 15 25 34 35 26 18 27 28 29 39 31 21 22 13 23 33 41 49 58 59 67 57 47 46 55 54 45 36 44 53 62 52 51 61 69 77 5 6 78 79 80 72 0 1 73 65 74 75 3 2 11 19 
296 | 0 8 7 17 26 27 19 10 11 2 3 74 75 67 58 57 65 64 55 47 39 29 37 36 44 43 34 33 23 15 6 5 14 13 21 22 31 41 42 51 52 45 62 71 72 80 79 78 69 77 68 59 49 
304 | 0 72 80 8 17 16 24 32 33 41 40 39 48 47 56 66 58 50 51 52 62 71 70 60 68 78 6 77 76 4 5 14 22 30 29 37 28 20 12 3 75 74 2 10 9 18 26 34 43 44 36 46 54 63 64 
289 | 1 11 10 9 19 27 35 18 26 17 25 15 16 7 8 0 72 80 70 69 61 62 53 45 54 55 64 65 75 77 67 58 59 50 51 43 42 33 32 23 22 4 13 21 30 29 37 38 47 57 48 40 
272 | 9 0 72 63 55 47 46 54 53 62 61 70 60 51 41 42 33 24 25 35 26 18 19 28 29 38 39 40 31 30 21 12 3 2 74 75 66 57 48 49 68 69 78 6 5 77 76 4 14 15 16 
278 | 0 9 17 8 80 71 72 63 55 46 45 53 52 61 60 69 76 4 13 22 31 32 42 41 40 49 50 58 67 77 5 15 24 25 34 35 44 36 27 28 19 20 11 3 75 65 56 48 39 30 38 
287 | 0 8 7 79 80 72 73 1 10 11 2 74 3 75 66 67 58 50 41 32 31 30 21 20 39 48 38 28 36 44 53 62 54 55 45 61 68 77 78 6 5 13 23 24 16 15 26 18 27 35 34 42 
290 | 0 1 73 9 17 8 7 79 80 72 63 71 61 52 43 44 36 37 28 29 19 11 12 21 22 14 15 25 34 33 23 31 41 51 68 69 77 5 4 76 3 75 66 65 55 46 47 39 40 49 59 58 57 
288 | 0 8 80 70 79 78 5 6 15 24 23 13 3 2 11 20 19 29 21 30 39 40 49 41 32 33 25 35 27 36 44 43 52 51 60 59 68 67 76 66 57 56 47 46 37 54 62 71 72 63 64 73 74 
293 | 0 9 18 17 7 8 80 79 15 24 25 34 44 36 28 19 29 21 12 11 1 73 72 63 71 54 55 46 47 38 39 40 31 32 33 23 13 4 5 76 77 67 66 65 57 49 50 59 60 69 61 52 51 
292 | 0 9 26 35 36 34 42 41 50 49 57 66 67 59 69 60 52 53 62 70 78 6 77 5 13 21 20 19 28 29 38 39 31 32 23 24 15 16 8 80 72 63 55 46 47 56 65 73 1 11 12 3 75 
283 | 0 9 18 27 26 17 16 7 8 80 72 1 10 20 21 31 40 42 51 50 59 78 77 67 58 57 48 47 38 29 28 36 45 55 64 63 71 70 61 53 44 35 34 33 24 14 23 22 12 4 75 74 
277 | 9 18 27 28 38 48 49 50 59 58 57 67 76 4 13 22 21 30 31 32 23 15 6 78 69 70 79 7 16 17 26 35 34 43 42 52 53 37 46 45 54 62 71 63 64 65 74 2 73 1 10 11 
291 | 0 9 17 25 16 15 24 33 32 23 31 40 49 48 47 57 67 76 75 3 2 11 19 18 35 44 43 52 61 51 50 59 69 78 77 5 4 13 21 30 29 28 37 36 45 55 56 65 64 63 80 71 62 
281 | 9 0 72 64 55 46 47 48 57 56 65 74 2 11 10 20 21 30 38 29 19 28 36 35 26 17 16 7 79 78 6 15 24 23 32 33 42 43 53 62 63 71 70 69 60 51 50 59 67 76 4 13 
283 | 0 72 63 54 55 65 74 2 11 21 29 30 39 31 22 13 4 76 67 58 59 68 77 5 14 23 32 33 42 51 50 49 57 48 47 37 36 44 25 34 43 52 61 71 80 8 9 19 18 17 7 79 
289 | 8 72 71 79 6 15 24 32 23 14 5 78 77 69 59 51 42 43 44 53 52 61 62 54 46 45 36 28 37 38 29 19 27 35 34 26 18 9 1 11 2 3 75 66 74 65 56 57 48 49 40 31 21 
301 | 0 9 18 26 35 27 19 11 12 21 30 29 38 47 37 45 53 62 54 55 63 71 61 51 50 59 69 68 77 76 4 5 14 15 23 32 40 48 57 66 65 75 3 1 73 72 80 79 7 8 17 25 43 42 33 
285 | 0 9 18 19 27 35 25 26 17 8 80 79 6 78 69 68 67 59 51 42 41 33 32 23 14 13 4 12 22 21 29 30 39 38 47 55 46 45 53 52 61 71 63 72 73 2 74 65 57 58 66 76 
277 | 9 10 19 18 26 17 16 25 44 36 54 55 64 63 71 62 61 70 78 77 68 59 58 67 76 4 5 6 14 13 22 23 33 41 42 51 49 39 31 21 12 3 2 74 75 66 57 47 38 29 
291 | 9 10 2 74 75 66 67 76 77 78 5 14 6 16 17 26 18 19 28 20 12 3 4 13 22 32 40 30 39 38 48 58 68 60 50 41 42 52 61 70 71 62 54 63 64 56 55 46 36 44 34 25 24 
287 | 9 10 1 73 74 65 66 57 58 68 77 76 4 3 12 20 39 38 29 28 19 18 17 26 25 34 35 44 36 45 46 55 54 63 71 62 61 52 51 60 70 79 7 6 15 14 23 22 31 40 49 41 42 
291 | 0 72 80 8 7 79 69 60 59 50 58 67 66 75 74 2 3 4 76 77 5 12 13 22 23 24 15 25 17 9 18 19 28 29 30 38 48 47 46 55 54 63 71 61 53 44 36 35 43 42 32 40 
298 | 9 17 25 33 23 24 15 5 77 67 59 60 69 78 79 7 6 13 4 76 3 75 65 74 73 1 2 11 20 21 31 39 29 19 27 35 43 51 61 71 63 55 45 53 44 36 37 47 56 57 49 40 41 
291 | 0 72 63 64 65 75 3 4 13 5 77 76 67 57 56 47 37 36 27 35 26 18 9 10 11 20 21 29 45 54 53 44 43 33 24 23 15 16 17 8 80 71 62 70 69 60 51 41 31 39 40 49 59 
295 | 8 0 72 80 70 61 60 68 67 58 66 56 55 64 74 2 3 12 22 31 20 10 19 18 26 25 16 6 78 5 77 76 75 4 13 14 24 34 42 41 49 39 38 28 27 35 44 36 45 46 54 62 53 52 
296 | 0 72 80 8 7 16 6 78 79 70 60 59 68 67 66 57 56 47 39 49 40 31 41 51 52 43 44 53 45 46 37 36 27 18 26 35 34 33 24 23 14 13 12 21 20 29 28 10 1 2 74 73 64 54 62 
288 | 9 18 19 20 28 39 48 49 40 30 31 32 41 50 52 61 60 68 69 78 5 14 24 15 6 77 76 4 3 12 11 2 75 74 66 65 56 55 46 45 54 63 71 62 53 44 36 27 35 34 25 26 17 
288 | 0 72 1 10 19 27 35 43 61 53 45 37 29 39 38 47 55 64 65 73 74 75 3 2 11 21 31 22 13 23 15 16 25 33 41 42 51 59 49 58 57 67 77 78 69 70 79 80 8 7 6 5 
283 | 1 2 74 73 63 71 79 7 15 6 5 77 78 69 68 58 49 40 41 42 52 60 61 62 53 45 54 55 46 28 29 38 39 30 21 13 22 23 32 33 34 25 26 35 27 18 19 11 3 75 66 65 56 
291 | 0 72 73 1 11 12 21 20 29 39 31 40 41 49 56 55 46 47 57 66 65 63 54 62 71 80 8 79 7 15 14 23 24 33 34 25 26 17 9 18 19 28 36 44 52 61 69 60 51 59 68 76 4 
296 | 0 72 80 79 70 8 7 16 26 18 44 36 37 28 29 38 39 47 46 54 64 73 1 10 11 2 74 65 66 57 49 58 67 68 59 69 78 6 15 14 13 12 21 31 41 22 23 33 34 43 42 51 52 62 
293 | 9 17 7 16 25 24 33 41 40 49 39 29 37 27 35 45 53 43 51 60 59 67 68 77 5 6 78 79 70 61 71 63 64 55 47 56 57 66 75 3 2 74 73 1 10 19 20 21 12 13 14 23 31 
301 | 8 72 1 2 11 10 9 19 28 29 30 21 12 13 4 14 24 23 32 33 34 35 44 36 27 26 16 6 79 78 69 68 76 67 59 50 51 41 40 39 48 57 66 74 64 56 47 46 45 54 53 52 61 70 71 
289 | 0 72 80 8 16 24 15 14 5 77 68 69 60 70 62 54 45 36 44 53 52 43 34 42 32 41 50 58 56 64 65 66 75 76 4 3 12 20 11 10 18 26 35 27 28 37 46 38 48 39 40 30 22 
301 | 0 72 64 63 54 62 71 80 70 60 50 49 48 39 38 30 31 32 41 42 43 44 36 46 37 28 20 12 3 2 74 56 66 75 76 67 68 77 78 8 17 9 10 18 26 16 6 5 4 13 14 24 34 52 
298 | 8 7 79 80 63 71 61 53 45 55 56 57 65 3 75 67 76 77 5 4 13 21 30 29 37 47 48 39 49 50 59 69 60 51 43 35 27 19 20 11 1 73 72 0 9 17 25 15 24 33 41 32 31 23 
288 | 9 18 26 17 16 7 79 70 71 63 64 73 1 10 20 29 39 49 40 41 31 21 12 13 14 23 24 33 34 43 44 35 36 27 28 37 46 45 54 62 53 52 51 60 59 68 67 76 4 66 57 47 56 
290 | 0 80 71 62 61 70 69 78 79 17 7 16 15 6 77 76 4 3 13 22 23 25 34 42 43 44 36 37 38 46 55 63 64 65 74 73 1 2 11 10 9 18 19 29 30 39 40 41 51 50 58 67 57 
302 | 73 74 2 1 10 20 21 12 4 76 66 67 68 59 50 42 24 32 23 14 13 22 31 30 40 49 48 58 57 56 64 54 62 60 70 79 78 6 7 16 26 18 27 36 44 35 34 43 52 53 45 46 37 28 38 
295 | 1 73 64 63 54 62 71 70 79 7 16 15 5 14 23 24 33 32 41 40 31 39 47 48 49 57 56 65 66 75 3 4 76 77 69 68 59 51 52 43 34 44 36 46 37 28 29 21 12 11 10 9 17 26 18 
291 | 9 18 35 44 43 52 51 41 50 49 58 67 68 77 5 14 15 6 7 79 78 69 71 62 53 45 54 55 65 66 75 3 74 73 1 2 11 12 13 22 31 32 33 25 26 27 36 37 28 29 30 39 48 47 
299 | 0 1 10 17 16 25 34 35 18 27 28 36 45 53 62 52 44 43 42 40 49 50 60 59 68 67 76 77 6 15 14 23 32 31 30 21 20 12 13 4 3 74 65 66 57 48 38 37 46 55 64 63 70 79 80 
300 | 9 10 1 72 64 73 74 65 66 75 76 77 68 69 70 71 79 7 8 16 25 26 35 27 37 29 20 21 11 12 3 4 5 6 15 14 23 22 31 41 33 43 51 60 59 58 57 49 39 47 55 54 45 53 
297 | 10 19 20 29 28 27 18 26 35 34 24 15 16 6 78 77 5 14 23 22 13 32 40 41 42 51 50 60 68 76 4 12 3 2 74 75 66 67 58 57 64 65 56 48 39 30 38 46 45 54 53 52 62 61 70 
269 | 9 18 26 17 8 0 72 80 79 70 61 62 71 63 54 46 47 56 57 65 66 75 74 1 10 19 28 29 39 40 41 51 52 59 68 77 76 3 4 12 21 23 14 5 6 15 24 33 34 
292 | 0 1 73 64 55 56 65 66 75 4 3 12 11 20 29 30 38 47 48 40 50 51 42 32 33 24 25 15 14 5 77 76 68 60 61 69 70 71 63 72 8 80 79 7 16 17 9 10 19 27 35 44 53 45 36 
292 | 0 72 73 1 9 17 8 7 16 25 15 14 5 77 69 68 67 58 66 75 65 64 63 71 80 79 70 61 42 33 32 40 50 51 52 53 45 55 47 48 38 30 22 13 3 12 11 10 19 28 29 27 35 
289 | 9 17 7 79 71 63 64 73 1 10 19 27 35 25 16 15 14 5 77 68 67 66 57 58 59 69 70 61 51 50 40 30 29 38 37 45 53 43 42 33 32 23 13 22 21 12 11 3 75 65 55 47 48 
292 | 9 17 7 79 8 0 1 73 72 80 63 71 61 53 45 36 37 46 55 56 65 66 67 76 77 68 69 60 52 43 44 34 35 27 28 19 20 11 12 3 4 13 14 15 24 25 32 41 50 49 48 39 30 31 
302 | 1 73 9 17 26 25 24 33 32 31 30 29 39 48 49 40 41 50 59 69 79 7 15 23 13 22 21 20 11 19 27 35 43 42 51 60 61 71 63 54 53 45 37 38 47 55 56 65 57 58 67 75 3 77 5 
295 | 1 73 74 75 3 2 11 10 19 20 21 29 37 47 57 56 65 64 55 54 45 53 62 61 43 44 36 27 18 26 35 25 16 7 79 70 69 78 77 67 59 60 51 41 33 24 15 6 5 13 23 31 40 39 49 
295 | 17 9 18 19 28 29 38 47 46 55 54 62 61 52 51 59 50 49 48 39 57 65 66 67 68 69 78 79 70 71 63 64 73 1 2 10 11 12 21 30 31 32 41 42 33 34 26 25 7 16 15 14 23 13 
286 | 72 80 71 63 54 55 64 74 65 56 46 45 53 52 43 35 34 25 16 24 15 6 78 79 69 60 50 42 32 22 13 4 76 67 58 49 40 31 30 48 38 37 28 27 26 17 8 9 0 1 2 11 20 
270 | 1 73 64 63 71 79 7 16 17 26 9 18 19 27 35 43 34 33 32 40 48 47 66 67 75 74 2 3 11 12 21 29 37 46 45 53 54 62 61 51 59 69 78 68 77 6 5 14 13 
291 | 72 80 79 78 6 7 8 0 9 18 26 25 17 16 24 23 32 31 22 13 12 21 20 29 38 37 46 47 39 40 41 33 34 43 42 51 60 59 68 67 58 49 48 57 56 55 54 62 71 63 64 73 1 2 74 
288 | 0 9 10 19 28 38 47 46 36 44 52 61 60 70 71 80 8 7 78 77 68 76 4 12 3 2 73 72 64 55 54 65 66 57 48 58 49 50 40 31 30 20 22 32 23 14 15 16 25 26 34 33 42 
286 | 0 8 7 6 15 24 33 23 14 22 31 40 49 58 59 50 51 60 61 70 78 77 76 4 3 2 73 72 80 71 62 54 45 53 43 35 26 27 18 9 10 19 20 21 30 29 37 47 56 57 66 65 74 
299 | 1 73 64 63 71 70 79 7 16 17 9 10 19 11 20 28 37 27 35 43 34 25 24 15 14 5 77 68 69 60 61 52 53 45 46 55 65 56 48 58 67 66 75 3 12 13 22 30 38 39 40 41 50 42 32 
282 | 1 73 72 0 8 80 79 7 6 78 69 61 62 71 63 54 55 65 74 2 11 19 18 9 17 26 25 15 23 22 13 4 76 67 57 48 58 49 50 41 32 33 42 43 44 36 37 38 47 39 30 31 
304 | 9 17 26 27 36 28 37 38 30 29 20 21 22 13 75 3 2 74 65 56 57 48 40 32 23 24 15 6 5 77 67 58 59 50 60 51 42 43 52 53 44 54 71 63 72 80 79 69 78 7 8 0 73 1 11 
285 | 9 17 8 7 6 78 79 71 80 0 1 2 74 73 72 63 55 46 45 54 62 53 52 61 60 51 42 34 25 26 35 44 36 27 18 19 28 20 29 38 48 57 66 67 76 4 13 14 23 32 31 40 49 
266 | 0 72 73 74 65 57 49 40 31 39 47 56 55 54 63 71 70 79 80 8 7 6 78 77 68 59 51 41 33 23 15 24 25 26 17 9 10 1 2 76 4 3 12 21 29 27 36 44 53 
290 | 0 72 73 74 2 1 9 26 25 17 8 80 71 63 54 55 56 57 66 76 4 14 23 24 34 42 33 32 31 30 21 12 20 29 28 38 47 46 36 44 52 51 60 79 7 6 78 68 59 50 49 48 40 
289 | 0 1 74 2 73 72 80 79 78 6 7 8 17 9 18 26 34 35 27 28 29 38 48 49 40 31 32 33 24 14 13 22 21 12 4 76 68 59 58 67 66 56 47 46 45 54 63 71 62 53 52 42 51 
278 | 9 10 19 18 26 35 27 36 44 45 53 62 63 64 55 54 70 79 7 6 16 24 15 14 23 31 21 38 39 40 41 42 49 57 66 67 68 76 75 74 2 3 12 13 4 5 77 78 69 60 59 
281 | 9 17 18 27 35 26 25 16 6 5 77 78 70 71 62 54 63 64 55 45 53 61 51 59 67 75 3 2 74 10 19 29 38 39 40 49 48 47 57 58 50 41 42 33 32 23 31 30 21 22 13 
282 | 0 1 2 11 12 13 22 31 30 32 50 51 59 68 76 77 69 70 71 61 62 54 55 64 63 72 80 8 7 6 15 14 4 75 66 65 57 48 47 37 36 27 35 44 43 34 25 17 9 19 28 
276 | 8 80 79 7 15 23 22 21 4 5 77 76 75 3 65 57 58 59 50 41 32 33 42 51 52 61 69 62 71 63 54 55 46 47 38 29 28 19 11 1 73 72 0 9 18 26 17 25 34 44 36 
279 | 0 1 2 74 73 72 8 17 26 25 33 34 44 45 46 55 56 66 76 4 12 21 20 29 19 28 27 37 47 57 58 49 59 68 78 6 7 79 80 71 62 61 52 51 42 41 40 31 22 23 14 
275 | 9 17 8 7 6 78 70 61 62 54 55 64 63 71 80 72 0 1 2 74 75 76 77 67 58 50 51 42 41 32 33 24 15 14 22 13 12 11 20 38 47 48 39 30 29 28 36 44 34 26 18 
278 | 0 72 80 8 17 7 6 5 4 13 23 32 31 40 49 50 41 42 34 25 26 35 43 52 51 60 61 70 71 63 54 45 55 46 37 38 29 30 39 48 57 76 67 75 74 73 9 10 19 28 20 
278 | 1 73 72 80 79 7 8 0 11 12 3 75 66 65 55 54 62 61 69 68 77 5 14 15 25 26 18 19 28 29 38 47 46 37 36 44 43 52 34 33 42 51 50 58 48 49 40 32 31 22 30 
275 | 1 2 74 73 71 63 55 56 66 57 58 49 39 37 36 27 35 25 24 23 14 13 4 3 75 67 76 77 5 6 78 79 7 17 9 19 20 12 21 22 31 41 43 44 45 53 61 60 59 68 
279 | 17 26 35 27 18 9 0 72 80 8 7 15 6 79 69 61 52 51 43 44 36 37 55 46 47 57 66 65 73 1 2 11 12 21 20 30 48 49 58 50 59 68 67 76 4 14 13 22 23 32 24 
274 | 8 17 9 0 1 73 74 2 12 13 22 14 6 7 79 78 68 66 67 58 50 41 40 32 33 25 26 34 43 42 51 52 61 62 71 80 72 63 54 55 46 47 38 37 28 18 19 29 30 39 48 
278 | 0 8 72 80 70 78 6 15 16 26 18 28 29 38 46 47 56 65 66 57 48 39 40 41 32 23 22 14 24 34 33 42 50 59 58 68 69 60 51 52 62 54 64 74 2 11 12 21 30 20 10 
277 | 9 10 2 1 0 72 73 74 64 63 54 45 53 62 71 80 79 70 78 6 7 8 16 17 26 18 28 30 21 12 13 22 23 32 40 50 42 52 43 34 35 27 46 37 38 48 57 58 59 67 66 
279 | 0 17 26 10 18 28 27 35 34 25 16 7 6 78 5 4 75 76 77 68 59 50 41 42 43 44 52 53 36 37 38 39 30 21 12 3 2 74 64 73 63 80 70 62 54 45 46 55 57 40 23 
273 | 0 72 63 54 55 46 47 56 65 66 67 77 78 6 5 76 75 3 4 13 12 11 20 29 28 36 37 38 39 40 50 59 60 61 62 53 52 51 43 42 33 32 23 24 25 34 35 26 18 19 9 
274 | 0 72 8 7 6 16 17 9 18 19 28 27 36 46 37 38 29 31 40 49 57 56 66 67 76 4 13 14 23 24 34 44 43 42 51 52 53 62 61 70 69 79 80 71 63 64 74 73 1 10 11 
280 | 0 1 74 66 76 4 14 6 79 80 8 16 25 24 34 35 26 17 9 19 28 27 36 44 53 45 55 56 64 72 71 63 54 46 38 29 20 11 12 21 31 40 49 59 68 69 60 61 52 51 42 
275 | 8 0 1 2 74 75 66 65 56 48 38 29 21 30 40 49 50 42 33 32 23 22 13 4 76 77 67 68 69 78 6 7 16 25 26 17 9 10 19 18 27 35 44 36 46 45 54 62 53 52 60 
275 | 0 9 10 1 73 64 63 72 80 71 62 54 55 46 47 38 29 28 19 18 26 17 8 16 25 34 23 13 21 30 31 32 33 42 51 52 61 70 79 7 5 77 3 75 67 57 48 40 49 50 59 
278 | 0 9 17 16 15 6 7 8 80 79 70 60 51 52 44 43 35 26 18 27 36 46 37 29 21 30 39 47 48 49 57 56 64 72 73 1 10 11 2 66 75 4 77 68 59 50 41 33 32 31 23 
277 | 0 9 17 26 35 44 34 24 33 32 31 22 14 5 77 68 60 51 42 43 52 62 53 45 55 46 47 38 39 40 41 50 49 58 57 66 75 74 73 63 71 72 1 2 3 12 21 29 28 27 19 
282 | 9 10 0 1 73 72 80 8 17 16 7 79 78 68 67 77 76 75 3 4 13 5 6 15 14 23 33 26 35 18 28 19 20 30 38 39 40 48 56 64 55 46 53 62 54 63 71 70 69 59 51 
277 | 0 10 19 20 11 28 38 30 39 48 58 50 49 40 31 22 32 41 42 43 34 25 24 15 16 26 18 9 17 8 80 72 71 63 64 54 62 61 70 69 60 52 44 36 37 46 55 56 65 76 4 
277 | 73 1 2 11 12 4 76 67 66 55 47 48 39 40 41 32 33 42 43 34 25 17 9 18 27 35 26 7 79 78 69 68 59 50 51 52 53 62 71 63 54 45 46 37 28 38 29 30 21 13 14 
271 | 11 2 74 65 66 75 76 4 3 12 21 30 29 38 37 28 19 18 26 25 34 35 27 36 44 53 45 46 55 54 62 61 52 43 42 51 50 40 22 13 14 15 6 5 77 78 69 68 59 58 67 
285 | 0 1 73 65 74 2 11 10 9 17 8 7 6 15 16 25 24 33 32 13 4 76 67 50 40 48 47 56 55 64 72 63 71 80 79 78 69 70 61 60 51 43 53 45 37 30 29 20 19 27 35 
272 | 0 8 9 17 25 34 33 24 14 5 6 78 77 76 4 13 22 31 40 49 58 68 67 66 75 74 2 3 12 20 19 28 29 38 47 46 37 36 44 52 43 42 51 60 61 71 80 72 63 55 56 
280 | 0 72 73 1 10 19 18 9 17 8 80 71 63 54 62 61 70 79 7 16 26 25 24 23 14 13 12 20 21 30 39 48 38 37 36 44 43 42 32 40 41 50 60 59 68 67 66 57 56 55 64 
278 | 9 10 18 27 35 34 33 32 41 50 42 40 39 38 47 48 57 58 59 60 68 67 76 4 13 12 20 30 21 22 23 15 7 6 5 75 74 65 73 1 0 80 79 70 71 62 53 45 46 36 44 
280 | 1 0 72 80 8 7 17 9 19 11 12 13 22 21 30 31 32 23 14 15 5 4 3 75 67 77 68 59 50 42 43 52 61 69 70 62 53 45 46 54 55 64 65 66 57 48 38 37 27 35 25 
280 | 9 0 72 63 71 80 8 17 26 25 34 35 27 18 19 28 37 38 48 40 50 49 30 31 32 42 43 52 53 45 46 55 54 62 61 69 78 6 15 14 13 4 76 68 67 66 65 74 2 11 12 
274 | 72 0 8 7 16 15 6 78 69 70 79 80 62 52 53 44 36 28 27 18 26 35 34 43 42 32 23 13 4 76 67 57 48 38 37 46 45 54 64 65 74 73 1 2 10 11 21 30 40 50 59 
287 | 17 26 35 27 18 9 19 10 1 73 74 2 12 13 22 21 29 37 36 45 54 55 64 63 71 62 53 43 42 49 31 39 47 66 57 58 67 76 4 14 23 24 15 6 7 79 78 69 68 59 60 
281 | 1 0 8 80 72 73 74 65 66 75 3 2 11 12 13 14 23 15 16 26 18 35 34 44 53 52 43 42 41 31 30 38 48 39 40 49 59 68 67 5 6 78 77 69 70 62 54 46 36 37 28 
278 | 9 17 7 6 5 78 79 70 69 61 62 53 45 54 55 47 48 49 50 51 58 68 76 67 66 65 64 74 73 1 2 3 11 10 19 18 26 25 16 15 23 31 32 33 43 44 36 37 29 30 21 
281 | 1 2 3 75 74 73 64 63 71 79 7 6 5 77 78 70 61 52 53 45 36 44 35 27 19 10 9 17 16 25 34 33 42 51 50 59 67 57 48 49 40 32 23 13 21 31 30 29 38 47 55 
279 | 0 72 73 74 2 1 10 19 18 26 25 16 8 7 6 78 79 80 71 63 55 65 66 57 56 47 37 36 44 43 45 53 61 69 68 58 59 60 51 41 40 49 39 30 31 32 23 14 4 12 21 
279 | 1 10 11 19 27 36 45 53 62 71 61 52 42 41 40 39 38 37 29 30 21 22 32 34 35 26 17 25 24 15 5 77 4 76 75 3 2 74 73 64 65 55 47 48 57 58 50 60 69 79 7 
284 | 9 19 27 35 43 51 59 58 57 65 74 73 64 55 54 63 72 1 2 11 21 22 23 33 32 41 31 40 49 48 47 39 29 37 45 53 61 71 79 69 78 6 7 8 17 26 25 16 15 4 76 
280 | 1 10 11 21 30 40 57 48 49 50 59 69 77 5 75 3 73 65 64 55 54 63 71 62 61 52 51 42 44 36 46 47 38 29 28 19 18 9 17 26 25 34 33 32 31 23 15 16 7 79 70 
277 | 0 1 2 3 75 74 73 64 72 63 71 62 61 60 69 68 77 5 14 15 24 25 34 35 27 26 17 9 10 20 21 22 31 32 42 52 43 44 53 45 56 57 58 50 40 49 48 39 30 38 37 
288 | 73 1 11 20 21 30 38 46 45 36 35 27 28 19 9 17 7 79 69 60 59 58 67 77 5 75 3 13 22 23 15 24 25 34 42 32 31 40 50 49 48 57 56 65 55 63 71 61 52 53 44 
280 | 9 17 8 80 63 71 70 61 69 59 50 58 66 67 77 5 13 22 23 15 16 25 34 43 42 33 32 41 51 52 53 45 44 35 27 19 10 2 3 12 20 29 30 39 48 47 56 55 64 74 75 
277 | 73 63 72 0 17 8 80 7 15 14 25 34 35 27 28 19 10 11 2 3 75 76 67 66 65 55 46 37 36 45 53 44 43 52 61 70 69 59 68 77 78 5 4 13 12 21 31 39 40 41 49 
277 | 0 72 73 1 12 22 31 30 21 20 19 10 9 17 8 80 71 63 64 55 56 57 48 38 39 40 49 58 66 68 76 4 14 23 24 32 42 41 50 59 60 61 70 79 7 16 25 35 27 53 45 
276 | 0 1 10 11 2 74 73 72 80 8 9 18 26 25 34 42 50 41 32 24 15 14 6 78 77 5 13 3 75 65 64 63 54 62 52 61 60 69 68 67 58 57 48 47 37 38 29 39 30 22 21 
274 | 72 80 71 63 64 73 74 2 1 0 8 79 70 78 6 7 16 17 9 10 19 28 27 36 45 46 55 56 57 67 76 4 13 23 24 25 34 35 44 53 52 61 60 59 49 39 40 41 31 21 20 
284 | 0 1 10 26 16 17 8 80 72 73 64 65 56 47 46 37 45 44 27 28 29 30 31 21 20 11 12 13 4 76 77 78 6 5 14 15 24 34 42 41 40 49 48 57 66 67 68 69 70 71 62 52 60 
278 | 0 17 18 9 10 1 73 64 72 63 71 62 54 45 37 38 29 30 39 47 57 48 49 50 41 42 32 31 21 12 13 4 5 14 24 25 26 35 27 44 43 53 61 60 68 67 66 76 77 6 78 
283 | 9 10 19 18 26 17 25 16 7 8 80 79 70 61 51 50 41 42 33 32 31 22 30 29 38 39 48 49 58 68 78 6 14 76 4 12 2 1 0 72 63 71 62 54 55 64 73 74 66 47 36 44 
279 | 72 73 65 74 2 1 0 8 80 70 71 62 52 42 41 31 32 23 34 43 44 36 45 37 28 27 19 20 11 21 30 38 46 55 56 57 48 49 50 59 69 78 77 76 4 5 6 15 16 17 26 
281 | 0 1 2 11 20 30 31 40 49 48 57 66 76 4 12 74 65 64 63 71 80 79 78 68 69 70 62 61 52 60 51 34 42 50 41 32 23 14 6 15 16 17 9 10 18 19 28 29 38 39 46 
265 | 1 73 66 75 76 77 68 60 51 42 33 32 40 49 50 58 48 56 47 38 37 45 54 63 71 62 53 43 35 26 17 9 18 27 20 29 30 31 22 12 3 4 5 14 24 7 79 
280 | 0 72 80 8 16 17 9 10 19 18 26 25 33 43 44 36 37 47 57 66 75 74 2 3 13 12 21 29 39 49 40 41 31 23 14 5 78 6 77 68 67 59 51 61 62 70 71 63 54 64 55 
278 | 0 73 64 45 54 53 44 43 42 33 24 16 7 6 78 69 70 80 71 61 60 68 58 57 56 47 38 37 36 27 35 26 9 10 19 20 12 11 2 74 66 75 76 4 5 14 23 22 30 40 50 
281 | 73 72 80 79 7 16 25 24 33 42 41 50 59 49 58 57 56 48 39 38 29 20 19 10 1 2 3 12 13 22 31 14 6 5 4 76 68 69 60 61 52 35 27 36 44 53 45 46 55 65 66 
282 | 8 0 10 19 28 36 44 34 33 42 51 52 61 62 54 46 56 64 63 72 80 71 70 78 6 5 4 13 12 2 74 75 76 67 68 50 49 48 47 38 29 30 31 40 32 24 16 17 9 18 26 
258 | 0 1 73 72 80 8 79 7 25 24 33 32 40 31 30 22 14 5 77 68 58 66 75 76 4 3 12 20 29 19 37 36 27 35 43 44 53 45 55 56 47 48 49 50 51 60 61 
263 | 72 0 9 17 25 26 28 38 39 31 23 22 21 20 19 10 2 74 66 75 3 12 4 76 77 5 15 6 7 79 78 69 59 58 49 57 56 46 55 64 63 71 62 61 44 42 41 
278 | 0 8 7 16 6 78 79 70 80 72 73 74 66 57 47 56 64 54 62 53 52 51 60 59 68 76 4 14 23 24 33 34 42 41 40 39 38 28 29 20 21 12 2 1 10 18 26 35 27 46 45 
285 | 9 17 16 7 8 0 1 10 20 29 28 39 30 21 13 4 5 77 76 75 3 74 65 64 55 56 47 57 49 59 60 51 41 40 31 32 23 24 33 34 43 44 45 46 37 36 53 52 61 70 69 78 
281 | 9 0 72 80 8 17 7 79 71 63 73 1 11 20 21 12 3 4 5 14 23 24 15 25 34 35 27 53 45 46 55 56 57 66 65 75 76 77 68 69 59 60 61 52 42 41 40 39 38 28 19 
284 | 73 64 65 66 67 75 3 12 11 10 1 72 80 79 70 69 68 77 5 14 13 22 30 31 32 41 50 49 58 48 39 28 37 46 45 54 62 53 52 43 34 35 44 36 27 18 26 0 8 7 16 15 
279 | 9 19 20 10 11 2 3 75 74 65 64 55 56 47 48 40 49 50 51 60 61 70 71 63 53 45 36 44 43 35 27 37 29 30 31 32 33 24 15 25 17 16 7 79 69 67 77 76 4 5 13 
289 | 72 73 74 65 66 67 76 4 3 12 11 21 20 29 39 58 59 60 51 52 53 62 61 69 68 77 6 7 8 15 14 13 22 23 31 33 34 43 44 36 27 35 18 19 28 37 45 46 47 57 49 41 
286 | 1 73 3 2 11 20 12 22 31 32 30 39 48 49 42 41 50 58 66 75 74 65 56 46 37 28 27 18 26 35 25 15 7 16 17 9 8 80 79 78 6 5 77 69 70 61 62 71 63 54 45 53 
259 | 0 9 17 25 33 41 42 51 61 62 53 45 54 63 72 73 64 55 47 38 39 31 40 49 68 78 79 70 71 80 8 7 16 6 14 12 29 27 35 26 18 19 10 1 2 74 66 
279 | 1 10 11 20 21 12 3 2 74 73 72 63 64 54 62 71 70 80 79 78 6 7 16 15 24 34 42 43 26 18 28 37 38 48 49 40 30 31 32 23 22 13 14 5 76 66 57 67 68 59 50 
269 | 1 73 65 57 39 38 47 56 55 54 46 36 44 52 61 62 63 71 79 7 15 23 24 33 34 25 26 17 9 18 19 28 29 21 20 11 3 75 76 5 4 77 69 59 60 51 42 41 
277 | 1 2 74 73 64 56 46 45 54 62 53 44 35 36 28 18 26 27 19 29 38 48 57 66 76 4 12 21 22 23 14 25 34 33 42 52 70 79 7 6 78 68 60 50 59 58 49 40 31 
289 | 0 72 73 1 11 10 19 20 21 29 38 46 55 54 62 61 52 44 36 27 35 25 16 7 15 24 23 33 42 41 31 39 49 59 69 68 76 67 57 66 65 74 3 13 4 5 78 79 80 8 17 9 
294 | 0 1 10 18 19 20 12 3 2 74 75 66 58 59 49 50 41 31 22 23 32 42 34 26 25 16 6 15 5 77 78 69 70 79 7 8 80 72 73 64 55 56 47 46 54 62 61 52 44 36 28 29 38 39 
290 | 0 8 80 72 64 65 56 47 55 54 62 53 44 36 45 37 29 20 11 10 19 18 27 35 26 25 16 24 15 14 22 31 40 39 49 41 33 43 51 60 61 70 69 68 58 66 75 76 77 5 4 3 12 
282 | 0 9 8 17 16 25 24 23 22 31 41 39 49 58 67 76 4 13 14 6 78 68 59 60 61 70 71 80 72 63 64 55 56 57 66 74 2 12 21 20 28 37 46 54 62 52 43 34 26 18 19 10 
273 | 9 17 26 18 19 20 11 21 31 41 42 33 34 44 36 28 29 38 46 56 39 49 58 67 76 5 15 25 24 23 13 3 74 64 73 1 72 80 79 7 78 70 71 63 54 62 52 60 
270 | 9 17 26 35 34 42 41 49 50 51 52 53 45 46 54 62 71 63 73 1 11 2 3 75 65 56 57 58 67 76 4 5 77 78 69 79 7 15 24 23 13 22 31 30 39 38 29 28 27 18 
270 | 8 7 17 16 25 26 18 19 10 9 0 1 73 64 63 72 80 79 70 71 53 44 36 45 56 57 47 38 29 20 21 31 39 40 49 58 59 60 51 42 41 33 24 23 22 3 4 5 77 76 75 
293 | 0 9 17 16 24 34 26 18 10 1 74 2 3 12 20 28 36 44 45 46 54 62 53 52 42 32 22 14 4 5 6 7 8 80 72 73 64 56 66 67 58 68 78 79 70 60 50 49 48 38 30 40 
278 | 0 1 9 18 27 28 19 29 38 39 48 58 57 66 56 64 74 65 3 4 13 21 22 31 23 41 50 42 33 34 44 36 35 25 26 17 8 7 5 78 69 68 59 60 70 71 80 72 63 54 62 
260 | 0 8 7 79 78 6 5 76 4 3 73 1 2 74 65 57 56 55 64 54 63 71 62 61 70 69 60 59 49 40 41 43 42 32 23 24 25 16 26 18 10 19 20 21 30 39 38 37 
281 | 1 73 65 74 75 3 11 19 9 17 26 25 35 27 37 38 39 29 21 22 31 41 40 49 67 57 58 59 69 77 5 13 23 24 15 6 7 79 71 63 54 55 56 47 45 53 61 51 42 33 43 
299 | 9 17 7 6 78 79 69 68 77 5 15 14 23 13 12 3 75 74 65 66 67 59 51 61 52 43 34 25 26 35 27 28 19 11 2 1 73 63 71 62 53 45 55 46 37 29 21 31 39 47 57 49 41 33 
289 | 72 0 17 9 10 2 74 64 63 71 61 53 52 51 42 41 33 23 22 21 12 20 30 31 40 39 38 37 28 46 36 44 35 34 25 15 14 5 4 76 66 57 56 48 49 58 59 69 68 77 78 6 
272 | 0 1 73 72 63 71 69 61 60 51 50 58 67 76 4 13 22 11 20 29 37 27 35 53 43 44 36 45 55 65 56 47 48 39 30 40 41 32 33 24 25 15 7 79 80 8 17 9 19 
277 | 9 19 29 39 47 57 58 59 68 69 77 76 5 4 3 75 66 65 74 73 1 2 11 12 21 22 23 14 15 6 78 79 7 17 25 33 43 35 44 53 27 37 36 45 55 63 71 61 51 41 
283 | 73 74 75 3 2 1 10 9 17 26 34 35 27 28 19 20 13 22 31 32 24 25 16 7 79 78 6 5 77 67 58 48 49 40 30 39 38 46 45 53 62 61 52 42 41 50 60 70 71 63 64 55 56 
295 | 1 0 72 73 64 63 71 80 79 70 62 54 46 28 38 37 36 44 43 34 24 16 6 7 8 17 26 18 9 10 2 12 20 30 22 13 14 4 76 67 66 56 48 39 40 41 50 58 68 60 52 42 32 
294 | 0 72 80 70 62 45 53 52 43 44 35 27 36 28 37 47 57 66 55 64 74 75 2 3 12 21 29 38 39 40 49 58 59 68 77 76 4 5 78 6 14 23 22 31 41 51 42 33 25 16 8 10 18 
289 | 9 18 19 29 20 21 22 31 32 23 14 6 7 17 0 80 71 61 62 54 63 73 74 3 13 4 76 77 67 66 57 58 59 60 51 41 40 49 48 39 38 47 37 27 35 26 25 33 42 43 53 45 55 
271 | 0 8 6 78 68 59 49 57 66 67 76 4 74 2 10 18 26 16 24 33 34 43 44 36 37 28 29 20 21 12 13 14 23 31 39 40 41 52 51 60 70 71 62 63 64 54 46 56 47 
283 | 9 18 26 17 7 6 78 69 77 5 14 22 13 12 20 19 28 27 36 44 35 34 25 24 33 42 41 49 40 39 29 38 47 46 55 54 63 71 62 61 52 51 59 58 67 57 65 74 75 3 2 1 
281 | 0 9 18 19 28 27 35 34 25 26 17 8 7 79 80 71 63 72 73 1 2 3 4 12 21 30 39 49 48 47 56 55 46 65 66 57 58 67 68 69 61 52 60 59 50 51 41 32 23 14 5 6 
291 | 0 1 73 74 2 11 20 19 28 36 53 52 60 68 76 4 12 21 22 14 24 31 41 42 43 34 35 26 17 9 8 16 7 6 78 79 70 62 71 80 72 63 55 46 38 39 40 49 58 57 56 65 66 
299 | 72 63 64 73 74 2 1 10 9 0 8 17 16 7 6 78 70 79 80 71 62 54 46 38 20 30 40 48 56 66 75 76 4 3 12 22 32 24 14 5 77 68 60 52 44 36 28 18 26 34 42 50 58 
277 | 10 20 12 3 4 5 77 68 67 58 59 49 57 66 75 76 14 13 22 31 41 42 33 34 35 24 16 17 8 0 9 18 26 27 28 29 38 39 47 46 55 54 45 53 52 51 61 70 71 62 63 64 
290 | 0 72 63 71 80 79 7 8 17 9 10 1 73 64 74 2 12 13 21 20 28 29 38 47 46 36 35 44 43 52 53 61 69 78 77 5 6 15 25 34 33 23 31 41 42 51 59 49 39 57 56 66 67 
297 | 8 0 72 80 71 62 45 46 37 36 44 43 34 35 25 24 15 14 5 6 78 70 61 60 51 50 49 58 68 77 76 4 75 3 12 2 74 66 65 56 55 48 39 22 32 41 40 31 30 29 20 19 10 9 18 
298 | 9 17 8 80 71 63 72 0 1 73 74 75 76 68 59 58 49 50 40 31 30 22 23 32 33 24 14 15 25 34 42 51 52 61 60 69 77 5 4 3 2 11 20 19 27 37 38 39 48 56 65 55 45 36 44 
302 | 0 8 9 10 19 18 26 34 35 44 36 45 54 46 56 57 48 38 28 20 29 30 22 13 12 2 3 4 76 77 68 78 6 16 24 14 23 32 40 42 51 60 50 58 67 66 74 64 72 80 71 70 62 61 52 
299 | 9 0 17 26 34 33 42 32 23 24 16 7 8 80 72 63 71 54 46 38 47 48 57 56 64 73 1 74 75 3 12 11 20 19 28 27 36 44 53 52 61 60 69 79 6 5 77 68 67 58 49 40 31 22 13 
296 | 0 8 80 72 73 1 9 26 18 19 28 36 44 35 34 42 43 52 53 62 63 54 55 46 37 29 30 40 39 47 48 58 66 65 75 3 4 76 68 69 70 60 59 50 41 32 24 16 15 14 23 22 12 11 
290 | 72 0 17 26 25 35 27 18 19 29 20 10 2 74 75 76 4 3 12 13 22 31 39 47 37 45 53 51 43 42 41 33 23 14 15 6 7 79 78 69 61 62 71 54 55 64 56 66 67 68 59 58 49 
295 | 9 0 1 74 75 66 57 67 59 58 49 50 51 41 42 43 33 34 35 26 17 18 19 11 21 22 13 14 23 31 30 39 47 38 29 37 46 45 54 62 61 69 5 6 78 79 7 8 80 71 63 72 73 2 
302 | 1 10 19 18 27 35 34 25 16 6 78 77 5 14 13 4 76 3 2 74 75 66 67 58 59 50 40 49 48 47 56 55 64 72 8 79 70 62 61 51 42 33 24 32 31 22 21 30 29 38 37 46 45 53 43 
297 | 0 9 18 10 1 72 63 64 73 74 2 3 4 76 77 78 6 7 16 24 14 23 32 40 50 59 60 51 52 42 43 34 35 26 17 8 80 79 70 71 62 54 45 46 37 28 29 20 21 30 38 48 57 56 66 
295 | 9 10 11 21 13 5 77 6 15 23 31 41 42 33 34 44 36 62 71 70 61 52 51 49 57 65 74 75 3 2 1 73 64 63 54 55 46 47 38 39 29 28 19 18 17 26 25 16 7 79 78 69 59 67 
299 | 0 72 9 1 73 74 65 75 3 2 11 19 28 29 38 47 46 55 63 80 8 16 15 25 33 23 13 6 5 78 77 67 57 49 58 59 69 70 61 53 45 36 27 35 44 43 42 51 41 40 39 31 22 21 
293 | 8 17 25 16 24 23 32 31 30 39 38 37 46 45 53 60 69 70 61 62 63 72 64 55 56 57 48 49 50 41 42 43 34 35 27 18 19 20 10 11 2 74 75 76 67 68 77 78 6 5 4 3 12 13 
300 | 8 0 80 72 64 54 62 71 79 70 78 16 26 18 9 10 1 2 3 75 67 76 77 5 4 13 22 23 24 33 41 51 50 59 58 49 39 40 31 30 21 29 28 27 35 34 43 52 53 45 46 37 47 56 57 
299 | 9 18 19 28 27 36 44 53 52 61 62 71 63 54 46 55 56 47 38 39 48 57 58 49 59 68 67 75 74 73 1 2 11 3 13 12 21 22 23 24 32 31 41 42 33 34 25 26 17 7 6 5 77 78 79 69 
300 | 0 72 80 71 70 78 77 68 67 58 57 48 47 37 38 29 21 30 22 13 14 5 6 16 8 17 25 24 33 43 44 35 27 18 19 10 11 2 3 75 65 74 64 55 54 45 53 61 60 51 50 41 40 32 
299 | 9 10 20 21 13 12 3 2 74 75 66 57 47 56 64 63 54 45 46 62 71 70 60 51 43 52 53 44 27 36 37 28 29 39 31 41 49 59 68 67 77 78 6 5 14 23 24 33 34 35 18 26 17 16 
296 | 0 1 2 74 75 3 4 76 67 68 77 78 69 60 61 53 45 36 27 35 44 52 43 42 33 32 23 24 25 16 17 80 79 6 5 13 12 11 20 19 28 37 38 39 31 41 40 49 48 57 56 47 55 64 63 
292 | 8 17 7 15 14 23 24 25 33 43 34 35 27 18 19 10 11 2 3 13 4 76 67 77 78 69 70 61 62 53 45 46 37 38 29 30 21 31 39 47 56 55 63 72 73 65 66 57 49 41 42 51 50 59 
298 | 0 72 1 10 9 18 27 19 11 2 3 13 14 15 16 25 34 33 23 22 21 31 30 29 38 39 49 58 59 50 41 51 42 43 53 62 61 70 79 71 80 8 7 78 69 77 67 66 57 47 37 46 55 64 73 65 
296 | 0 72 64 66 65 56 48 57 58 49 59 51 42 41 33 34 35 25 15 6 7 79 78 69 68 77 76 4 5 14 23 22 31 30 21 12 20 11 10 17 18 27 28 36 44 53 52 61 71 54 45 46 37 38 
293 | 0 17 26 34 43 42 33 24 14 5 4 76 75 66 56 47 46 37 38 30 20 29 39 49 58 59 68 60 51 50 41 31 22 21 12 2 10 1 73 72 63 54 53 62 71 70 78 79 80 8 7 9 18 27 
291 | 0 8 80 72 71 70 61 53 45 56 55 63 64 65 74 75 76 4 3 2 11 20 19 10 9 17 16 25 24 15 6 5 77 78 69 60 50 58 49 48 39 30 38 37 27 36 44 35 43 42 41 32 31 22 
305 | 0 1 2 75 66 65 73 72 63 55 47 56 57 58 68 59 49 48 39 31 32 41 33 25 24 15 5 14 23 22 21 12 11 19 20 29 28 37 27 35 44 36 45 53 43 52 51 61 60 69 78 79 80 7 8 17 
300 | 0 72 80 8 78 77 5 75 3 2 13 14 15 25 33 23 22 21 30 29 20 19 10 9 17 26 35 34 43 53 45 44 27 36 37 47 46 55 54 63 71 70 60 59 67 66 65 57 58 39 40 41 50 51 61 
300 | 9 18 19 11 3 12 21 31 23 13 14 15 25 26 17 7 79 71 63 73 1 2 74 75 65 55 54 47 39 40 41 59 49 57 66 67 68 77 5 6 78 69 61 62 53 45 37 29 27 35 43 33 51 
286 | 73 1 65 56 47 38 39 49 58 57 66 75 3 4 5 15 14 23 24 25 26 18 19 28 29 20 11 12 21 22 31 40 41 33 34 44 36 46 55 54 62 61 52 42 51 60 59 68 76 77 7 79 69 
286 | 0 8 79 80 71 63 72 73 74 65 56 57 67 58 59 60 69 78 6 5 4 3 2 12 11 20 29 39 48 49 50 41 40 31 22 14 15 24 33 43 53 45 36 44 35 34 25 26 27 18 19 28 37 
287 | 0 72 73 74 2 1 10 9 18 35 25 34 33 32 31 22 21 30 29 37 36 44 53 61 52 43 42 51 50 41 40 39 47 48 49 58 57 64 54 63 80 8 7 6 78 79 68 77 76 4 5 14 
300 | 0 1 10 19 20 21 22 13 23 14 15 6 78 70 79 7 80 63 54 55 46 47 38 48 49 40 31 32 33 42 34 25 17 26 18 27 28 36 44 53 62 61 52 60 59 68 67 58 57 66 65 73 74 2 12 
297 | 1 2 74 73 11 20 19 28 36 44 52 61 62 71 63 54 46 55 47 48 39 38 30 22 13 12 3 75 65 57 58 67 68 69 60 50 41 42 33 32 23 15 6 5 77 78 79 7 17 9 18 26 25 34 
302 | 9 17 18 19 28 29 39 30 21 31 41 50 49 59 58 67 66 75 3 11 2 1 73 64 55 65 57 47 37 45 36 44 35 25 16 7 79 69 78 77 5 14 13 22 23 15 33 43 52 51 61 62 71 63 
294 | 1 73 63 71 79 7 16 25 34 43 52 53 62 54 45 37 29 28 19 18 27 35 26 17 9 10 11 3 75 65 64 55 46 47 57 67 77 5 13 21 31 39 40 49 59 69 70 61 51 41 33 23 15 
287 | 1 73 64 74 2 20 29 30 31 39 47 56 48 58 49 50 59 68 69 79 80 71 63 55 54 45 53 44 35 27 18 19 10 9 17 8 7 15 6 78 77 5 76 4 14 23 22 32 33 43 42 41 51 
300 | 73 1 10 11 12 4 76 68 69 70 71 62 54 55 63 64 65 66 57 58 59 50 41 51 52 61 44 36 46 47 38 48 39 40 32 42 33 34 25 26 9 18 19 28 29 30 21 22 23 14 15 16 17 7 79 
301 | 9 17 16 15 24 23 14 13 12 21 20 10 2 1 73 64 74 66 65 56 57 67 68 59 60 50 49 40 39 38 30 31 41 42 34 35 26 18 28 27 36 44 53 52 62 45 46 54 63 71 70 78 6 7 79 
293 | 17 7 79 69 59 60 51 42 41 49 58 57 67 77 78 6 5 15 23 33 34 25 26 18 9 1 73 65 75 74 2 11 3 13 22 31 21 20 29 28 38 39 47 46 36 44 52 62 71 63 54 55 
290 | 1 73 63 71 79 7 17 9 25 35 27 19 20 11 12 3 75 68 69 77 5 13 14 15 24 33 41 32 22 31 30 39 29 37 38 48 47 56 55 65 66 67 58 49 50 42 43 51 60 61 53 45 
302 | 0 1 2 74 73 72 64 63 54 61 60 69 59 51 41 33 23 24 25 15 5 77 66 76 4 12 21 20 10 9 18 28 38 39 30 31 40 49 48 57 56 46 37 36 53 62 71 80 79 7 8 17 26 35 43 
299 | 0 72 73 1 10 18 17 16 15 14 13 5 77 68 67 66 75 3 12 21 20 29 39 48 49 38 28 27 35 34 25 24 32 31 40 41 42 51 59 60 52 62 53 45 55 46 56 65 64 63 80 8 7 79 70 
298 | 0 8 80 72 63 71 70 78 6 68 59 60 50 49 48 39 38 30 31 32 41 42 34 26 18 9 17 16 24 23 14 13 4 76 67 66 57 56 46 37 28 36 44 43 52 62 54 64 74 2 12 21 20 10 
303 | 17 25 26 18 9 10 1 73 74 2 12 11 20 29 30 22 23 14 4 76 68 60 70 69 78 6 15 7 79 71 63 54 62 52 51 50 41 32 33 34 43 44 36 28 37 46 55 65 66 57 58 48 47 39 40 
304 | 9 17 25 26 18 27 35 44 43 33 23 13 21 22 31 40 39 47 55 65 75 3 74 73 1 2 11 19 29 38 37 36 45 53 54 63 71 62 61 51 42 41 49 57 67 58 59 69 78 79 7 6 15 5 77 
294 | 9 10 2 74 75 66 56 57 58 50 60 59 68 69 70 79 80 8 7 16 15 24 32 23 22 14 5 77 76 4 3 12 21 20 29 28 37 27 18 26 35 44 43 42 40 39 47 46 45 53 62 54 63 64 
302 | 1 11 20 19 9 18 26 17 16 7 79 6 15 24 23 22 31 21 13 5 77 69 59 58 67 57 49 39 29 28 37 36 44 34 33 41 43 52 51 60 61 62 71 63 54 46 47 56 65 64 73 74 75 3 
292 | 0 9 19 27 35 44 36 53 45 54 55 64 65 57 47 48 50 59 51 61 60 69 68 67 66 75 3 13 23 14 5 77 15 16 25 33 32 40 30 29 20 21 12 11 1 73 63 71 80 79 7 17 26 
300 | 1 73 64 65 56 57 48 47 38 37 28 27 35 26 17 9 10 11 19 20 21 30 31 40 49 50 59 67 76 75 3 4 13 5 77 69 60 61 53 52 43 42 32 33 24 23 15 16 7 79 70 71 63 54 45 
285 | 0 1 11 2 74 73 63 64 55 46 36 44 34 25 24 33 42 41 50 40 39 30 21 12 13 23 14 6 78 79 7 80 71 62 61 52 51 59 69 68 67 66 57 56 47 38 29 28 19 18 9 17 16 
295 | 0 9 17 25 24 32 23 15 7 79 8 80 71 63 72 73 1 11 20 19 28 27 36 46 45 53 44 35 34 42 52 61 69 60 59 50 58 67 77 5 4 13 22 21 30 38 48 57 56 55 65 75 76 3 
298 | 0 1 73 74 75 3 11 12 21 30 22 13 14 5 6 7 79 80 63 64 55 56 47 48 58 66 67 77 68 69 61 51 59 50 41 32 33 24 25 16 17 18 19 27 35 43 52 53 62 45 37 28 29 39 40 
291 | 8 16 17 9 10 19 20 21 22 31 32 23 14 24 33 34 35 27 38 39 48 47 37 46 45 53 43 42 41 49 58 66 57 56 64 72 63 71 70 61 60 59 68 78 6 5 77 76 4 3 75 74 2 12 
286 | 0 9 17 16 15 7 8 80 72 73 65 57 48 49 50 42 41 31 30 38 39 32 23 13 5 77 67 68 69 60 61 62 71 63 64 54 55 45 46 36 44 35 34 25 26 18 19 20 11 12 3 75 
302 | 0 72 63 54 62 61 52 51 42 41 40 49 59 67 57 65 73 64 55 46 47 38 39 30 31 32 23 22 21 12 2 74 75 4 14 6 77 78 69 70 79 71 80 8 16 25 26 35 34 44 36 28 27 18 19 10 
278 | 0 9 19 29 28 27 35 36 44 53 45 46 47 39 40 49 57 66 65 56 55 63 73 72 80 71 79 8 17 25 34 33 23 15 14 5 77 68 59 60 69 61 52 51 41 31 21 12 11 3 75 
290 | 8 17 9 18 28 19 20 21 31 40 39 47 38 46 45 36 44 35 34 33 42 32 41 49 48 57 68 59 60 52 61 62 71 63 72 73 74 2 65 66 67 76 77 78 6 7 15 14 23 13 12 3 4 
286 | 0 1 73 72 8 7 80 79 70 78 69 68 59 51 50 41 33 34 35 27 37 36 44 43 62 54 64 74 65 66 58 57 47 48 39 31 21 20 29 28 19 10 9 17 16 25 24 23 13 5 76 3 
303 | 0 72 73 2 3 11 12 13 5 4 75 76 77 78 69 68 67 57 49 50 51 52 42 33 23 15 7 8 80 63 71 61 53 44 36 27 35 34 25 17 9 19 28 29 30 31 41 40 39 38 47 46 45 55 65 
290 | 9 17 27 35 25 15 6 5 4 76 77 68 67 75 3 2 11 19 29 38 37 46 45 53 52 51 42 43 33 32 23 14 13 12 21 30 31 40 49 50 59 69 70 61 80 72 64 55 47 48 57 66 65 
305 | 0 8 16 24 15 25 26 35 44 36 27 18 19 10 20 11 12 3 2 74 73 64 56 47 46 55 54 63 71 62 61 70 79 78 6 14 5 76 68 67 66 58 50 60 52 51 42 41 32 22 31 30 40 48 39 38 
275 | 1 10 11 3 75 74 73 64 55 56 57 66 58 59 68 78 77 5 13 12 21 31 23 14 15 25 16 7 79 70 61 60 52 43 42 41 33 34 35 27 36 44 53 45 46 37 28 19 29 38 39 
288 | 1 74 73 64 56 66 77 4 76 3 11 10 19 9 17 16 6 7 79 62 61 45 54 63 71 70 69 59 58 49 48 39 40 31 32 24 14 22 21 30 29 38 37 18 26 35 43 42 41 50 51 
284 | 1 10 20 19 28 29 38 39 30 31 32 22 14 12 13 4 76 67 58 49 48 57 66 65 56 55 64 73 72 0 8 80 79 70 61 60 59 68 69 50 41 42 53 45 36 44 34 33 24 25 16 7 
294 | 0 9 17 8 7 79 80 71 63 72 73 1 11 19 18 27 35 25 33 51 43 61 62 53 45 37 29 30 39 47 56 55 65 57 67 75 3 13 21 22 23 24 15 5 77 69 59 58 49 50 41 40 31 
303 | 0 8 79 80 72 73 63 71 61 60 69 68 77 5 6 15 16 25 26 18 27 35 44 36 37 38 48 49 50 58 66 75 76 3 2 11 10 19 29 30 40 21 22 13 23 32 33 42 43 52 53 45 46 55 56 65 
281 | 1 2 10 20 11 12 22 31 42 50 41 40 39 38 48 58 67 75 65 55 54 45 53 52 61 62 71 63 72 80 7 6 69 77 14 24 15 16 17 9 18 26 35 34 43 44 36 27 28 37 46 
284 | 0 8 7 16 15 14 23 13 5 77 68 69 59 49 40 39 31 41 33 34 26 35 27 37 47 46 45 54 53 43 51 61 70 79 80 72 73 1 10 19 29 21 11 12 3 75 67 57 66 65 64 
286 | 72 63 71 62 61 52 53 43 34 33 23 24 15 5 14 13 22 21 11 1 2 3 75 66 57 65 56 47 46 37 28 29 19 27 18 9 8 17 79 69 78 77 67 58 59 51 50 41 31 30 39 49 
288 | 17 9 19 18 26 25 33 32 23 22 21 11 2 3 13 5 4 76 75 74 65 57 58 67 77 15 6 78 69 61 71 63 62 53 45 54 55 47 48 39 38 29 30 40 41 50 59 51 42 43 35 27 37 
310 | 0 72 64 73 1 9 17 8 80 79 70 78 7 15 14 5 4 76 67 66 74 3 12 11 20 19 28 27 37 38 30 31 40 48 57 56 47 46 54 62 45 53 52 60 68 59 58 50 51 42 43 34 35 25 24 32 22 
296 | 72 80 70 71 63 64 55 46 45 54 62 61 60 69 77 6 7 8 0 1 2 75 65 56 48 40 50 59 58 57 67 76 4 12 13 14 22 32 31 30 20 28 27 36 53 52 44 35 34 24 16 17 9 10 
284 | 9 18 19 28 29 38 47 46 55 65 57 66 75 3 4 76 67 68 59 49 39 40 41 51 52 61 71 63 73 1 11 12 21 31 23 15 14 13 5 77 69 79 7 17 26 25 34 33 42 44 36 
287 | 10 11 12 3 2 75 74 65 66 76 4 5 6 78 77 68 58 59 60 69 70 61 52 62 54 64 55 46 45 36 44 34 35 18 26 25 16 15 14 22 21 20 19 28 29 38 30 32 42 51 50 48 
288 | 10 11 20 28 9 17 26 18 27 35 34 16 15 24 23 32 31 40 39 30 21 13 3 4 5 77 76 75 67 59 50 41 42 43 52 53 45 46 37 38 48 49 57 56 65 64 63 54 62 71 70 69 60 
290 | 9 17 26 35 27 18 19 11 2 1 73 63 54 62 71 79 7 6 5 15 25 33 32 31 40 41 50 51 42 43 44 36 45 53 61 69 78 77 13 3 75 67 49 48 39 30 29 38 37 47 55 65 74 
276 | 0 72 63 71 80 8 17 16 26 18 9 10 11 12 21 29 28 36 45 53 44 34 33 23 15 14 13 5 77 68 67 76 4 3 75 66 65 55 56 47 48 39 30 31 32 41 49 50 51 60 61 69 
284 | 0 72 80 8 69 68 78 6 15 25 26 35 44 43 53 45 55 54 62 61 51 50 59 58 49 48 47 39 31 40 41 32 33 23 22 21 30 29 37 36 27 18 19 11 2 74 65 66 57 76 4 
290 | 8 17 16 15 22 32 31 30 39 40 41 50 58 49 48 56 65 66 75 3 12 21 20 19 18 28 37 46 45 36 44 43 52 61 60 59 68 77 5 14 24 34 35 9 1 0 72 80 79 71 62 63 64 
284 | 0 80 70 61 62 54 63 64 73 74 2 11 21 30 29 28 19 10 18 26 17 16 7 6 78 69 68 59 50 49 48 57 56 66 67 76 4 12 13 14 23 31 32 24 34 42 51 52 44 36 46 38 
276 | 0 72 80 8 16 15 14 5 4 3 75 76 77 68 69 70 52 44 34 35 26 9 10 11 12 21 22 30 40 32 41 42 50 58 57 48 47 38 29 28 27 36 37 46 45 53 62 63 64 65 66 
285 | 9 17 25 34 42 33 32 31 40 48 47 46 55 54 63 62 71 79 7 6 15 23 14 13 4 76 68 69 61 52 51 50 59 58 57 66 65 73 1 2 11 12 21 30 38 29 28 19 27 36 44 35 
287 | 0 8 72 80 71 70 61 52 42 41 50 49 39 20 19 18 17 16 25 24 34 35 27 37 29 21 12 2 1 73 74 75 3 4 76 66 57 56 47 55 54 45 53 60 59 68 78 6 14 23 32 31 
288 | 8 0 10 18 19 28 29 38 47 48 49 50 58 66 56 46 36 44 34 25 26 16 15 6 78 79 70 62 71 54 63 64 73 74 2 11 12 21 4 76 68 60 51 52 42 33 32 40 30 22 23 14 
279 | 9 8 0 72 80 79 7 16 15 25 26 35 27 28 37 46 47 56 65 74 66 76 67 59 50 49 40 31 23 32 42 43 44 53 45 55 63 62 61 70 69 77 5 4 13 12 2 11 19 20 29 
284 | 9 17 7 79 69 60 61 53 45 44 52 43 51 59 67 76 77 5 15 24 23 31 39 40 49 41 33 25 35 27 36 37 29 28 19 20 21 13 4 75 3 11 1 73 65 57 56 47 55 63 71 
288 | 0 8 79 69 77 5 6 15 16 26 35 27 18 10 11 20 21 30 39 28 37 47 48 49 41 32 22 13 23 24 34 43 51 50 59 57 67 75 3 2 73 65 64 55 63 71 70 61 62 54 45 53 
288 | 1 2 3 13 23 33 43 53 62 71 70 61 51 41 31 22 21 11 10 9 17 7 6 79 78 69 77 5 15 16 25 35 27 37 45 54 55 65 64 63 73 74 75 67 59 58 49 57 47 39 29 19 
285 | 72 73 1 9 17 16 7 80 79 69 61 60 51 42 33 32 40 31 22 30 29 38 37 28 27 19 20 10 11 12 3 75 66 65 56 47 55 45 54 62 53 43 35 34 25 24 15 14 5 77 68 58 
292 | 0 8 80 72 62 45 54 53 61 70 78 6 5 77 69 59 67 75 74 65 64 55 47 39 48 57 49 41 50 51 43 35 27 26 18 19 10 11 2 3 13 23 15 16 25 33 32 31 30 21 29 37 
285 | 73 74 2 12 13 4 5 15 24 23 22 30 38 48 56 65 66 67 76 77 69 60 59 58 50 40 32 42 34 25 26 17 9 1 11 20 19 28 27 36 44 52 61 62 45 46 55 63 71 79 7 
291 | 0 1 2 10 18 27 28 37 38 29 20 30 39 40 48 58 67 76 66 56 47 46 45 54 64 74 73 72 80 8 16 24 32 22 12 13 4 14 6 78 68 60 70 62 52 53 44 35 26 34 42 50 
282 | 72 63 71 79 8 17 26 25 15 6 76 4 13 12 11 1 9 19 20 29 28 27 46 47 38 48 57 58 67 68 69 60 50 41 40 39 30 22 23 32 33 34 42 51 61 52 53 54 55 65 74 
288 | 0 1 73 72 64 54 62 71 70 79 78 6 7 16 17 26 18 10 11 20 21 31 39 46 47 38 29 28 36 44 34 33 24 23 14 13 3 4 76 75 65 56 57 67 68 59 60 51 52 42 41 49 
284 | 1 73 63 71 61 51 42 41 33 34 25 17 9 19 29 28 36 27 35 44 52 53 45 46 55 47 38 39 31 21 22 23 14 15 6 7 79 78 69 68 59 49 58 57 66 65 74 2 11 12 4 76 
280 | 9 18 27 19 11 12 3 75 73 1 80 8 63 54 55 65 66 67 58 68 77 78 6 5 14 13 22 30 29 38 37 47 48 39 40 32 41 50 51 60 61 62 45 53 44 35 26 25 24 33 43 
290 | 0 72 80 8 17 18 19 28 38 21 20 30 22 14 5 6 78 68 77 76 4 12 11 10 2 74 64 65 66 57 56 55 46 36 35 25 16 24 32 33 43 53 54 71 70 61 60 51 50 58 48 40 
279 | 0 17 34 32 40 48 30 29 28 19 18 35 44 36 45 46 55 56 57 58 50 51 52 61 62 70 69 68 67 76 75 4 5 78 79 7 16 25 24 23 22 13 12 2 11 10 1 73 64 63 80 
287 | 9 19 10 1 73 74 65 56 57 66 75 76 77 68 78 70 71 80 8 17 26 34 25 16 6 14 5 4 3 2 11 12 21 20 28 38 39 31 32 41 40 49 50 42 52 61 62 63 64 55 46 44 
291 | 0 1 73 72 80 8 79 7 16 15 5 77 14 23 33 25 26 18 19 10 11 12 3 75 65 64 55 47 39 31 22 21 29 37 27 35 43 51 41 49 57 66 58 59 68 69 70 61 53 45 54 62 
282 | 0 73 2 74 65 56 57 48 47 37 28 29 39 40 31 22 23 32 33 24 15 6 5 78 69 70 61 62 63 80 7 17 18 19 10 11 21 12 3 75 77 68 59 58 49 41 51 52 43 35 45 
290 | 9 17 25 24 15 23 32 31 21 30 29 37 38 39 48 49 50 41 42 43 34 35 27 45 53 52 61 71 63 55 47 57 67 59 60 69 78 79 7 6 5 77 13 3 75 65 64 73 1 10 11 19 
286 | 9 26 17 16 24 33 34 44 43 52 62 45 46 55 47 48 39 38 29 28 27 19 21 30 22 14 23 32 41 40 57 58 59 50 51 60 70 71 63 73 1 2 74 75 3 4 76 68 78 79 7 6 
281 | 0 72 80 8 17 16 25 33 43 51 42 41 40 49 58 48 56 47 46 36 35 44 53 61 70 71 54 64 65 74 75 3 4 76 68 69 78 6 15 14 22 31 30 29 20 11 2 10 18 28 38 
286 | 8 79 6 78 69 68 59 50 49 41 42 52 61 62 71 63 72 1 9 18 19 28 38 39 30 31 22 21 12 11 2 74 64 55 56 46 45 36 44 35 34 25 17 16 24 23 14 4 76 66 57 58 
286 | 0 8 9 17 72 80 79 78 6 7 16 25 24 33 32 41 50 51 60 70 61 62 54 45 53 43 35 27 37 29 20 19 10 1 2 74 73 64 55 56 66 47 48 39 30 22 13 4 76 67 68 58 
278 | 0 8 80 72 73 64 63 71 62 61 70 69 77 76 4 5 13 3 75 74 2 1 10 9 17 26 25 16 15 23 33 32 41 40 48 47 56 57 67 59 50 51 42 43 44 36 37 29 20 30 21 
279 | 0 72 80 8 7 79 70 71 63 64 73 1 2 3 11 10 9 17 26 18 19 29 38 39 48 57 67 59 58 49 50 41 32 31 30 21 22 23 13 5 6 15 16 25 33 42 52 53 62 54 45 46 
288 | 72 63 71 62 54 46 55 64 65 75 76 67 57 56 47 38 39 49 60 51 52 44 36 37 28 29 20 31 41 42 43 34 33 24 25 15 16 8 17 26 18 9 1 2 3 4 13 23 5 77 78 79 
285 | 72 0 1 10 18 28 27 35 26 34 52 53 45 46 54 62 71 70 79 78 6 7 17 16 15 14 23 24 32 31 39 38 56 49 50 59 60 69 68 67 76 66 65 64 73 74 2 11 20 12 13 4 
277 | 0 9 17 8 7 15 25 26 18 10 2 3 75 65 73 72 80 71 70 62 54 63 55 46 37 28 29 20 21 30 40 47 48 57 67 58 50 59 60 51 52 43 34 33 32 23 22 13 5 77 78 
283 | 1 2 12 13 4 76 67 58 68 59 60 52 43 44 36 28 37 38 47 55 54 63 62 71 70 69 78 79 7 6 15 25 17 26 18 9 10 11 20 21 30 31 22 23 33 42 50 49 57 65 74 73 
282 | 0 1 2 11 12 4 76 68 69 59 60 61 53 44 43 35 27 36 37 45 55 56 66 65 74 73 72 80 8 7 79 78 6 15 14 22 21 20 19 30 39 48 57 58 50 41 40 32 23 24 25 
290 | 0 9 17 8 80 71 70 79 78 7 15 23 24 33 34 44 52 53 62 54 63 72 64 73 1 11 21 20 29 28 36 45 46 47 56 65 74 66 58 48 39 31 41 50 51 60 69 68 76 5 4 3 
280 | 0 8 80 72 63 71 70 79 78 69 51 52 61 60 59 50 41 32 31 22 13 5 6 15 25 34 16 7 17 9 1 73 2 11 10 19 28 29 20 21 30 39 48 49 58 67 75 74 65 64 55 46 
283 | 73 64 63 54 62 71 70 69 59 50 49 58 57 47 48 39 38 28 27 36 44 35 26 18 9 17 7 79 78 77 5 15 6 16 34 42 51 41 32 23 13 3 75 65 74 2 1 10 11 21 30 31 
274 | 10 11 20 19 28 27 18 26 35 34 25 16 24 15 6 5 77 78 70 69 60 42 41 32 22 31 30 40 50 49 58 48 39 38 46 45 36 44 53 52 61 62 54 64 55 56 65 74 2 3 75 
280 | 1 10 9 17 26 18 27 35 43 51 50 59 58 67 57 48 47 37 38 29 30 39 40 41 42 33 32 23 22 13 21 11 2 73 74 65 64 63 54 53 45 62 71 70 69 78 79 7 6 15 16 
279 | 8 7 79 80 72 0 73 1 2 74 75 3 12 13 14 5 6 15 24 33 34 25 35 27 19 11 20 29 28 37 45 46 47 56 55 65 66 67 68 77 78 69 60 61 52 53 43 51 41 49 39 31 
276 | 0 1 73 72 8 16 17 9 18 26 25 24 33 34 43 52 51 50 41 32 31 22 21 30 11 2 3 4 76 77 69 78 7 79 80 71 62 54 63 64 55 56 47 46 37 28 29 39 48 49 58 59 
278 | 0 9 17 16 6 15 14 23 22 31 50 41 40 39 48 56 57 58 59 60 70 71 62 53 52 43 34 35 44 36 27 28 37 46 45 54 63 64 73 1 2 74 75 77 78 79 7 8 10 11 12 21 
281 | 0 8 80 7 16 17 18 27 26 35 34 33 24 32 40 50 58 57 66 75 3 2 1 10 11 20 30 22 23 14 5 77 60 69 78 79 70 62 54 63 72 73 64 56 48 47 46 45 36 53 44 
274 | 0 1 73 72 80 8 7 79 71 70 61 62 54 63 64 55 56 46 45 36 44 53 52 60 42 33 32 22 31 30 29 38 48 39 40 41 50 49 58 67 76 3 2 10 9 18 17 26 16 6 5 
286 | 0 10 2 74 64 56 57 66 58 49 41 42 52 43 44 36 37 28 20 21 12 13 4 76 67 68 78 6 16 8 17 9 18 26 34 24 14 23 22 31 39 38 46 54 63 72 80 71 62 70 60 59 
282 | 72 73 1 0 8 80 79 7 6 78 77 5 14 22 31 30 39 40 49 50 41 32 33 34 25 26 17 9 20 21 11 10 2 74 65 64 63 71 62 61 52 43 42 51 68 58 57 48 56 38 37 36 
291 | 9 19 11 1 73 74 65 66 67 76 75 3 4 13 21 20 29 30 39 40 41 33 34 25 26 35 36 45 53 44 27 18 17 7 79 6 15 14 5 77 69 60 59 50 51 61 62 71 63 54 55 46 47 
282 | 1 74 73 0 8 7 16 15 5 77 78 69 79 80 72 63 71 61 51 59 50 49 40 31 30 29 37 47 48 57 65 75 3 13 22 21 11 10 18 26 35 27 36 45 55 53 44 43 33 32 23 
284 | 1 73 64 55 54 63 71 62 61 70 79 78 69 59 50 49 48 57 67 75 65 74 2 11 3 77 5 15 6 7 16 25 17 9 10 19 21 30 40 41 42 43 35 27 37 38 39 31 32 23 13 
279 | 1 73 72 63 64 65 56 55 46 37 45 36 44 43 34 35 25 24 17 16 7 79 80 8 0 10 11 2 74 66 76 4 22 21 29 30 39 48 57 58 59 50 51 41 32 23 14 15 6 78 69 70 
286 | 0 9 19 18 35 26 17 16 7 8 80 79 70 71 54 55 64 73 72 63 62 53 36 37 29 30 20 10 1 74 2 3 75 76 77 5 4 13 23 24 42 32 31 40 49 50 60 59 67 56 47 48 
296 | 8 16 17 9 0 72 63 71 80 70 79 7 6 14 24 33 42 52 44 34 35 28 36 45 46 56 66 74 64 73 1 10 20 21 22 32 41 50 49 40 31 30 39 38 47 48 58 59 60 77 76 4 3 
289 | 0 72 71 63 73 1 11 19 9 17 8 80 79 7 6 78 69 59 51 52 61 53 45 46 55 65 74 2 3 75 67 77 5 15 25 34 35 27 28 29 21 22 13 23 33 41 49 58 57 47 39 31 
286 | 9 17 8 7 15 24 14 23 22 31 32 41 42 51 52 61 62 71 63 72 73 1 2 11 21 12 3 4 76 77 78 79 69 68 59 58 66 65 56 57 48 49 39 38 29 28 19 18 34 44 36 46 
278 | 0 9 18 28 20 21 12 2 74 66 67 68 59 50 49 58 57 56 46 37 38 39 31 23 22 13 14 6 78 70 71 54 44 43 52 51 41 32 33 34 16 17 8 7 79 80 72 63 64 73 1 10 
286 | 0 9 18 10 1 2 12 4 76 68 78 79 70 62 71 80 64 55 56 65 66 58 59 60 52 51 42 41 50 49 48 39 30 29 38 28 20 21 22 31 32 24 14 15 16 25 34 35 44 36 45 46 
279 | 0 72 1 10 18 26 25 34 35 27 28 29 20 21 12 2 74 73 64 54 45 46 38 39 47 56 57 66 67 59 50 49 40 31 32 33 42 51 52 53 62 61 60 69 77 76 4 13 5 15 24 23 
288 | 72 80 8 0 9 17 16 26 18 27 36 44 34 24 33 42 41 32 31 12 22 23 14 5 6 79 70 60 52 53 62 71 63 64 54 46 56 47 38 39 48 49 68 58 57 66 75 74 1 10 20 28 
286 | 0 1 2 73 74 65 64 63 72 80 71 61 59 41 51 42 43 33 23 13 5 77 67 75 3 11 21 29 39 38 37 18 19 10 9 8 17 26 25 16 15 6 7 79 78 69 70 62 54 55 47 57 
277 | 0 1 10 9 17 8 80 72 63 71 62 54 55 56 57 66 67 58 77 78 79 70 60 61 52 43 42 51 50 41 49 48 39 30 29 38 37 28 20 19 18 26 25 24 23 32 31 22 14 13 3 2 
284 | 0 72 80 79 7 6 78 8 17 9 18 26 34 33 24 23 14 13 22 31 21 12 20 28 37 47 38 29 39 49 58 57 56 46 54 63 71 62 52 43 42 41 51 60 59 68 67 66 74 73 1 2 
285 | 72 8 17 26 18 9 10 11 20 19 28 45 46 37 38 29 21 31 30 39 49 41 42 51 50 59 60 69 70 71 63 64 55 54 62 61 52 43 34 35 25 16 6 14 5 77 76 66 75 3 4 74 
277 | 0 8 7 16 17 9 10 19 28 37 36 46 47 55 64 63 72 80 71 79 70 51 52 53 43 44 35 34 33 42 41 49 39 38 29 21 22 31 23 14 5 77 76 4 12 3 75 66 57 58 59 68 
289 | 0 64 55 54 45 46 38 48 57 56 66 75 74 1 9 19 28 27 36 44 53 62 70 78 77 5 4 3 11 12 13 22 21 30 31 32 23 14 15 7 8 17 25 35 34 42 52 61 60 68 59 50 
280 | 0 9 72 63 55 47 38 29 28 19 20 12 21 22 13 4 3 75 66 57 56 46 37 36 44 35 34 25 26 43 42 33 32 41 40 50 51 52 53 62 61 69 68 58 67 76 77 78 6 5 14 15 
279 | 9 17 8 0 1 10 19 20 21 12 2 74 73 64 63 72 80 71 61 60 51 50 42 33 24 23 32 40 48 47 38 29 30 22 14 25 16 7 79 70 78 6 68 59 58 57 66 56 55 36 44 
276 | 0 72 63 71 70 79 80 8 17 9 20 11 10 1 2 75 66 76 4 13 22 31 32 41 42 33 34 35 27 26 25 24 23 14 5 78 69 60 67 58 57 56 47 48 49 39 38 46 55 54 45 53 
293 | 0 72 64 63 80 8 9 10 20 19 27 26 16 7 24 34 43 44 36 45 55 56 66 75 74 2 3 76 4 12 30 38 48 39 40 50 59 58 68 60 52 42 41 32 22 23 14 6 78 79 70 62 
284 | 0 72 73 74 2 1 10 11 19 18 9 26 17 16 24 25 34 42 41 49 58 39 47 37 38 29 31 22 12 3 4 14 5 6 78 77 68 76 66 75 65 64 63 71 70 61 60 52 62 54 55 
283 | 72 80 8 0 9 17 26 16 7 79 70 71 62 45 63 55 56 57 48 47 39 30 29 37 27 19 20 21 12 22 13 14 4 76 67 68 59 60 51 52 43 34 33 24 23 32 41 50 58 66 74 2 
268 | 0 8 80 72 73 1 10 11 20 21 12 13 14 15 24 23 32 31 30 38 48 49 50 42 43 52 53 45 46 37 28 27 36 44 35 34 16 7 79 70 69 60 59 68 67 66 56 57 65 64 
287 | 1 10 2 74 73 64 54 46 47 39 38 29 28 37 36 44 53 43 42 51 41 33 25 35 18 17 8 0 72 80 71 61 69 59 58 57 66 67 68 77 76 5 4 13 12 21 22 23 14 15 6 78 
275 | 72 0 9 17 26 18 19 28 37 38 29 30 39 48 47 46 55 54 63 71 62 52 61 70 69 60 50 49 40 41 32 31 12 11 2 74 65 66 75 3 4 76 77 5 78 6 15 24 16 25 34 44 
280 | 1 10 2 12 20 19 9 0 72 80 71 7 8 17 16 15 14 4 5 78 79 70 61 60 68 76 75 66 65 73 64 63 54 62 53 45 46 38 48 39 30 40 50 41 32 42 34 35 26 18 27 
286 | 0 72 73 74 2 1 10 9 27 28 38 37 46 45 53 44 35 34 26 25 33 41 42 43 52 51 61 62 63 64 56 48 49 58 59 68 69 78 79 7 6 14 15 23 22 31 30 20 12 4 76 66 
278 | 0 72 80 79 70 69 78 6 7 8 16 15 32 23 13 22 31 40 49 48 57 58 67 59 50 42 52 43 34 26 35 27 28 18 10 11 2 1 73 74 65 64 54 62 53 45 46 37 38 30 21 
281 | 0 9 1 73 72 63 46 37 28 19 11 12 3 13 14 22 21 29 38 47 55 65 75 66 57 58 68 67 76 4 5 77 70 71 62 53 36 44 43 52 42 51 50 40 41 32 33 34 35 26 17 16 
288 | 0 10 2 74 66 56 57 58 50 32 39 47 38 29 20 21 22 13 12 3 75 76 4 15 14 5 77 67 68 69 79 7 17 18 26 25 34 43 52 44 36 27 28 37 46 45 54 62 61 71 72 64 
285 | 10 9 0 8 7 16 15 14 13 3 75 74 2 11 19 28 27 35 26 34 24 32 31 22 21 29 38 47 46 45 55 65 64 63 72 80 79 70 62 53 52 42 41 50 60 69 68 67 57 58 49 39 
283 | 9 10 11 2 1 73 74 66 57 48 49 50 51 42 33 23 32 31 30 21 13 3 76 68 59 60 61 70 62 71 63 64 54 55 56 47 38 29 19 27 36 44 35 25 17 16 7 15 6 5 78 79 
289 | 1 10 11 3 75 65 73 72 0 8 79 71 80 63 64 55 46 45 53 52 61 70 69 59 50 49 48 57 67 77 5 14 13 12 21 20 29 38 39 31 41 42 33 23 24 15 7 16 26 18 27 35 
283 | 0 9 18 26 34 25 17 8 7 79 78 69 60 61 52 42 41 50 59 68 76 5 15 24 23 32 31 30 39 48 49 57 56 65 66 74 73 1 11 3 13 21 20 19 28 38 46 55 54 63 71 62 
274 | 72 64 73 1 0 10 19 18 26 25 16 7 8 80 79 70 61 62 54 55 46 38 48 56 57 66 75 76 77 4 12 21 29 37 36 44 43 42 33 52 60 68 59 58 49 50 40 31 22 23 14 
275 | 1 73 65 57 48 47 46 55 54 63 71 61 62 52 51 50 49 40 31 32 23 15 7 79 69 68 59 67 66 76 4 14 13 12 11 19 18 9 17 26 25 33 34 43 44 36 37 28 29 30 21 
286 | 72 0 8 80 70 61 62 53 45 46 57 49 41 42 51 52 60 59 68 67 76 4 13 14 23 31 21 29 39 38 47 55 64 65 74 2 10 11 19 28 27 36 44 35 26 34 33 24 25 16 6 78 
287 | 73 64 74 2 1 10 9 18 26 17 16 7 79 70 71 63 54 62 53 52 51 50 41 32 24 33 34 44 36 45 46 47 56 48 39 29 28 20 30 22 12 13 14 6 78 68 60 58 66 67 76 4 
283 | 0 72 80 8 16 6 5 14 4 76 3 74 2 12 13 22 31 30 39 38 47 56 55 64 54 62 61 60 70 78 68 67 66 57 49 48 59 50 51 42 41 32 24 34 44 36 28 20 10 26 18 
285 | 0 9 18 19 28 37 46 54 62 71 63 79 8 17 26 25 34 43 52 51 60 59 50 41 33 23 32 31 30 29 39 48 47 56 57 58 68 69 78 6 15 5 76 66 65 74 73 2 3 13 21 11 
286 | 0 9 18 26 35 25 34 43 52 53 62 71 80 79 6 15 14 23 32 33 41 31 21 20 29 28 27 37 55 54 45 46 47 39 48 49 59 51 60 69 68 77 76 4 3 12 11 1 74 66 57 65 
279 | 0 10 19 28 38 47 48 57 66 67 59 49 40 32 31 21 20 11 3 2 74 65 64 72 8 16 15 23 14 13 4 76 77 6 78 69 60 61 70 80 54 45 46 36 44 35 26 34 33 42 52 
288 | 8 17 9 19 29 38 47 39 30 21 11 2 1 73 74 75 3 4 76 67 68 69 78 6 25 16 15 14 13 22 32 33 41 42 51 50 58 48 57 65 55 45 36 27 35 44 53 61 70 71 63 80 
286 | 10 11 2 1 73 72 80 70 79 7 16 15 6 77 69 60 52 62 54 64 65 56 46 36 44 42 50 59 68 67 58 40 30 21 12 22 14 23 32 33 34 26 18 28 29 38 48 57 66 75 4 
277 | 9 17 26 25 24 34 35 27 28 19 20 21 30 40 50 60 69 61 62 63 71 79 7 15 14 4 76 68 59 58 48 38 37 46 55 56 57 66 74 73 1 2 12 22 23 32 42 43 52 53 45 
287 | 8 7 15 5 14 23 22 21 20 11 2 75 65 66 57 47 37 46 55 45 54 62 53 70 79 78 69 60 59 58 49 48 39 29 30 31 32 41 50 51 43 34 33 25 26 35 27 18 10 1 73 72 
279 | 1 73 74 65 55 54 63 71 79 7 6 15 14 5 77 68 69 70 60 52 53 44 36 27 28 20 11 10 9 17 26 25 34 33 22 13 12 3 75 66 67 58 50 42 32 40 30 38 48 47 46 
288 | 0 72 64 56 48 39 40 30 21 12 2 74 65 66 57 58 59 50 51 42 33 32 22 23 14 15 16 25 35 18 26 17 7 79 5 76 4 77 68 69 70 61 71 54 62 53 36 46 28 20 11 10 
267 | 17 16 26 35 34 33 42 50 51 52 53 54 45 46 62 70 71 63 64 74 75 76 67 66 58 68 77 78 6 5 4 14 13 12 3 2 10 9 18 27 28 38 39 48 40 41 32 22 30 
280 | 0 8 80 72 73 64 55 65 74 66 58 68 59 60 51 43 33 32 31 40 49 48 47 37 36 45 62 53 44 35 27 18 10 20 29 21 22 12 2 75 76 4 5 14 15 25 16 7 6 78 70 
284 | 0 8 72 80 70 71 62 54 63 64 74 2 10 9 18 26 17 16 78 6 14 23 32 24 33 42 43 52 51 60 68 59 50 49 48 40 30 38 29 20 21 12 4 76 66 57 56 47 46 37 36 44 
287 | 1 2 74 75 66 67 68 76 77 78 6 7 17 9 18 27 35 26 25 24 33 43 44 53 62 54 45 36 37 47 55 64 63 71 70 61 51 41 31 22 13 14 5 4 3 12 20 19 29 39 49 58 
287 | 8 0 1 73 74 2 11 12 13 14 15 24 25 26 35 27 18 19 20 30 31 32 41 42 43 44 36 37 38 39 48 49 50 61 62 53 45 54 55 56 65 66 67 68 60 69 78 6 7 79 80 72 
267 | 9 18 26 17 25 16 15 6 7 79 78 69 70 61 62 71 63 54 55 64 73 1 74 65 57 49 39 47 37 38 29 19 10 2 11 21 13 23 22 31 40 41 43 33 42 51 59 58 67 
279 | 0 1 73 64 63 71 72 10 20 21 12 13 4 77 5 76 67 66 57 56 47 46 54 53 44 43 33 24 23 31 40 41 51 61 70 69 60 59 49 39 38 29 28 36 35 18 9 17 16 15 25 
290 | 9 10 2 12 3 74 75 66 57 58 59 68 77 78 69 70 71 63 64 55 56 47 38 37 29 39 49 41 42 33 34 35 26 17 16 15 6 5 14 23 31 22 21 20 19 27 36 45 62 53 52 43 51 
289 | 8 80 71 54 55 64 74 2 3 75 66 57 56 47 38 29 37 36 45 53 52 44 35 27 18 10 19 20 21 12 14 6 5 4 76 77 68 60 61 70 78 79 7 17 16 25 34 24 31 41 40 39 49 
282 | 0 8 17 9 18 27 26 34 33 32 50 42 51 52 62 71 63 72 80 79 7 6 78 77 5 14 23 22 13 4 76 67 68 59 58 57 56 47 48 39 38 30 21 20 29 19 10 1 73 64 55 54 45 
268 | 0 72 1 73 64 74 2 4 12 20 19 28 29 30 39 46 37 56 57 66 67 68 59 60 49 41 32 22 13 14 24 33 25 34 43 52 62 54 63 71 70 78 6 7 79 80 8 17 9 
301 | 0 72 71 63 54 64 55 46 56 57 66 67 59 68 78 69 61 53 44 36 35 25 33 32 42 43 51 50 49 48 38 28 18 9 17 7 79 6 15 23 14 13 12 21 31 40 30 20 19 10 1 73 74 2 
294 | 0 8 80 72 73 65 55 45 53 44 36 27 18 10 2 75 3 4 76 67 58 57 48 47 38 37 28 20 12 22 31 30 40 32 24 14 5 77 6 16 26 35 34 43 42 51 50 59 69 61 63 71 79 
284 | 17 26 25 34 42 52 61 62 70 71 54 46 55 64 65 74 75 67 58 57 48 40 49 50 59 69 78 77 5 6 16 15 23 32 31 30 21 22 13 4 76 3 2 11 10 19 18 44 36 28 38 
286 | 0 73 80 72 63 54 62 53 61 60 68 67 66 57 48 47 55 45 37 38 39 30 29 20 19 18 27 35 26 25 17 8 7 78 77 76 5 4 75 2 3 12 13 14 23 32 33 41 50 51 42 43 
280 | 0 8 7 6 14 23 24 34 35 44 52 60 59 68 69 79 71 63 80 72 73 1 2 10 9 17 16 26 18 27 28 36 46 38 47 56 65 66 57 48 49 50 51 42 32 31 30 21 20 12 4 
287 | 1 10 20 12 13 14 24 6 5 77 68 67 66 75 3 2 73 74 65 57 58 49 59 69 78 79 7 16 26 18 27 28 36 37 38 39 31 22 41 42 52 43 34 35 44 53 45 46 54 63 71 62 
288 | 0 8 80 72 64 56 46 38 29 19 10 11 2 74 65 75 67 58 57 48 39 40 31 22 21 12 4 77 78 6 16 15 14 23 33 25 34 42 41 50 59 60 69 70 62 52 44 35 27 28 36 54 
299 | 9 26 17 8 7 79 80 71 62 63 55 45 46 37 47 48 58 67 66 65 73 1 11 2 74 75 3 12 13 22 14 5 6 78 77 68 60 50 51 52 43 34 33 24 32 41 40 39 30 29 19 28 27 44 
294 | 8 17 26 25 33 23 15 5 6 7 79 69 59 67 77 13 21 31 39 29 37 47 57 49 41 51 43 44 35 27 36 45 53 61 62 71 80 72 73 63 54 55 65 75 3 2 11 1 0 9 18 19 
289 | 8 7 79 78 77 4 75 74 73 1 0 9 17 15 23 24 25 35 27 36 37 46 45 54 55 63 71 62 53 44 43 33 32 41 51 52 61 59 58 67 57 47 39 30 29 19 20 11 21 13 22 31 
282 | 10 20 29 30 22 31 32 33 42 43 44 36 28 37 38 46 47 56 48 40 49 58 50 51 52 60 68 77 76 4 12 2 3 75 66 74 64 54 62 70 78 6 5 14 24 34 35 27 18 26 16 
285 | 0 9 18 19 27 35 34 25 26 17 16 6 7 80 71 63 64 73 74 75 66 67 76 5 14 13 4 12 20 21 22 31 40 39 29 38 37 46 45 55 54 53 62 61 60 51 43 42 41 49 58 59 68 
281 | 0 8 7 16 17 9 18 27 26 35 44 36 45 53 62 54 63 73 64 65 74 2 11 10 1 72 80 71 70 79 78 6 15 14 23 32 41 50 49 58 59 69 68 76 4 12 21 22 31 30 39 48 57 66 
294 | 8 7 79 80 72 73 1 0 9 17 25 34 33 32 40 39 48 47 37 27 36 45 44 52 42 51 50 60 61 71 63 55 56 65 66 57 58 59 69 68 76 4 14 15 24 23 22 12 21 30 29 20 19 11 
297 | 72 73 64 56 57 65 66 67 59 60 51 52 43 42 41 50 49 40 31 23 24 16 15 14 13 4 77 76 3 2 1 10 9 8 7 78 79 70 71 62 54 45 46 37 38 39 30 21 20 29 28 18 26 35 34 
299 | 0 80 71 63 64 55 46 37 28 29 30 39 38 45 54 62 70 59 69 60 61 52 43 35 26 18 19 10 9 17 16 25 34 42 51 50 49 41 40 31 21 20 11 3 4 76 75 66 57 67 77 5 14 13 23 
299 | 0 72 73 1 2 74 75 3 4 5 13 22 21 30 38 37 46 45 53 52 43 34 35 27 28 20 10 9 17 16 24 23 32 40 42 50 60 59 58 57 48 56 64 63 71 70 79 80 8 7 6 78 77 76 67 
280 | 0 8 80 72 1 74 2 11 12 20 30 31 22 32 40 49 58 59 51 61 52 43 44 35 18 26 27 36 45 53 62 71 63 54 46 37 47 55 65 57 66 68 69 78 6 7 15 24 14 4 76 
299 | 9 0 8 17 7 6 15 14 23 22 31 39 47 38 29 19 28 27 35 25 33 34 42 41 49 58 59 68 69 78 79 80 71 63 72 1 73 74 2 11 21 12 4 76 66 57 65 55 46 45 53 52 51 61 
304 | 0 72 63 71 80 8 17 16 25 24 33 42 43 52 53 62 45 55 56 64 74 75 66 67 58 68 59 50 60 70 79 6 78 5 14 13 12 20 30 21 22 32 40 48 47 38 37 28 27 35 18 9 10 1 2 
300 | 0 8 80 72 64 73 74 66 76 4 12 2 1 10 18 26 35 44 36 28 29 20 21 22 14 23 32 41 50 59 58 57 56 48 40 39 30 38 46 45 54 62 52 51 42 34 24 16 6 7 79 78 68 60 70 
280 | 9 18 28 38 30 22 12 11 20 2 74 1 73 72 0 17 26 34 24 15 7 8 80 79 71 62 63 54 46 36 44 52 42 32 40 48 58 50 60 69 68 78 6 14 4 76 66 65 56 
278 | 0 72 64 63 54 62 53 45 47 48 39 40 30 29 38 37 27 35 43 42 33 32 41 50 51 70 71 80 8 16 17 26 18 9 10 2 3 12 13 22 14 5 6 78 77 68 67 58 66 75 74 
296 | 0 72 80 8 9 17 26 35 43 52 61 70 71 63 64 55 54 45 37 28 29 21 22 23 31 41 49 58 57 65 74 75 4 5 6 15 16 25 33 42 51 59 60 69 77 76 3 11 10 19 20 39 38 47 
307 | 72 80 79 70 69 60 68 59 50 40 30 38 48 47 46 54 62 52 53 44 36 27 28 20 21 22 12 11 10 18 26 34 42 33 32 24 16 15 6 7 8 0 1 73 64 65 56 58 66 74 75 76 5 14 4 
284 | 8 72 71 61 62 53 52 51 41 40 39 29 19 18 9 26 25 34 43 35 44 36 27 28 37 46 45 54 55 47 57 66 75 74 2 11 12 3 4 76 67 58 68 69 78 77 5 6 14 13 22 23 33 
299 | 9 1 73 72 80 79 7 8 0 17 26 35 27 18 36 44 53 45 46 38 48 39 30 31 21 20 13 4 3 2 75 65 55 54 63 71 62 61 52 42 41 32 23 24 6 5 77 67 57 58 49 50 59 69 
303 | 1 2 3 12 20 10 9 18 28 36 44 43 42 52 54 62 71 63 64 73 74 75 66 58 56 46 37 38 48 50 60 70 79 7 6 78 77 68 67 76 4 5 14 13 22 30 40 32 24 16 17 26 34 
298 | 1 2 3 13 12 11 21 22 23 15 16 7 79 69 78 6 5 77 68 59 51 52 61 62 71 63 55 64 65 57 58 67 75 74 73 72 8 17 9 18 19 28 29 38 47 39 40 41 42 33 25 35 44 36 45 
299 | 0 9 10 1 2 3 74 64 73 72 63 54 62 71 70 78 79 80 8 7 6 16 17 26 18 28 29 20 21 31 41 49 40 39 47 37 46 56 57 66 67 77 76 4 13 14 23 24 34 33 43 52 51 59 60 
298 | 9 0 8 17 26 25 34 33 43 42 41 40 31 32 22 14 13 5 4 12 3 75 76 77 68 69 60 61 53 44 36 27 19 20 11 1 73 72 80 7 79 71 63 54 55 46 37 38 39 47 48 49 58 66 67 
296 | 0 9 8 7 16 15 24 23 32 41 42 34 43 52 62 53 44 35 26 27 19 11 2 1 73 74 65 57 47 39 31 40 49 50 59 60 69 70 79 80 72 63 55 45 36 37 29 21 13 3 75 67 77 5 
308 | 0 9 19 18 27 35 26 34 42 43 51 59 50 58 67 76 77 6 14 23 22 13 4 3 74 66 57 56 47 48 40 32 33 24 16 7 80 64 73 1 11 21 30 29 38 37 46 54 45 53 62 61 71 79 69 
298 | 0 80 79 70 62 54 63 64 73 74 2 1 10 11 12 3 4 76 77 68 69 78 6 7 16 17 26 18 20 28 38 47 39 30 31 22 23 14 24 33 34 42 41 50 49 58 66 57 56 46 36 44 52 60 
303 | 0 8 80 79 78 6 77 69 61 71 63 72 73 65 55 53 45 36 37 28 27 35 44 43 42 50 51 59 67 57 49 48 47 38 29 30 22 14 5 4 3 75 74 2 12 20 10 18 26 16 24 34 33 32 40 
298 | 1 10 0 17 26 18 35 34 25 15 6 5 14 23 22 12 74 65 55 46 45 44 36 28 29 38 47 39 30 31 40 41 33 42 52 51 50 49 58 57 66 75 3 4 76 77 68 70 79 80 63 54 62 
294 | 9 17 7 79 69 68 77 76 5 4 3 12 13 21 11 1 73 65 75 66 57 67 59 51 52 61 71 63 55 47 37 46 45 53 43 33 23 14 15 25 34 35 44 36 27 19 28 29 31 41 40 39 49 
303 | 0 1 74 66 56 64 73 72 63 71 62 54 61 69 78 6 16 17 7 79 80 8 9 19 18 26 34 35 27 36 44 53 45 46 38 29 30 39 40 41 42 51 50 59 67 77 76 4 3 2 11 21 13 14 24 
281 | 1 73 2 74 3 75 66 67 58 57 49 39 38 29 37 28 27 18 9 17 26 35 34 43 42 41 33 23 31 22 21 12 13 14 5 6 79 7 78 77 68 59 51 52 53 62 71 63 54 45 46 47 
286 | 0 72 80 8 16 15 6 78 69 70 61 52 53 45 64 55 46 37 38 30 21 11 10 19 28 27 35 25 34 43 42 41 32 23 31 40 49 50 59 67 75 76 77 5 13 4 3 2 74 65 57 48 39 
298 | 0 8 17 19 28 27 26 35 25 16 15 23 32 31 41 33 42 51 60 61 52 53 45 54 63 55 64 65 57 47 48 49 40 39 38 29 20 21 13 4 5 77 76 67 75 3 11 2 1 72 80 79 78 69 59 
303 | 72 73 1 0 8 80 79 7 6 78 70 69 60 50 40 39 48 58 68 77 5 14 22 30 20 10 18 26 16 15 24 34 44 36 28 38 37 46 56 65 66 75 3 12 11 2 74 64 54 62 52 43 42 41 32 
297 | 0 1 73 65 66 57 56 47 48 49 40 31 32 23 24 33 42 51 50 59 68 69 77 76 3 4 14 15 16 17 7 79 80 70 71 63 64 62 52 43 44 36 45 37 28 38 29 30 21 12 11 10 9 18 35 
300 | 9 18 27 28 37 46 45 54 63 71 62 53 52 60 59 50 41 40 39 38 48 57 56 65 64 73 1 10 11 20 30 21 13 4 3 75 67 76 77 69 70 79 7 16 17 26 35 34 43 42 32 23 24 15 5 
291 | 1 10 19 28 38 39 49 40 31 30 21 11 3 2 74 75 65 57 47 46 55 54 63 71 62 61 52 53 45 36 44 34 35 27 18 26 25 15 16 7 6 78 69 77 67 58 59 51 42 41 32 23 13 5 
296 | 0 1 9 19 28 29 20 11 12 13 22 23 32 33 34 25 26 17 8 80 79 7 6 15 4 76 67 68 69 60 61 52 51 42 50 49 58 57 48 40 31 30 38 47 46 55 65 74 73 72 71 63 54 44 36 
286 | 18 27 19 28 29 37 46 55 54 62 45 36 44 53 61 52 43 34 35 26 25 33 23 15 14 13 12 3 4 76 77 5 6 78 69 68 59 51 41 40 49 57 65 66 67 75 74 2 11 21 31 39 47 
296 | 1 10 19 28 27 36 44 53 52 61 60 70 71 80 79 7 78 77 76 4 13 14 23 24 33 34 35 26 9 8 0 72 73 2 3 20 30 22 32 41 42 50 58 67 66 56 57 48 40 39 38 47 46 45 54 
300 | 1 72 63 64 56 57 58 59 67 66 75 3 2 11 30 21 22 13 14 5 77 69 78 79 70 71 61 52 53 54 46 45 36 44 35 26 34 42 51 50 40 48 38 29 28 27 19 10 9 8 17 16 24 23 32 
294 | 17 16 25 26 35 33 15 6 5 77 78 69 61 51 42 41 31 22 13 3 75 67 66 57 58 49 38 46 45 54 55 56 65 73 72 0 1 11 12 21 20 19 28 18 27 36 53 62 71 70 79 80 8 7 
300 | 1 73 74 2 3 75 65 66 67 58 57 48 39 47 46 55 54 63 71 62 61 52 51 60 69 59 68 77 5 6 78 79 7 17 9 18 26 25 34 33 41 32 23 15 14 13 22 21 12 11 20 19 28 29 36 44 
280 | 9 0 8 17 26 18 27 35 34 24 14 23 32 41 50 49 48 39 31 30 29 28 20 11 2 74 75 66 56 57 76 77 68 69 60 51 52 53 45 46 54 62 71 63 72 80 78 6 5 4 3 12 
303 | 72 63 64 56 48 39 30 29 21 20 12 3 4 13 24 32 40 41 50 59 60 51 43 34 35 27 18 19 10 1 73 74 75 76 67 68 77 5 6 79 7 16 17 9 0 8 80 71 62 70 61 53 45 46 37 
304 | 1 2 75 66 67 58 49 41 31 40 48 56 64 55 46 36 44 43 51 33 25 26 17 9 10 20 19 18 28 38 39 30 22 13 12 3 74 73 63 54 62 71 80 8 7 79 78 6 15 14 5 77 68 69 61 
301 | 9 17 1 2 11 12 3 75 66 65 74 73 63 71 45 46 55 56 48 38 28 19 20 30 39 40 31 22 32 24 15 14 5 6 7 79 78 77 68 60 69 61 52 53 44 36 27 35 25 34 42 41 50 49 58 
305 | 8 9 18 19 28 37 29 20 11 1 73 72 64 65 74 75 3 13 21 31 22 23 15 6 5 77 69 59 60 61 52 43 33 34 26 25 16 7 79 71 62 54 55 46 47 57 67 58 49 39 40 41 51 44 36 
272 | 0 9 17 8 80 72 63 71 61 69 60 50 49 58 59 67 76 4 13 22 21 20 11 19 28 37 36 44 43 52 51 42 33 34 25 24 15 23 32 31 30 29 38 46 55 47 48 57 56 65 
297 | 8 0 72 80 71 63 64 65 74 2 3 75 76 4 13 23 31 40 39 29 30 21 11 10 19 9 17 25 16 15 6 5 77 78 69 70 61 51 41 32 33 43 35 27 37 45 53 55 47 57 48 49 50 59 67 
289 | 9 17 16 15 25 26 35 27 18 19 10 11 3 4 76 77 5 13 22 23 32 33 42 51 59 50 41 40 39 30 21 29 38 48 47 37 45 43 53 62 61 69 70 71 63 54 55 64 65 57 58 67 75 
291 | 8 80 71 70 79 7 6 5 78 77 67 59 50 41 32 40 39 48 47 38 37 29 30 21 13 23 33 25 16 17 9 10 19 27 35 43 42 51 61 53 45 55 64 63 72 0 1 73 74 2 3 75 57 
293 | 72 0 1 10 11 2 3 75 74 65 64 63 62 54 46 47 38 39 30 21 13 23 32 41 42 52 51 49 57 58 59 69 78 70 71 80 8 7 6 77 5 15 16 25 35 44 36 27 26 17 9 18 19 
293 | 0 1 73 72 63 54 62 71 80 79 8 7 15 14 23 24 33 32 22 12 11 20 21 30 29 38 47 39 48 57 66 65 56 46 37 28 18 9 17 26 34 43 42 41 50 58 59 60 51 52 69 68 76 4 
284 | 0 8 80 72 64 65 56 55 54 62 70 69 60 61 52 53 45 46 37 38 30 39 48 40 32 41 50 42 43 34 24 14 15 25 16 26 35 27 18 10 19 28 20 11 12 3 4 5 77 68 76 75 66 
287 | 0 1 10 9 17 8 7 16 26 18 28 29 20 21 12 13 4 75 66 67 58 68 77 69 79 80 72 63 71 61 52 44 36 34 51 42 33 24 14 23 32 41 40 31 30 39 38 47 46 55 65 73 
287 | 0 8 17 26 18 27 20 19 9 10 1 73 72 63 64 55 54 62 53 61 60 70 71 80 79 7 16 25 15 6 78 77 67 58 57 65 74 2 3 13 22 23 32 33 42 41 31 40 49 48 39 38 47 
290 | 0 9 17 8 7 6 14 15 16 25 34 35 26 27 18 19 28 38 39 30 22 32 41 42 52 61 53 45 46 55 54 62 71 69 79 80 72 63 73 2 1 10 11 12 4 76 68 59 58 49 57 65 66 
298 | 9 8 80 79 78 68 76 77 5 4 75 74 2 1 11 3 12 21 22 14 6 7 16 24 32 31 39 29 28 37 38 47 46 45 36 44 35 27 26 34 42 52 53 62 70 60 50 49 58 57 66 65 73 63 
287 | 0 9 17 8 7 79 70 69 68 60 52 61 71 80 72 63 55 46 56 48 38 39 30 22 14 15 16 25 24 32 31 40 49 58 50 41 42 34 44 36 28 19 10 1 73 64 65 66 76 4 12 11 20 
285 | 8 17 9 10 11 12 21 31 40 48 47 38 30 29 19 18 27 45 62 71 63 54 55 64 65 66 57 49 59 68 77 76 4 5 14 23 15 6 7 16 25 26 34 33 42 51 52 61 70 80 79 78 69 
283 | 8 72 71 60 69 68 59 50 49 40 31 30 21 11 20 19 27 36 44 35 26 9 18 28 37 46 47 56 65 55 54 45 53 62 61 52 43 33 34 25 24 15 14 13 12 3 4 5 77 76 75 66 67 
306 | 1 2 11 10 20 28 37 38 47 55 54 45 53 62 52 60 50 49 58 57 48 39 30 31 41 32 33 42 43 35 27 18 26 25 16 15 23 22 12 3 4 5 6 78 79 8 72 64 65 74 75 76 77 68 69 70 
290 | 1 10 9 0 8 16 6 14 13 4 5 76 75 66 67 59 60 52 43 42 41 49 40 31 32 23 24 33 34 26 18 27 28 37 46 54 53 62 71 70 79 80 72 64 74 56 57 48 47 38 39 21 20 
292 | 0 8 7 16 17 26 35 34 43 52 62 53 45 54 63 71 80 72 73 64 74 75 3 2 1 10 9 18 27 28 20 30 31 32 24 13 5 6 77 78 79 70 60 50 49 41 40 39 48 67 56 46 37 
285 | 8 17 26 16 7 79 78 77 5 14 13 12 3 74 73 1 0 10 9 18 27 28 38 37 36 45 46 55 56 47 48 57 66 75 76 68 59 60 61 53 52 43 44 35 34 42 51 50 40 30 22 31 32 
293 | 0 1 73 72 80 8 16 15 24 23 32 34 35 26 9 10 11 21 12 13 14 5 4 3 75 76 67 77 68 59 50 40 39 38 28 37 27 36 46 45 53 44 43 52 60 69 70 62 63 64 65 66 57 
278 | 74 65 66 75 76 4 3 2 11 12 20 21 22 23 24 15 14 6 5 77 78 69 68 59 58 57 48 47 56 55 46 37 28 27 18 26 35 34 25 33 32 31 40 49 60 52 53 62 54 45 36 44 43 
307 | 0 72 63 71 62 61 51 50 59 49 48 57 47 37 38 39 30 29 21 31 23 32 41 42 33 43 53 45 54 55 65 73 1 74 75 3 2 11 19 27 35 26 18 9 17 25 8 80 79 7 78 69 77 5 15 6 
286 | 8 17 0 9 18 19 28 27 36 45 62 54 55 46 47 39 40 41 31 21 20 11 12 13 14 5 15 23 24 25 26 34 35 44 53 52 51 61 70 69 78 77 76 4 3 75 74 64 65 57 58 59 67 
287 | 0 1 2 11 12 3 75 66 65 74 73 72 80 8 7 79 78 6 5 77 68 69 61 53 44 35 27 36 45 55 54 62 51 50 42 33 32 41 40 39 30 22 14 15 25 26 18 19 29 38 47 48 58 
288 | 0 9 10 19 18 28 29 38 48 47 46 55 54 64 65 66 67 68 69 77 5 6 78 79 8 80 72 63 71 61 52 43 44 34 25 17 7 15 14 13 4 76 75 74 2 3 12 11 30 40 50 42 32 
289 | 0 72 80 8 7 79 78 69 59 67 57 58 48 47 65 74 73 1 11 10 9 17 16 15 4 3 75 76 77 5 13 22 30 29 37 28 27 36 45 54 62 53 44 35 43 34 33 32 31 40 49 50 51 
290 | 8 17 9 0 72 80 71 63 55 56 65 66 75 3 13 4 12 11 20 19 29 38 47 46 45 53 52 61 60 69 68 67 76 77 5 14 15 24 33 34 25 35 36 37 28 27 44 43 42 51 41 31 39 49 
287 | 10 1 73 64 54 45 36 44 35 27 18 26 16 7 79 70 62 53 52 51 60 59 68 67 76 77 5 4 13 14 23 24 34 33 42 41 49 39 40 31 21 12 3 75 66 57 56 46 47 38 29 20 28 
294 | 1 73 63 54 55 46 47 38 37 36 44 43 42 33 34 25 26 18 9 17 7 79 71 62 61 52 51 50 49 58 59 69 68 77 5 15 14 23 32 31 22 21 30 29 28 19 11 12 3 75 66 65 57 48 
294 | 8 17 9 26 18 19 11 12 21 22 14 5 6 78 77 68 59 50 58 57 66 65 74 1 10 2 73 64 63 55 54 62 53 52 60 70 71 80 79 7 16 24 23 32 42 43 34 35 27 36 45 37 38 39 
289 | 0 80 63 64 65 56 55 54 71 70 69 60 52 53 44 43 34 33 32 41 40 50 39 30 31 22 21 12 11 20 10 9 17 16 15 24 25 26 28 27 36 37 46 47 48 49 58 59 68 77 76 4 3 
289 | 0 8 7 16 17 9 18 10 1 73 72 80 79 70 69 68 59 60 51 42 43 35 26 25 33 24 23 13 4 76 67 57 56 47 55 64 63 71 62 54 45 37 38 39 30 29 20 11 12 21 31 41 50 49 
293 | 0 72 73 1 11 12 22 31 30 38 39 48 65 66 75 3 4 76 77 5 14 15 7 79 80 8 17 26 18 9 19 28 27 35 25 34 42 32 41 50 49 58 68 69 71 63 54 55 46 45 53 52 61 62 
295 | 1 10 18 27 35 26 9 0 72 80 8 17 16 7 6 78 79 70 71 62 53 45 54 63 64 73 74 2 12 21 13 14 4 76 66 67 68 59 49 50 51 42 43 33 32 23 31 30 29 38 37 47 48 57 
292 | 0 8 17 26 9 10 19 18 27 35 25 16 7 79 6 14 4 77 67 58 49 40 31 30 29 38 46 45 53 52 42 33 32 23 22 21 12 76 75 2 1 73 64 65 56 55 54 62 61 60 69 70 71 63 
295 | 9 0 72 63 54 62 53 44 36 35 43 42 41 32 31 21 22 13 14 5 77 68 69 70 79 80 8 7 16 15 24 26 18 28 20 11 3 2 1 73 74 65 75 67 58 57 56 46 38 39 49 50 60 
288 | 9 10 19 20 12 13 22 23 32 41 42 33 24 25 16 7 8 17 26 35 27 18 28 29 39 38 47 48 57 58 68 51 60 70 61 52 53 62 45 54 71 80 72 0 73 63 64 55 56 66 67 76 4 14 
293 | 9 17 8 0 72 80 71 63 73 64 55 56 48 49 50 51 43 33 24 23 32 31 40 30 39 38 37 45 53 44 35 27 19 20 10 1 2 74 75 3 12 13 4 76 66 67 59 60 69 70 78 6 15 16 
292 | 9 17 26 27 18 19 28 38 21 12 2 1 74 73 64 55 54 63 71 62 61 52 53 46 56 47 48 57 66 58 49 59 68 76 4 14 23 22 31 32 24 33 42 34 25 16 7 8 0 72 80 79 78 6 
294 | 0 1 10 11 2 74 65 64 73 72 80 8 17 18 26 25 15 14 22 13 12 21 30 29 37 38 47 48 40 41 51 33 42 43 44 27 36 45 54 62 61 71 79 7 6 5 77 78 69 68 67 66 57 58 
286 | 0 72 80 8 79 70 69 60 59 49 57 56 65 64 73 1 2 75 76 67 77 4 11 19 10 9 17 16 7 6 15 23 22 21 20 29 39 38 28 27 36 53 62 54 45 44 35 34 25 24 33 42 41 
296 | 0 1 74 2 10 19 27 35 26 17 9 8 80 71 63 72 73 64 62 53 45 55 56 47 57 48 40 41 33 43 51 59 49 39 31 30 29 20 21 13 4 76 67 68 77 78 69 79 7 6 5 14 23 15 
294 | 9 18 19 10 1 73 2 11 12 4 14 15 6 69 77 67 75 65 57 58 59 49 31 32 33 42 51 41 40 39 30 29 38 47 46 45 53 52 61 62 54 55 63 71 79 80 72 0 8 7 16 17 26 25 
301 | 1 73 72 8 9 18 27 28 19 29 21 31 39 48 57 67 68 59 49 41 33 32 23 24 25 35 36 37 45 53 44 43 52 51 61 62 71 79 7 15 6 78 77 5 13 12 3 2 74 75 65 56 47 55 
295 | 10 1 73 72 80 79 69 77 76 4 13 22 31 39 49 41 51 42 43 33 24 23 14 5 6 7 16 17 9 26 18 27 35 45 53 61 60 59 67 75 3 2 12 21 20 29 38 37 47 55 65 56 57 
293 | 0 73 64 63 72 80 71 70 79 78 69 68 59 50 40 41 51 43 33 32 23 13 12 21 30 20 10 1 9 17 8 16 7 6 15 14 4 76 3 75 67 66 57 56 46 36 45 53 44 35 27 28 38 48 
291 | 0 9 1 73 72 63 71 79 80 8 7 17 25 24 33 34 35 27 36 37 46 45 53 44 43 52 61 69 60 59 68 76 77 5 13 4 3 75 66 56 55 65 57 48 49 50 41 31 40 39 29 20 19 28 
286 | 0 8 80 79 70 60 59 50 58 67 68 69 78 6 7 16 15 24 14 13 4 76 75 3 11 10 9 1 73 72 63 64 65 56 47 39 38 29 20 28 37 46 45 53 44 36 27 35 43 42 32 23 22 
287 | 9 10 19 29 38 37 35 27 18 26 25 17 16 7 79 78 6 5 77 67 59 58 57 49 31 41 40 39 47 55 54 63 64 73 1 2 74 75 3 13 21 22 23 33 43 42 51 70 71 61 62 53 45 
287 | 8 80 72 0 1 73 65 64 63 54 62 71 70 61 79 7 16 15 23 24 33 43 52 51 50 49 40 32 22 31 30 21 12 4 75 76 5 68 59 58 57 48 56 47 37 28 29 19 10 9 17 26 18 
289 | 8 0 72 80 6 78 77 76 4 5 15 14 23 32 40 48 55 64 73 74 66 57 56 47 38 37 29 20 30 21 12 2 1 10 19 18 26 27 35 25 33 42 51 50 59 68 69 61 62 54 45 53 43 
284 | 0 9 18 19 29 20 11 10 1 2 74 66 57 58 67 48 39 40 41 32 33 23 22 13 14 6 78 79 69 60 51 42 43 44 36 53 52 61 70 80 71 62 63 64 55 47 38 37 28 27 25 16 17 
283 | 1 73 65 56 46 45 36 44 53 52 42 33 32 24 25 26 18 9 0 72 63 54 62 71 80 8 17 16 7 79 69 60 50 59 67 58 57 48 49 40 31 30 38 29 20 19 10 12 3 4 13 14 5 
292 | 0 1 73 74 75 3 12 21 22 31 30 38 46 45 36 37 27 35 19 10 9 25 42 43 44 53 52 60 59 58 66 65 64 72 80 8 17 16 7 79 70 78 69 68 77 5 14 23 32 40 49 57 56 
290 | 9 10 19 29 38 37 45 36 44 27 26 17 8 0 72 63 80 71 62 61 52 60 69 78 6 15 24 25 34 42 41 50 49 40 32 31 21 12 13 4 5 77 76 67 57 66 75 3 2 74 64 55 47 
292 | 0 72 80 8 17 16 26 18 9 10 1 73 2 74 75 3 12 21 22 31 32 41 50 51 43 42 33 14 5 77 68 78 6 7 79 70 62 71 63 64 54 46 47 66 57 58 49 40 39 38 29 28 36 
286 | 0 72 80 8 7 6 15 16 24 34 33 23 14 21 30 39 40 31 32 41 50 49 48 57 56 47 46 64 73 1 10 2 74 65 66 76 4 12 11 20 29 28 36 44 52 51 60 59 68 69 70 79 78 
288 | 1 0 8 80 72 73 64 55 54 63 71 62 61 53 43 42 41 32 23 22 13 4 76 67 58 48 57 65 74 2 11 21 30 39 40 50 59 69 78 79 7 6 15 16 25 26 17 9 19 18 27 37 38 
289 | 0 9 10 20 29 38 28 18 26 34 44 36 46 55 63 64 54 62 61 70 71 72 80 8 17 16 6 5 14 4 77 76 75 2 3 12 21 30 31 40 32 22 23 24 33 42 52 59 50 49 58 48 57 
295 | 0 1 9 18 17 26 35 27 28 29 37 36 45 46 55 64 72 80 8 7 70 61 53 52 44 43 33 34 23 14 5 13 12 21 31 39 48 49 41 50 59 60 69 78 77 76 67 57 56 65 74 75 3 
290 | 0 10 9 17 8 16 6 5 78 79 80 72 71 54 62 63 73 74 2 3 76 68 60 59 50 41 32 33 24 23 13 22 21 20 29 30 39 48 58 67 66 57 56 47 46 37 36 27 35 44 43 52 51 
290 | 9 18 26 17 25 16 7 79 70 71 63 54 55 64 65 73 1 2 74 75 3 13 23 32 40 39 30 21 11 10 19 27 35 43 42 41 50 61 62 53 45 37 38 48 57 67 59 69 78 77 5 6 15 
285 | 0 72 73 1 10 18 19 9 26 17 8 16 7 79 80 70 71 63 64 56 55 54 62 61 60 68 67 66 76 4 14 13 12 20 29 38 47 48 39 30 31 40 49 50 51 42 41 32 33 24 25 44 36 
287 | 0 8 7 79 80 71 70 60 61 51 41 40 31 22 21 12 13 14 23 24 33 25 16 17 9 10 1 72 73 64 63 55 56 47 37 36 45 53 44 43 35 27 19 20 29 39 49 57 66 67 58 59 68 
291 | 9 17 7 79 71 63 73 1 11 12 21 28 19 18 27 36 37 46 45 54 55 65 57 56 47 48 39 40 41 32 33 34 43 52 61 62 53 44 35 26 25 15 24 23 13 4 3 76 67 68 77 69 59 
290 | 9 18 19 10 1 0 72 80 8 17 26 25 16 7 79 69 70 61 53 52 43 42 33 32 31 23 14 6 77 76 75 67 58 59 50 49 48 57 65 73 64 55 45 46 37 38 29 30 21 22 13 12 2 
296 | 0 8 80 71 72 63 54 62 52 44 36 28 38 48 47 46 56 57 66 67 58 68 59 50 60 51 42 33 34 24 23 32 40 30 29 20 21 22 14 13 12 2 74 73 1 9 18 26 17 7 79 78 6 
290 | 0 72 80 8 17 9 10 19 18 26 35 44 45 54 55 47 38 29 28 27 36 53 62 61 69 78 77 68 58 66 65 74 75 3 13 4 5 15 16 25 34 33 42 51 50 49 48 40 31 23 22 21 11 
291 | 72 80 71 62 63 64 55 65 56 48 58 68 59 50 51 60 61 70 79 8 17 16 25 24 15 4 5 77 76 75 3 12 22 21 30 29 20 19 10 1 0 9 18 35 45 37 38 39 40 41 42 32 43 
293 | 10 19 28 27 18 9 17 26 25 34 35 44 36 45 53 52 42 32 23 13 15 16 6 5 77 78 69 70 61 62 71 63 54 55 46 64 65 74 75 3 2 11 21 31 30 40 49 50 59 67 57 48 38 
283 | 0 9 18 27 35 26 17 8 80 79 7 6 76 4 14 15 23 32 31 39 47 38 37 46 55 54 65 66 57 48 49 40 30 21 12 11 2 1 73 72 63 71 62 61 69 68 59 50 41 42 43 52 51 
288 | 17 26 25 16 7 79 78 69 50 49 48 56 55 54 63 64 73 2 1 10 9 18 27 35 24 14 13 12 11 20 30 31 32 33 34 43 42 41 40 39 38 37 47 46 45 53 62 71 70 60 68 67 66 
291 | 9 18 26 17 16 7 8 0 73 1 10 11 2 74 75 66 65 58 49 40 23 15 6 78 77 68 69 79 71 63 54 62 53 52 61 51 42 32 33 34 44 36 45 46 55 47 38 28 29 30 21 13 4 
291 | 1 2 74 73 63 71 79 70 61 52 53 45 54 64 65 56 48 39 30 38 37 18 27 44 35 34 25 15 14 5 77 68 69 78 6 7 16 17 9 10 11 20 12 22 32 31 40 41 42 50 49 58 66 
285 | 0 1 73 74 3 2 11 12 20 29 39 48 47 46 54 63 71 80 79 7 16 15 6 78 77 68 69 60 51 52 53 44 36 28 27 26 17 9 8 72 64 65 57 58 49 40 31 22 23 32 41 33 34 
289 | 1 9 17 25 24 23 14 13 3 75 66 67 57 65 73 63 71 79 7 15 5 77 68 59 69 60 61 52 53 45 46 55 56 47 38 29 21 12 11 20 19 28 27 35 34 33 42 51 41 40 49 39 31 
283 | 0 17 9 18 19 27 36 44 53 62 71 63 80 79 70 61 68 67 57 66 75 74 73 1 10 2 12 13 5 78 7 6 15 14 23 24 33 34 43 51 50 41 49 31 39 30 29 37 46 47 56 65 
284 | 8 7 16 26 18 10 11 20 28 27 35 34 24 15 14 5 4 13 12 3 75 66 67 76 77 68 69 60 70 79 80 0 1 73 72 64 65 56 48 49 39 30 31 32 41 50 52 53 62 54 45 46 
289 | 1 0 8 17 16 26 18 34 42 41 50 49 58 57 66 65 76 4 14 6 7 79 78 68 60 52 44 36 27 28 29 38 39 47 46 37 45 54 62 70 71 80 72 73 74 2 11 12 21 22 31 32 24 
290 | 0 1 11 12 21 20 19 9 17 8 7 79 80 72 73 74 65 57 66 67 76 4 13 14 23 15 6 25 34 43 33 41 40 39 29 37 36 27 35 44 53 45 46 47 55 63 71 61 51 60 69 68 59 
289 | 0 1 10 9 19 20 29 37 27 35 44 36 45 53 43 51 60 50 41 40 39 48 47 56 66 67 68 77 76 75 74 73 64 63 54 62 71 70 79 78 7 16 8 17 25 33 24 14 23 22 31 21 12 
289 | 0 1 74 2 11 12 21 30 29 38 37 45 36 27 19 9 26 16 17 8 7 6 78 60 68 59 50 41 32 23 22 13 14 24 34 43 52 62 71 70 79 80 72 63 73 65 66 67 58 57 48 47 55 
294 | 0 1 73 72 80 71 63 64 55 65 75 3 13 4 5 77 76 67 57 47 38 37 45 53 43 42 51 59 69 61 70 79 7 8 17 9 10 11 21 31 23 15 16 25 33 41 49 40 39 29 19 27 35 
286 | 0 72 80 16 15 6 7 8 17 26 18 9 10 1 2 11 21 22 13 23 32 31 30 29 28 39 40 41 33 34 44 36 45 46 54 64 65 56 57 66 58 67 75 76 77 68 59 60 69 70 62 53 52 
287 | 9 0 8 7 16 17 25 24 34 44 52 61 60 70 71 80 79 78 6 77 5 4 76 66 74 2 1 10 18 27 28 37 38 39 30 20 12 22 31 32 41 50 58 49 48 56 46 45 54 63 72 64 73 
286 | 8 17 9 0 1 73 72 63 71 80 79 7 15 14 22 13 4 5 77 76 75 3 12 11 19 20 29 30 40 39 48 47 37 36 44 43 25 24 33 32 41 50 51 60 61 69 68 58 67 66 65 55 56 
295 | 0 73 2 10 20 12 3 75 65 56 57 67 76 77 5 6 14 24 34 42 51 52 61 71 72 63 55 46 36 44 35 26 18 27 28 38 47 48 39 40 30 31 22 32 41 50 59 60 69 79 80 8 16 
290 | 0 73 64 65 66 75 2 1 10 9 18 28 37 38 30 20 21 12 4 76 68 60 52 42 43 34 25 24 15 16 7 79 80 62 71 70 78 5 14 22 31 32 40 49 50 59 58 48 56 55 46 36 44 
288 | 0 8 80 72 73 64 63 71 62 54 47 48 39 38 28 19 18 27 36 44 51 42 41 40 31 22 12 3 2 74 66 57 49 50 59 58 68 70 79 78 6 14 5 24 34 35 26 25 16 17 9 10 20 
287 | 0 17 9 1 73 72 71 63 64 55 45 53 44 43 35 27 37 56 65 66 75 3 4 76 67 68 77 78 79 7 6 5 14 13 12 11 10 19 20 30 31 40 39 48 49 59 60 51 42 41 33 24 23 
291 | 72 80 8 0 26 18 28 19 10 11 2 3 75 74 65 64 55 46 37 36 44 52 43 42 34 25 16 15 6 5 77 67 57 48 38 30 31 21 22 13 23 32 40 49 58 59 50 69 78 70 61 62 54 
286 | 9 17 8 80 71 63 55 47 39 31 20 19 28 27 35 44 36 45 53 52 61 60 69 68 77 5 76 67 75 3 4 13 12 11 1 0 72 73 65 56 57 48 49 40 41 32 23 33 25 24 15 7 79 
292 | 0 72 64 73 74 65 66 56 46 45 54 62 53 36 27 18 28 38 48 58 50 40 30 20 2 1 10 11 12 4 76 68 69 78 6 7 8 80 79 70 60 52 44 35 26 34 24 16 15 14 22 32 42 
286 | 0 8 9 10 19 18 27 35 26 17 16 25 24 33 32 22 30 39 48 38 29 20 12 3 74 2 75 5 14 6 78 77 76 67 59 58 57 49 50 41 42 52 61 53 45 46 55 64 63 54 62 71 70 
289 | 9 18 10 19 28 20 12 22 32 31 30 39 38 37 46 55 56 49 48 58 68 78 6 5 14 4 76 66 75 2 1 74 73 72 0 8 7 80 79 70 71 62 52 61 60 50 41 42 43 34 25 24 
288 | 0 8 80 72 63 54 53 52 43 42 50 59 58 67 68 60 70 79 78 6 5 14 13 22 21 30 40 32 33 24 25 16 17 26 27 28 37 38 48 47 56 55 64 74 2 1 10 20 12 4 76 75 66 
293 | 0 8 17 16 7 79 78 6 14 23 22 31 30 38 39 40 32 24 33 42 51 60 52 43 34 26 18 27 44 36 28 20 1 2 74 73 72 80 70 71 62 54 45 46 56 48 58 49 50 59 68 76 4 
288 | 0 9 17 8 80 72 73 74 2 3 4 13 14 5 6 79 78 77 69 68 59 58 50 60 52 43 44 53 62 54 45 36 28 37 46 56 65 75 66 57 48 49 40 30 29 20 12 22 31 32 33 24 34 
284 | 1 73 64 65 56 47 46 54 62 45 37 38 39 40 31 49 41 42 51 52 53 43 34 33 24 15 14 13 12 3 75 66 67 76 4 5 77 68 69 60 70 79 7 16 26 35 18 27 28 29 20 11 10 
286 | 1 10 9 17 16 15 24 14 5 6 7 79 70 69 59 60 61 62 53 52 51 34 42 41 50 49 40 31 30 21 11 20 19 18 27 28 29 38 39 46 56 65 66 4 76 75 74 73 64 63 71 72 8 
283 | 26 18 19 28 29 39 38 46 56 55 54 45 53 44 36 27 35 34 25 24 23 31 40 41 42 51 52 62 61 69 68 67 76 77 78 6 15 14 5 4 13 12 21 11 2 3 75 74 65 66 57 49 59 
286 | 8 7 79 70 69 78 6 15 16 17 26 18 19 28 27 36 45 54 62 71 80 72 0 1 73 65 55 47 46 37 38 29 30 31 32 41 33 43 51 50 49 48 57 58 67 77 5 13 22 21 11 2 74 
294 | 8 0 1 2 74 73 64 72 80 79 70 60 52 43 42 32 24 16 7 6 78 68 67 76 4 12 13 14 22 30 40 38 37 36 45 54 62 53 44 35 34 26 18 10 20 28 27 46 56 66 58 48 50 
290 | 1 73 65 74 2 11 19 28 27 18 26 35 34 25 15 6 7 79 78 69 77 5 13 3 75 67 58 57 47 46 55 54 62 61 52 43 44 53 45 36 37 38 29 21 22 31 40 49 59 51 42 33 23 
293 | 9 18 26 35 44 36 28 29 39 48 38 46 45 54 62 71 72 73 1 2 12 21 22 31 40 49 59 68 58 66 65 56 64 74 75 76 4 14 5 6 78 79 7 8 16 15 24 34 52 51 42 41 32 
287 | 8 9 19 18 26 17 16 7 79 78 69 68 77 76 4 3 2 1 73 64 72 63 54 71 62 61 53 52 42 41 32 23 24 33 34 44 36 27 28 38 47 46 56 57 58 49 48 39 40 31 22 12 11 
293 | 9 25 16 7 6 78 70 79 80 8 0 1 73 72 63 55 46 47 38 39 40 49 50 41 42 51 61 53 45 36 37 29 19 28 27 35 33 32 31 22 21 11 3 75 65 57 58 67 68 77 5 13 14 
293 | 0 9 17 16 25 26 18 19 10 1 2 74 73 64 55 47 48 57 66 67 58 59 68 61 70 71 62 54 63 72 80 8 7 79 78 6 14 13 12 21 22 23 32 33 50 51 43 44 36 37 29 30 40 
287 | 9 17 16 8 7 15 24 33 32 23 14 6 5 77 76 4 3 75 74 73 72 63 71 70 61 60 51 52 43 35 45 64 65 66 57 56 47 37 28 29 19 10 11 20 21 31 40 39 48 49 41 59 69 
299 | 0 1 73 72 63 64 65 74 3 75 67 57 49 40 41 32 23 15 16 25 33 43 53 45 55 54 47 48 39 31 21 11 19 29 37 27 35 26 17 9 8 7 79 80 71 61 51 59 69 77 5 6 13 
291 | 0 9 17 18 11 10 1 73 64 55 63 80 71 62 54 45 53 43 42 32 33 25 26 35 27 37 38 47 48 57 65 74 75 67 58 49 50 41 40 31 39 30 22 23 13 5 6 15 16 7 79 70 69 
293 | 9 0 1 73 65 55 45 36 27 44 43 34 26 17 16 24 15 6 7 8 72 63 62 71 80 79 70 69 60 52 42 41 49 48 47 39 40 31 30 29 19 11 3 75 76 67 68 78 77 5 4 13 14 
290 | 0 9 18 26 35 27 19 20 10 1 73 72 63 64 74 2 12 13 14 6 78 7 79 80 8 17 16 25 24 32 42 50 40 31 22 30 38 48 49 58 67 68 60 61 70 71 62 53 45 54 55 56 66 
295 | 0 1 73 74 75 65 57 58 67 77 5 15 6 7 79 80 71 62 63 54 55 45 53 61 69 59 51 43 33 41 50 49 40 31 21 29 30 39 47 37 27 35 25 26 17 9 18 19 11 3 13 22 23 
290 | 0 72 63 71 62 61 52 42 43 53 45 46 55 64 56 47 38 37 27 25 34 35 26 17 9 10 19 28 29 20 30 39 48 40 41 32 22 12 3 4 5 14 15 6 78 69 68 77 76 75 66 58 50 
290 | 72 1 2 11 20 12 22 31 30 40 50 51 42 32 24 25 34 43 44 53 62 61 70 69 59 58 48 38 47 57 67 77 6 14 15 7 8 80 0 9 17 26 18 19 28 37 36 45 54 55 64 65 75 
286 | 72 80 71 63 64 73 1 10 9 0 8 17 16 7 79 70 59 68 58 66 67 76 4 14 23 24 34 33 42 32 40 41 50 51 60 52 44 36 46 47 56 57 48 39 38 29 28 20 12 13 22 21 30 
288 | 0 9 18 17 25 15 5 77 67 59 60 51 50 49 57 48 39 38 37 28 29 30 21 13 23 32 31 40 41 42 43 52 62 61 70 69 78 7 79 80 71 63 55 65 75 3 2 11 20 19 10 1 73 
295 | 73 1 2 11 21 12 13 4 5 15 23 31 40 39 47 38 29 28 19 27 18 26 9 17 25 35 34 33 41 42 51 61 52 53 62 71 63 54 45 46 55 65 75 76 67 57 49 59 68 78 69 79 7 
296 | 9 18 27 28 19 20 12 3 4 76 77 68 58 49 48 39 38 30 40 31 41 42 50 60 61 52 34 24 32 22 14 15 16 7 6 79 80 8 0 1 74 66 56 65 64 73 72 71 62 53 44 36 46 
297 | 0 8 80 72 73 74 2 3 4 5 6 15 16 25 26 18 11 10 19 28 37 46 47 55 54 45 53 62 61 51 52 43 44 36 27 35 34 33 41 31 23 13 21 29 39 49 57 66 67 58 59 68 78 79 
288 | 0 1 10 9 17 16 7 78 79 70 71 80 8 72 63 62 61 52 53 44 36 46 45 54 55 56 64 73 74 65 66 58 48 49 40 32 31 22 23 24 33 42 50 60 69 68 4 13 21 20 29 30 38 
290 | 9 17 26 25 34 44 53 36 27 19 28 29 30 40 32 33 42 50 59 58 48 38 47 55 46 54 63 71 61 52 51 68 69 78 79 7 6 15 14 5 4 76 75 66 65 74 73 1 2 11 12 21 22 
286 | 0 8 80 79 7 17 26 25 35 44 43 52 61 62 63 72 73 1 11 20 21 12 13 5 75 67 68 69 60 59 49 40 41 42 33 15 24 23 31 39 38 47 56 57 65 55 54 45 36 37 28 19 18 
287 | 9 17 26 18 27 28 36 44 35 34 24 23 32 40 31 30 21 20 11 2 10 1 73 74 64 63 54 45 46 38 48 57 66 67 58 68 59 50 42 52 53 62 71 70 79 78 7 16 15 6 76 4 13 
290 | 0 1 73 72 63 64 65 75 3 11 10 9 17 16 15 7 8 80 71 70 79 5 77 69 60 61 52 53 45 46 55 56 57 48 49 59 50 42 41 32 31 23 24 25 34 35 27 28 19 20 21 30 39 38 
286 | 9 10 2 1 73 74 64 56 57 66 58 67 68 59 50 41 40 48 39 38 46 45 54 63 71 62 53 52 60 70 79 78 6 7 16 17 26 18 27 35 34 42 32 24 14 23 22 13 12 21 30 20 28 
292 | 0 10 2 74 66 67 68 78 6 16 17 8 9 18 26 25 24 14 13 12 20 19 28 27 35 34 42 32 41 40 31 30 38 39 48 49 50 60 61 52 53 45 46 55 54 62 71 70 80 72 63 64 56 
289 | 0 72 80 8 9 26 25 34 35 27 28 19 20 11 2 3 13 21 30 38 47 48 49 50 40 31 32 42 33 24 16 6 14 5 77 78 69 61 71 54 64 56 55 46 45 53 52 60 59 67 66 75 74 
292 | 72 0 8 80 70 78 6 14 23 31 32 41 40 39 48 49 50 51 60 59 68 67 76 4 13 12 21 30 29 20 10 18 26 16 24 33 34 43 52 62 54 44 36 28 37 46 47 56 64 2 74 66 57 
295 | 0 9 10 19 18 26 17 16 7 8 80 72 73 64 63 54 71 70 78 77 68 58 66 75 76 3 2 12 4 5 14 22 31 32 24 33 43 52 60 61 62 53 44 36 37 28 27 20 30 47 56 48 49 50 
290 | 8 80 79 69 78 77 5 14 13 23 15 16 25 24 42 43 34 33 32 41 50 51 59 58 67 66 57 48 49 40 39 47 38 37 46 55 56 65 64 72 0 1 2 75 3 11 21 22 31 30 29 27 53 
293 | 9 10 1 0 8 80 72 73 2 12 20 30 21 22 14 15 26 18 28 27 36 37 38 47 48 58 68 60 59 50 40 32 24 33 42 43 52 44 53 62 54 71 70 79 7 78 5 4 76 75 66 65 56 
282 | 1 73 64 63 71 62 54 45 46 36 44 35 26 34 42 51 52 60 69 59 58 49 48 47 56 65 66 75 3 11 20 28 38 29 21 12 22 31 40 32 33 24 15 14 5 77 68 79 7 16 17 9 18 
297 | 0 8 7 79 80 71 62 54 64 63 72 73 1 2 74 75 3 12 21 13 5 77 67 66 57 49 39 47 46 36 53 61 69 68 59 51 42 43 35 26 25 15 14 23 33 41 31 29 28 18 17 9 10 
288 | 0 1 73 74 2 12 21 30 29 38 47 48 40 32 33 25 26 18 19 27 35 44 43 42 51 50 59 68 67 58 57 66 76 4 13 22 23 14 6 78 79 8 7 80 72 55 54 62 61 53 45 36 37 
278 | 0 1 2 74 73 72 63 71 80 8 9 17 7 79 78 6 14 13 12 22 21 20 29 30 39 48 47 56 57 66 67 68 58 59 60 51 50 41 32 23 24 33 34 43 52 53 45 46 37 28 27 35 
283 | 8 17 7 6 78 79 70 71 72 73 74 2 1 10 9 26 27 36 44 53 52 60 68 59 58 49 48 39 38 28 20 12 21 31 40 41 42 34 24 32 14 22 13 4 76 67 66 56 46 63 54 
293 | 1 73 74 2 10 11 20 12 22 30 39 38 48 56 64 65 66 76 4 14 6 7 16 15 24 32 42 41 40 50 58 68 78 79 70 69 60 52 43 44 36 45 53 62 54 46 37 28 18 27 35 34 26 
299 | 72 63 71 62 61 53 45 37 47 46 55 65 57 67 66 75 3 2 1 73 8 17 9 18 19 11 20 21 30 31 41 50 49 39 29 27 35 25 34 33 43 51 59 60 69 78 79 7 15 14 23 13 5 77 
300 | 0 8 7 16 25 15 23 33 32 41 40 39 49 59 51 43 35 44 36 27 37 46 47 57 58 67 75 74 65 64 73 1 11 10 19 29 30 31 22 21 3 4 13 5 77 78 79 70 69 61 52 62 54 55 
285 | 1 9 17 16 15 24 25 33 34 43 53 44 36 27 37 46 47 56 55 65 64 63 72 0 8 79 80 71 61 51 50 41 40 39 49 58 59 68 69 78 5 4 76 75 2 11 12 21 22 31 30 29 19 
288 | 1 0 9 17 8 7 6 78 77 5 14 23 24 33 34 43 35 44 27 28 37 36 45 53 61 62 71 63 54 55 56 57 48 49 40 32 50 60 59 68 67 66 75 74 2 3 13 12 22 21 30 29 20 
285 | 0 8 80 72 64 55 54 62 70 61 52 51 44 36 46 47 39 31 29 28 19 18 26 10 11 2 74 65 57 67 58 59 69 78 6 5 77 76 75 3 4 13 21 22 23 15 16 25 34 33 41 40 49 
292 | 0 72 73 74 2 1 10 20 21 12 4 76 66 57 56 64 54 45 53 62 70 79 80 8 16 7 6 78 68 59 49 41 42 33 24 14 23 31 40 39 47 38 29 37 36 27 18 26 35 44 43 51 60 
293 | 80 8 17 16 7 6 5 77 78 79 70 71 62 54 45 56 55 46 38 48 58 66 75 76 4 3 74 73 1 2 12 22 23 32 42 52 51 60 59 50 41 40 39 30 20 28 27 19 18 26 34 33 24 
288 | 72 73 74 2 1 10 0 8 7 79 78 68 59 58 67 66 57 49 48 56 64 54 63 71 80 70 60 51 41 42 33 24 16 17 9 18 27 35 44 53 45 37 38 30 20 21 12 13 22 31 23 14 6 
293 | 9 0 80 79 78 69 77 5 6 16 17 26 18 35 27 36 37 28 29 38 48 57 56 58 67 68 59 51 52 42 43 44 53 45 54 62 71 63 64 74 75 3 2 1 11 21 12 13 22 23 24 32 40 
285 | 0 8 17 9 1 73 72 63 71 80 79 70 69 78 77 5 6 15 7 16 25 26 27 18 19 10 11 20 29 37 45 43 42 33 32 22 31 40 39 47 56 65 64 55 54 62 61 51 50 49 58 75 3 
293 | 0 9 10 1 2 74 66 76 4 3 12 21 29 38 39 40 41 33 23 14 24 25 16 17 26 18 27 35 43 42 51 59 68 77 6 78 79 80 8 72 64 63 54 55 56 57 47 37 45 53 62 71 70 
288 | 9 10 19 29 30 39 40 50 51 42 32 33 43 44 35 27 36 37 45 53 61 60 70 79 80 8 7 16 25 24 14 5 4 76 77 68 67 58 57 48 47 55 64 65 74 73 63 1 2 11 21 22 13 
289 | 0 1 9 17 26 25 34 33 42 41 40 49 48 39 47 55 46 38 29 28 27 19 11 3 12 21 22 31 32 23 14 6 15 7 79 80 71 61 51 52 53 54 63 73 74 65 66 57 58 59 69 68 77 
297 | 0 1 73 72 8 80 79 7 6 78 69 61 62 53 44 35 25 26 18 27 37 36 45 54 55 65 57 49 41 33 42 43 51 59 58 67 77 5 15 23 31 39 47 38 29 21 22 13 3 75 74 2 11 19 
294 | 0 9 26 17 8 63 72 80 71 62 54 45 55 46 38 28 27 18 19 11 3 2 1 73 74 65 75 4 13 14 5 77 78 6 15 24 23 33 34 43 52 51 60 69 59 68 76 67 57 48 40 30 21 
286 | 9 10 11 2 3 75 74 65 64 55 54 62 71 61 70 69 78 77 5 6 15 16 25 33 42 41 51 50 59 49 58 67 57 47 38 39 40 31 23 13 22 21 30 29 19 18 26 35 27 36 45 53 44 
288 | 9 17 26 18 19 10 1 2 73 65 66 57 58 59 68 69 61 71 63 72 80 79 7 16 6 5 76 3 4 13 21 30 29 38 28 27 36 45 53 44 35 34 25 23 32 33 42 51 50 49 48 47 55 
289 | 0 72 73 1 10 9 18 26 17 8 7 16 33 34 43 51 41 40 31 23 22 21 28 37 29 39 49 58 59 60 61 69 68 76 66 65 57 56 47 55 54 45 53 62 71 63 80 79 5 14 13 12 3 
290 | 1 73 74 65 66 57 58 68 77 5 4 76 75 3 2 11 12 21 22 14 6 78 79 80 8 7 16 26 17 24 32 33 34 44 36 27 28 19 37 38 39 40 41 50 51 52 60 70 71 62 45 46 55 
283 | 9 18 26 17 8 0 72 73 74 2 3 12 21 20 29 30 38 37 36 44 45 53 54 62 63 71 80 79 78 6 5 4 13 14 23 24 33 32 40 49 50 42 43 60 59 68 58 67 76 66 57 56 48 
289 | 0 1 10 20 21 13 5 77 78 68 67 56 57 58 49 40 41 50 60 69 79 71 70 61 62 53 44 43 42 32 22 31 39 38 37 36 35 26 17 25 24 14 15 6 7 16 8 80 72 64 73 74 2 
289 | 0 9 10 2 3 75 74 64 63 72 80 71 70 69 78 79 7 8 17 16 15 6 5 14 23 32 31 22 13 21 20 29 38 39 47 56 57 58 67 77 68 59 49 50 52 43 44 53 45 36 27 35 34 
287 | 1 10 11 3 4 13 22 33 32 40 41 42 43 52 51 50 49 39 30 29 38 37 46 47 48 57 65 74 73 64 63 54 62 71 80 72 0 9 18 26 17 8 7 16 15 5 78 79 70 69 59 58 67 
292 | 10 20 29 39 30 31 32 33 24 14 13 22 12 2 74 67 58 59 49 40 41 51 43 52 61 62 71 63 54 55 46 37 47 57 65 73 1 0 9 18 27 36 44 35 26 17 8 7 16 6 78 79 69 
292 | 0 1 10 2 3 75 66 56 65 74 73 64 54 62 70 69 60 68 59 49 39 38 46 45 53 52 42 41 40 31 21 12 11 20 28 18 26 27 36 44 35 34 24 16 7 15 6 14 5 77 78 79 80 
290 | 0 9 17 8 80 70 71 62 54 63 72 73 1 10 11 12 3 4 5 78 79 7 16 15 14 13 22 31 40 41 50 51 33 43 52 60 68 58 67 66 74 64 56 47 48 39 29 46 37 27 18 26 35 
286 | 0 10 1 73 72 64 63 71 80 79 7 8 17 9 18 28 27 26 35 34 43 52 44 53 45 62 54 46 57 66 75 74 2 3 12 21 31 32 41 40 49 50 51 42 33 24 14 5 4 76 77 68 60 
290 | 0 9 17 26 27 19 28 37 46 45 36 44 43 34 33 24 41 40 49 31 39 29 20 21 12 13 3 75 74 2 1 73 72 63 71 62 52 51 60 69 70 79 7 16 15 5 77 67 66 57 47 56 55 
299 | 0 8 80 72 73 64 65 56 57 48 40 30 31 32 23 24 15 16 26 18 28 27 35 34 42 50 59 67 77 76 75 3 2 1 10 11 20 21 13 4 5 6 7 79 70 69 60 52 53 62 54 45 46 38 
297 | 8 7 16 6 78 79 70 80 72 0 1 73 64 74 2 10 12 21 30 39 38 29 20 28 27 18 26 35 34 33 24 32 31 23 14 13 4 76 67 66 57 56 46 45 54 62 53 52 60 68 59 49 41 42 
302 | 0 73 2 11 12 13 4 5 14 23 32 33 24 15 25 35 34 43 44 52 61 70 69 78 68 67 76 75 66 65 55 56 57 49 50 41 40 31 30 39 48 47 46 45 36 37 28 10 19 18 17 7 80 62 63 
295 | 0 8 72 80 79 7 16 25 33 42 43 53 62 54 55 64 73 65 75 76 4 3 13 21 11 1 10 19 18 26 35 27 45 37 47 38 29 39 31 22 23 15 5 77 67 57 58 59 69 70 61 51 41 49 
289 | 1 73 74 65 46 55 54 45 62 61 70 71 63 80 79 78 69 59 50 51 41 40 30 38 39 48 58 67 76 4 13 22 23 32 33 42 43 44 25 16 15 6 7 8 17 26 18 9 19 27 28 11 2 
283 | 0 9 17 8 7 16 26 18 10 1 73 2 12 3 75 76 77 68 69 60 52 53 62 71 80 79 6 5 14 22 31 39 38 29 28 37 46 56 65 66 58 49 41 42 33 34 43 44 36 45 54 63 72 
288 | 0 9 18 10 11 19 28 29 30 39 38 37 47 46 55 63 71 61 69 78 79 8 15 25 16 17 26 35 27 36 44 52 51 59 58 67 75 74 73 65 57 49 40 41 42 43 34 33 32 22 13 4 77 
287 | 0 8 80 72 63 71 70 79 7 16 17 26 18 9 10 1 73 64 56 47 46 54 62 52 51 60 59 77 5 4 76 75 3 21 22 31 40 39 38 29 20 28 36 44 34 24 23 33 42 41 49 58 57 
297 | 0 1 2 73 74 66 57 48 56 55 72 63 54 45 46 37 38 39 30 40 41 42 51 59 67 77 69 70 61 62 71 80 8 7 79 78 6 5 13 12 21 20 19 28 27 43 33 25 26 18 9 17 16 15 23 
293 | 0 8 7 79 70 71 80 63 72 1 73 64 54 62 53 45 46 47 37 28 27 18 9 17 26 35 34 43 52 51 59 68 58 57 66 67 76 5 15 14 24 23 32 22 13 12 3 11 20 21 30 31 40 49 
287 | 8 0 1 10 9 18 27 35 26 17 16 25 33 42 43 51 60 70 79 80 72 63 71 62 53 45 54 55 64 74 3 75 66 57 58 59 50 49 40 31 30 47 38 37 29 20 21 22 23 14 5 77 6 
295 | 72 63 71 80 8 0 9 17 6 15 23 24 25 34 43 35 27 28 37 38 39 48 57 56 55 46 45 53 52 61 60 59 69 78 77 5 4 3 76 75 65 74 2 11 19 20 30 21 31 32 41 49 50 42 
297 | 72 80 79 78 77 68 58 57 66 75 4 12 3 2 11 10 19 18 26 34 25 16 15 6 5 14 22 32 31 30 39 38 28 37 46 45 36 44 53 52 43 42 41 49 59 69 61 71 62 54 63 73 74 65 55 
297 | 1 73 63 71 62 54 45 53 52 43 42 41 50 49 58 59 68 67 69 79 7 6 78 77 5 15 14 13 22 23 32 31 30 39 48 38 46 55 64 65 74 75 3 2 11 10 19 28 27 35 34 26 17 9 18 
295 | 72 80 8 79 69 68 77 5 6 7 16 17 25 24 23 32 33 42 43 44 36 37 29 38 39 30 20 19 10 9 0 1 73 65 57 56 55 46 45 53 52 61 60 59 67 76 66 75 2 3 13 21 31 41 49 
297 | 0 1 11 2 74 65 57 48 47 56 55 54 63 71 62 61 60 51 42 41 50 59 69 78 77 5 14 15 6 7 8 17 9 18 19 28 27 35 26 25 34 43 53 45 37 38 39 31 22 13 12 3 75 76 67 
294 | 0 17 16 25 26 18 10 19 28 37 38 47 57 58 49 48 39 40 31 22 23 32 41 42 33 15 6 7 79 80 63 62 45 54 55 64 65 74 73 1 11 12 3 75 76 4 5 77 68 69 70 61 52 43 35 
298 | 9 18 26 17 16 7 79 70 69 60 51 50 41 32 33 24 15 14 5 77 68 58 49 40 31 22 12 20 29 30 39 48 47 56 65 66 75 3 11 10 1 73 64 63 71 62 54 45 53 44 43 35 27 36 37 
295 | 0 72 80 8 16 6 15 14 24 32 31 40 39 30 22 5 77 78 68 60 70 52 53 43 34 42 41 50 49 58 66 75 74 2 3 12 20 11 10 18 26 35 27 28 37 38 48 56 46 45 62 54 64 
294 | 9 0 72 71 63 54 55 56 48 39 38 46 36 28 19 18 17 25 33 34 35 44 43 52 53 61 51 42 41 32 40 49 50 59 58 68 69 78 79 7 6 15 14 23 22 31 30 20 12 4 76 66 74 2 
288 | 0 9 18 27 28 19 11 12 2 3 75 76 4 5 77 68 69 78 6 15 23 32 41 50 42 33 34 26 17 7 80 63 54 46 36 44 53 52 61 62 71 73 74 65 57 49 48 47 38 39 40 30 31 
290 | 0 64 63 71 62 61 69 77 76 4 13 22 31 30 29 28 19 18 9 17 16 24 23 14 15 6 7 8 80 72 73 11 3 74 65 66 67 58 57 56 47 46 37 36 44 34 33 43 52 51 41 50 49 39 
300 | 0 9 10 1 73 72 80 8 7 79 70 62 54 63 64 65 56 46 38 47 57 48 49 50 59 60 69 68 67 76 4 13 14 23 32 31 40 30 21 11 20 29 28 18 26 16 15 24 33 34 43 51 52 44 36 
302 | 0 1 10 19 20 11 12 3 75 74 66 56 64 72 80 70 61 52 44 36 28 27 35 34 25 24 15 16 7 8 78 77 76 4 5 14 22 31 30 39 48 40 41 32 42 50 49 58 68 60 62 54 55 46 38 
294 | 72 73 2 1 0 9 18 26 17 8 80 79 7 6 15 14 25 34 43 42 51 50 49 41 32 33 23 22 21 30 39 48 47 38 37 29 28 19 11 12 4 76 69 68 59 58 57 66 65 55 54 63 71 62 61 
309 | 0 1 73 74 65 75 76 4 13 12 2 10 9 17 26 25 33 32 41 42 43 52 62 71 80 63 55 54 45 36 44 35 18 28 37 38 47 48 58 49 50 60 67 68 78 70 79 7 15 6 5 22 31 40 39 30 20 
297 | 17 18 9 7 79 71 63 73 54 45 46 37 38 47 48 57 66 65 74 2 1 11 12 22 21 30 29 28 27 36 44 35 43 53 52 61 51 50 60 69 68 77 76 4 5 14 15 24 25 34 33 32 40 58 
300 | 1 0 80 72 73 2 3 12 11 20 19 9 17 8 7 79 71 63 55 56 47 46 37 28 36 44 43 52 51 61 60 68 67 66 75 76 77 4 13 14 5 6 15 24 25 34 42 50 41 32 40 39 48 38 30 
295 | 0 8 80 72 63 64 55 71 61 70 69 60 51 42 50 59 67 75 3 4 77 5 23 24 33 32 41 40 31 30 29 38 39 48 57 65 56 47 37 45 36 44 53 43 35 27 25 16 17 9 10 19 20 21 
300 | 0 72 63 71 80 8 17 9 19 20 30 31 40 32 41 42 50 49 48 39 38 28 27 36 46 55 56 65 66 75 3 74 73 2 11 12 13 14 15 6 7 24 25 34 44 53 52 61 60 69 78 5 77 68 67 
298 | 1 73 64 65 66 75 3 12 11 10 9 18 26 35 43 52 62 71 63 54 45 46 38 30 21 22 23 32 40 48 57 58 59 68 67 77 5 4 13 14 15 16 17 7 79 70 69 50 42 34 44 36 37 28 
298 | 80 72 73 1 2 75 66 65 64 56 48 50 52 53 62 54 45 37 46 38 30 31 40 32 23 13 14 24 33 42 43 34 35 26 18 27 28 29 20 21 12 3 76 77 5 6 7 79 70 60 69 68 67 58 
313 | 0 9 10 1 73 74 2 12 21 22 13 14 15 16 25 26 18 35 43 34 42 41 49 40 31 30 20 29 28 37 46 38 47 56 64 72 63 54 62 53 52 61 70 79 7 6 78 69 68 77 5 4 76 67 66 57 48 58 
305 | 9 17 16 25 24 33 42 51 52 61 70 69 78 6 15 7 79 71 63 73 1 10 11 2 3 75 74 66 65 64 55 46 47 57 49 58 59 67 68 77 5 13 23 32 41 40 39 38 29 30 21 20 19 27 35 44 36 
314 | 8 7 16 17 26 18 9 10 1 73 74 2 12 4 5 76 68 77 6 78 79 80 71 63 64 56 57 66 58 49 50 60 70 62 54 46 47 38 39 40 31 32 41 42 51 52 43 34 33 24 14 22 21 20 29 28 37 36 
314 | 0 72 63 64 56 55 46 37 27 36 44 45 62 71 79 7 17 9 10 19 28 38 39 40 49 58 57 66 74 2 4 76 77 69 78 6 5 15 25 26 35 34 24 23 22 12 20 21 31 32 42 50 59 60 52 61 53 
310 | 9 10 19 20 21 31 40 39 38 29 28 27 18 17 26 25 34 44 43 52 61 62 71 63 54 45 46 47 56 55 64 73 1 2 74 57 66 67 76 4 12 13 5 77 78 79 7 6 15 23 32 41 42 50 49 59 69 
310 | 0 8 17 9 1 73 72 64 65 56 47 48 57 67 58 59 50 42 33 43 35 27 19 11 20 21 12 3 75 4 77 5 14 13 23 32 40 31 30 29 38 37 46 45 54 62 53 52 51 60 69 70 79 80 7 15 24 25 
296 | 0 9 17 8 80 71 72 63 55 56 65 74 75 3 2 11 20 19 28 27 35 44 45 36 53 52 61 60 69 77 76 67 58 49 50 41 42 32 31 40 39 48 47 38 30 22 13 4 5 78 6 15 24 33 25 
302 | 9 18 26 17 25 16 7 6 78 79 70 61 62 71 63 64 55 54 36 44 34 43 52 51 60 59 50 40 31 32 33 24 23 13 21 30 48 57 56 47 46 37 28 29 20 19 10 1 73 74 2 75 3 4 5 77 67 
295 | 0 9 10 19 28 27 35 34 25 16 17 8 80 72 63 71 70 61 52 53 45 46 38 39 40 49 48 57 47 55 64 2 74 75 3 12 13 21 30 31 23 32 33 42 41 50 59 68 67 76 4 5 6 78 77 
300 | 0 72 63 64 73 1 10 9 18 26 25 17 8 80 71 54 62 61 52 51 60 59 68 77 78 6 5 14 23 24 34 33 32 41 42 50 49 48 40 31 30 29 20 11 12 3 4 76 75 66 65 56 47 38 37 36 44 
306 | 0 72 80 8 9 10 19 28 18 26 17 16 25 34 44 35 27 36 45 53 52 51 60 59 50 42 41 40 39 38 46 47 56 48 57 58 67 68 69 78 79 6 15 14 5 76 66 65 73 74 2 3 11 12 13 22 31 
309 | 0 72 80 71 70 60 69 78 6 77 5 14 22 13 4 76 3 2 74 75 66 67 58 50 41 40 32 42 43 52 62 53 45 54 63 64 56 48 38 39 30 20 11 10 9 17 8 16 24 34 35 26 18 27 28 37 46 
306 | 0 9 17 8 7 79 80 71 63 64 73 72 1 11 12 13 22 32 33 42 34 25 16 15 24 14 4 76 67 68 69 60 61 52 43 44 36 37 38 39 48 47 46 55 56 65 66 58 49 50 41 40 31 30 20 19 28 
310 | 1 2 3 4 5 6 77 76 75 66 74 65 64 63 72 8 17 16 15 14 23 22 12 20 19 10 18 27 35 44 43 52 42 33 32 41 40 50 60 61 70 79 78 68 58 57 48 39 30 38 47 28 37 36 45 53 62 
306 | 9 17 7 79 71 63 62 61 60 69 78 6 5 14 23 15 25 34 35 26 18 19 20 11 2 1 73 74 65 57 58 67 66 75 76 4 13 22 31 30 39 38 47 37 46 55 54 45 36 44 43 42 33 41 40 49 50 
289 | 9 18 19 28 29 38 39 47 46 55 65 74 73 1 2 11 12 21 31 22 23 14 15 6 7 79 78 69 71 63 54 62 61 52 44 36 26 17 25 34 33 42 41 51 59 68 58 49 57 66 76 4 
289 | 1 9 0 72 63 71 62 61 53 54 64 73 74 2 3 77 78 6 79 80 7 8 17 16 24 33 34 43 42 41 51 50 49 58 67 66 57 56 47 46 37 38 39 30 31 22 23 14 13 29 19 18 26 27 
275 | 0 72 80 8 16 15 25 33 32 23 14 5 77 75 3 12 11 10 19 29 30 21 22 31 40 49 58 48 57 66 65 64 55 47 38 37 45 53 44 36 27 35 43 42 51 50 59 68 69 70 61 
289 | 9 17 8 7 79 71 63 72 80 0 1 73 65 66 75 76 4 5 14 15 24 25 34 33 23 31 41 51 59 68 69 61 60 52 53 44 36 27 28 19 20 11 12 21 29 39 40 49 57 56 55 46 47 
297 | 9 0 8 7 17 25 34 35 44 36 27 28 19 20 11 21 22 13 4 76 67 58 48 38 30 40 32 23 24 15 6 78 69 79 80 71 63 72 73 1 2 74 65 57 56 55 46 45 53 52 61 60 59 50 42 
288 | 0 72 80 8 25 27 28 19 18 26 35 34 43 42 32 41 50 52 61 53 45 62 54 55 46 37 38 48 39 30 12 11 2 3 75 74 65 66 67 58 49 40 31 22 13 14 15 6 5 77 68 69 78 
285 | 72 63 54 62 71 80 7 6 79 78 77 5 24 33 34 26 17 8 0 9 18 28 20 29 30 31 22 13 3 75 74 2 1 73 56 47 48 39 38 46 36 44 52 60 51 42 32 41 50 49 58 67 
289 | 72 0 9 17 8 80 71 63 55 46 36 44 52 61 60 69 78 77 67 76 75 2 3 74 65 56 57 58 59 50 49 48 38 37 28 19 20 11 21 30 31 22 13 4 5 6 15 25 34 43 42 32 23 24 
286 | 1 10 9 17 16 25 35 27 36 45 53 44 34 33 23 24 32 41 50 51 60 59 68 69 77 76 4 5 6 7 79 70 71 63 64 73 74 75 3 12 11 20 29 21 30 39 40 48 47 46 55 56 57 
296 | 0 9 17 8 7 6 15 25 26 35 18 27 37 45 53 62 54 63 71 80 72 1 2 74 66 56 47 57 58 49 41 32 33 43 51 60 59 68 78 5 77 76 75 3 11 19 29 39 40 30 21 22 13 23 
302 | 0 1 10 18 28 36 44 52 42 50 49 40 48 38 46 47 55 57 66 75 2 74 73 63 72 62 60 59 69 70 79 80 8 7 6 78 68 67 76 4 5 14 13 12 11 20 21 30 31 32 23 33 34 25 17 
284 | 80 72 55 56 57 58 49 40 31 22 21 12 4 5 77 76 75 66 65 74 2 3 11 20 19 18 26 35 27 28 37 46 54 62 61 52 53 45 36 44 43 34 25 24 23 14 15 6 78 69 68 59 60 
298 | 0 9 18 27 35 26 16 17 8 80 71 63 72 73 64 55 54 45 53 62 61 70 78 79 7 6 15 77 5 13 23 33 43 51 59 67 57 74 75 3 2 1 10 11 21 31 40 41 49 39 47 37 29 
301 | 0 1 73 72 63 71 61 52 51 60 69 68 58 67 77 5 22 13 14 15 24 25 34 33 42 41 40 39 38 47 46 55 56 65 66 75 3 12 11 20 29 28 36 45 53 44 35 27 19 9 17 8 80 79 7 
304 | 1 73 74 65 56 46 37 27 18 10 11 20 29 39 48 58 49 40 41 32 31 22 13 12 2 3 75 66 67 68 77 5 15 14 24 34 35 26 17 7 6 78 79 70 69 60 51 43 44 36 45 53 62 54 63 
300 | 0 9 17 8 7 79 80 71 63 72 73 1 11 12 22 31 40 41 50 49 58 68 69 60 61 52 42 43 53 45 55 56 65 66 75 3 4 76 77 5 14 15 24 25 34 35 27 28 19 20 30 39 38 37 46 
288 | 0 8 17 26 34 33 43 35 27 18 10 11 21 12 2 74 73 72 63 54 62 53 45 37 46 47 57 65 75 76 4 5 15 6 7 80 70 78 68 59 69 60 51 41 50 49 40 39 29 20 30 31 23 
295 | 0 9 17 26 35 34 33 23 24 32 31 41 42 51 52 61 60 69 78 6 15 7 80 71 63 54 45 46 47 56 65 73 74 2 11 20 19 28 38 29 30 21 13 4 76 67 57 48 39 40 49 50 59 
292 | 9 17 26 18 19 28 37 47 48 39 30 21 11 1 73 72 0 8 7 80 79 70 69 68 59 61 62 53 45 54 55 64 65 66 57 75 3 4 76 67 77 5 13 23 32 31 40 41 50 51 43 34 25 15 
291 | 72 1 2 74 73 63 71 80 7 79 78 6 14 23 22 31 40 49 48 47 57 56 55 65 66 76 4 13 12 21 29 28 19 38 37 36 27 35 44 45 53 61 60 69 68 59 50 51 43 42 33 34 25 
291 | 1 73 72 0 8 17 9 18 19 20 28 36 44 52 61 60 68 77 76 67 59 49 40 39 38 47 48 57 65 74 3 4 13 12 21 31 23 32 41 42 33 25 16 15 6 7 79 80 71 62 63 64 55 
290 | 0 72 80 8 79 70 71 63 64 73 2 75 3 4 13 23 22 30 21 20 29 38 39 40 32 41 42 33 24 16 6 5 77 76 67 59 58 57 46 36 37 28 27 35 44 45 53 52 43 34 26 18 10 
293 | 0 9 1 74 75 3 12 11 20 19 18 26 17 16 25 24 33 32 14 13 4 5 6 77 76 66 67 68 69 79 80 8 72 71 63 64 56 48 47 55 54 62 61 60 50 51 43 44 36 37 29 30 40 
287 | 9 17 26 18 27 35 25 15 6 7 79 78 77 5 13 21 22 23 32 33 42 43 53 45 54 55 63 71 62 61 69 59 51 50 40 30 29 37 38 47 48 57 58 67 75 65 74 73 1 2 3 11 19 
288 | 0 72 73 74 75 67 58 59 49 40 31 21 12 3 2 1 10 19 28 27 18 26 35 44 36 46 38 47 57 65 64 63 54 71 62 52 51 42 34 25 16 7 8 80 79 70 69 77 78 6 5 14 23 
284 | 9 18 19 20 29 30 39 47 46 37 27 35 36 44 53 62 54 45 55 64 65 56 57 67 76 77 5 14 4 75 3 13 12 22 32 41 51 52 61 60 59 69 70 80 72 0 8 17 26 25 24 33 43 
288 | 0 8 17 9 18 27 28 19 11 12 13 4 76 67 66 65 74 75 3 2 1 73 72 80 79 78 6 7 15 16 25 24 23 31 30 39 48 40 49 42 43 44 45 46 55 54 63 71 70 61 69 60 59 
289 | 17 9 18 26 34 35 27 28 37 46 45 54 63 73 1 2 74 65 66 57 48 38 39 40 49 50 59 68 67 76 4 13 12 11 21 30 31 32 41 42 43 52 53 62 71 79 69 78 7 6 15 14 23 
293 | 0 1 2 75 4 3 65 73 72 80 8 79 7 16 26 34 33 42 41 50 49 57 67 76 77 5 6 15 14 23 22 21 12 11 10 18 28 29 38 39 48 47 46 54 63 71 62 36 44 52 51 59 69 
288 | 9 17 1 73 65 55 46 36 45 53 44 35 27 28 19 11 12 20 38 39 40 31 22 13 4 3 75 76 77 5 14 15 7 79 69 68 60 52 61 71 63 56 66 67 58 49 41 42 34 25 24 
291 | 8 0 1 73 74 75 76 67 66 57 65 47 46 37 36 44 35 34 33 43 52 60 69 61 53 45 55 54 63 72 80 79 7 6 15 25 17 26 27 28 19 20 11 13 4 5 14 23 31 39 40 41 49 
292 | 0 1 10 9 17 26 35 34 44 53 36 45 46 37 27 18 19 28 29 30 20 38 56 65 74 75 2 3 13 22 24 15 5 6 77 78 79 80 63 54 62 71 70 60 61 52 43 42 51 50 40 58 67 
291 | 1 0 72 73 55 64 65 66 75 74 2 3 76 77 5 4 12 11 10 19 18 26 9 17 16 7 79 70 71 63 54 62 60 59 51 52 43 42 33 24 23 31 41 49 40 39 29 37 38 47 36 44 34 
295 | 1 73 74 2 10 9 17 18 26 16 7 6 78 79 70 60 59 67 76 4 13 23 24 34 33 43 44 36 28 20 21 31 32 40 49 41 42 51 52 62 71 63 64 54 46 37 38 29 39 48 57 56 47 
293 | 9 17 16 25 26 18 19 10 11 2 75 3 74 65 64 54 62 61 51 50 59 69 70 71 63 55 47 39 40 41 49 57 58 67 76 77 78 6 15 5 4 13 22 23 32 33 43 44 36 37 29 21 31 
288 | 0 9 8 7 6 78 70 60 59 68 49 41 51 52 43 44 36 45 62 54 63 72 1 2 12 3 4 76 67 66 75 65 56 55 46 47 38 39 30 31 22 23 14 15 5 24 25 34 35 18 27 28 20 
299 | 0 1 73 72 8 7 79 80 71 63 54 62 61 52 53 45 46 55 65 57 67 48 58 59 69 50 42 32 40 30 38 28 27 35 34 25 26 17 9 18 19 11 21 22 23 15 5 77 76 75 3 4 13 
299 | 0 8 80 72 63 64 65 74 2 3 75 67 59 50 40 49 57 48 38 30 21 11 10 9 18 26 17 16 15 23 31 32 42 52 43 34 35 27 28 37 46 54 45 53 62 71 70 69 78 6 5 77 76 4 13 
284 | 0 1 9 18 26 17 8 7 69 70 62 54 55 64 65 56 48 58 68 67 66 75 76 77 4 12 21 20 19 28 37 46 47 38 29 30 31 40 49 50 51 60 61 52 43 42 32 33 34 25 24 23 14 
289 | 0 9 17 26 35 34 24 41 32 31 40 39 48 49 58 59 60 51 43 44 53 61 71 63 54 45 46 37 36 27 19 29 20 21 22 14 5 4 12 2 1 73 72 80 8 7 79 78 68 76 75 66 56 
286 | 0 8 17 9 19 18 27 36 37 46 45 54 62 53 52 43 44 35 26 25 24 33 31 12 13 14 15 6 5 77 70 69 60 59 50 40 49 48 29 20 11 2 3 75 76 67 58 57 56 65 64 72 80 
289 | 1 10 9 17 16 7 79 70 60 68 77 78 6 5 14 24 33 32 41 50 51 52 62 71 63 54 64 73 74 2 3 75 66 58 49 40 31 30 39 48 47 56 46 36 44 34 26 18 28 29 20 12 22 
290 | 1 73 0 9 17 8 72 63 71 80 79 7 15 5 4 76 77 69 61 51 50 59 58 57 66 65 55 46 45 54 62 53 43 42 33 25 26 35 27 28 29 18 19 11 12 21 22 23 32 41 40 39 47 
291 | 0 1 73 72 63 71 80 79 7 8 17 9 18 19 20 11 3 76 5 4 13 22 32 33 42 51 61 60 50 58 59 68 67 66 57 56 55 47 48 49 40 31 30 29 38 37 36 44 43 26 25 24 15 
296 | 72 0 9 17 8 16 25 24 33 32 23 22 21 13 4 3 75 74 2 10 19 20 29 30 39 40 41 50 60 61 70 80 71 63 64 55 56 57 48 47 38 37 36 44 43 42 51 59 58 67 76 77 78 6 5 
302 | 1 0 9 10 11 19 29 37 45 27 35 25 33 32 31 23 13 4 5 77 69 70 61 53 43 51 50 41 40 49 59 67 76 75 3 21 30 39 48 57 47 55 64 65 73 72 63 71 80 79 7 8 17 16 15 
288 | 1 2 74 73 64 63 71 80 8 7 6 15 24 25 17 26 35 27 18 9 10 11 20 19 38 48 58 49 42 41 40 39 30 31 22 5 4 3 75 76 77 78 79 69 60 61 62 53 45 54 55 56 65 
292 | 9 10 1 0 72 80 71 63 54 62 52 43 42 51 60 69 78 5 77 4 13 3 11 20 19 18 35 27 26 25 16 17 8 7 15 24 32 41 40 39 31 30 38 37 46 47 56 65 74 75 76 67 58 
289 | 0 72 73 1 2 11 19 28 27 18 26 35 34 25 8 80 79 7 6 15 14 23 33 42 41 40 31 50 58 67 66 75 65 56 55 46 45 54 62 53 52 61 60 69 68 77 4 13 12 21 29 38 39 48 
289 | 1 20 28 38 39 49 40 31 30 21 13 4 5 77 76 67 59 60 69 70 79 7 16 15 24 23 32 41 42 34 43 52 44 36 37 46 54 62 71 63 73 64 65 56 57 75 3 11 10 9 17 26 18 
292 | 0 1 73 74 2 10 20 28 29 30 39 46 47 57 66 75 4 13 14 6 7 16 17 26 18 9 8 79 78 77 76 68 59 51 52 53 62 71 63 54 45 36 44 34 24 33 32 41 49 40 31 22 12 
295 | 1 2 73 74 65 56 57 48 47 37 29 30 39 40 31 32 41 49 50 42 43 34 26 18 9 19 27 44 45 55 54 63 62 52 60 59 69 70 80 8 16 23 24 15 6 78 77 5 75 3 11 20 21 
295 | 72 0 8 80 54 55 63 64 74 65 56 57 67 76 77 68 59 50 49 39 38 37 28 27 36 44 53 52 60 61 70 78 6 15 16 17 26 25 24 23 13 12 4 3 2 10 19 20 21 30 31 40 41 42 43 
301 | 0 72 80 8 9 18 26 17 25 34 43 52 53 62 61 70 78 6 5 77 68 67 58 66 76 75 74 2 3 12 13 14 23 32 33 42 60 51 50 40 48 47 56 64 55 54 45 46 37 38 19 28 29 21 30 
303 | 8 0 72 80 79 70 78 77 76 75 66 67 68 58 49 40 31 32 33 43 52 51 60 61 62 54 55 46 47 56 64 73 74 3 13 22 14 5 6 15 24 25 26 18 19 27 35 44 36 37 29 30 20 11 12 2 
293 | 0 72 63 54 62 71 70 79 78 6 7 16 17 9 18 26 34 35 27 36 45 53 52 43 42 41 40 39 48 47 46 37 28 29 30 20 21 12 22 23 14 5 4 76 77 68 59 58 56 57 66 74 73 1 2 
297 | 72 0 9 18 26 35 44 43 53 62 63 54 55 65 75 3 13 14 33 24 16 15 6 5 4 76 67 68 77 78 7 79 70 69 60 51 41 40 31 30 21 20 11 19 28 29 38 37 46 47 56 57 48 49 39 
299 | 0 9 10 18 27 26 17 8 16 7 6 78 68 59 49 48 47 38 29 37 46 56 57 66 75 76 4 5 14 23 32 24 33 42 41 51 43 34 53 62 54 63 71 70 80 72 73 64 74 2 12 21 31 40 39 
288 | 0 8 7 79 80 72 71 62 54 64 65 74 73 1 10 11 2 67 58 49 48 47 39 40 31 30 29 38 37 36 45 53 43 35 27 18 17 26 25 33 42 51 61 70 69 77 78 6 16 15 5 13 22 
291 | 72 63 64 55 54 45 37 30 40 39 48 57 66 67 58 59 50 41 32 23 14 13 22 21 11 3 2 74 73 0 1 10 19 18 9 17 8 80 71 62 61 69 77 6 78 70 79 7 16 25 26 35 43 
298 | 1 2 10 9 18 26 17 16 7 6 5 14 13 12 3 75 74 73 56 64 63 54 46 45 53 62 71 70 79 78 77 68 67 66 58 49 48 38 39 30 20 28 27 35 34 42 60 52 50 41 40 31 22 32 24 
300 | 9 17 16 25 24 33 32 41 51 60 59 50 40 39 30 29 37 36 27 35 44 43 52 62 54 63 71 70 79 7 8 0 1 73 74 64 56 46 47 48 57 67 75 3 2 10 19 20 12 4 77 78 6 5 14 
297 | 0 72 8 80 70 61 62 53 44 43 35 26 18 27 36 37 45 54 64 74 2 3 75 66 56 47 48 57 67 68 59 60 51 50 49 40 31 32 23 24 33 16 6 78 77 5 14 13 12 21 30 29 20 19 10 
301 | 1 73 72 63 54 62 71 80 79 7 8 0 9 18 17 26 34 25 24 33 42 51 60 61 52 44 36 55 56 48 40 30 39 38 47 46 29 28 19 20 12 3 75 66 67 68 77 5 14 13 22 32 41 50 58 
300 | 8 7 79 70 71 0 1 73 74 2 11 12 3 13 22 32 41 40 50 60 59 51 43 34 24 25 15 14 5 6 78 68 58 67 66 57 56 47 48 39 30 20 19 28 37 46 45 36 44 52 53 62 54 63 64 
300 | 10 19 18 26 27 37 38 29 30 22 31 32 33 24 25 16 17 8 0 72 80 71 70 78 6 5 77 68 60 61 62 54 55 45 44 43 51 50 41 40 39 47 48 49 58 66 65 64 74 2 11 12 4 76 14 
292 | 8 80 72 73 1 0 10 11 12 21 30 40 39 48 47 38 29 28 27 18 26 35 44 53 36 45 62 54 64 65 66 57 58 68 69 70 79 7 16 15 14 13 4 76 67 59 50 51 42 41 32 23 33 34 
301 | 0 72 71 61 62 54 45 53 52 42 43 34 25 24 23 22 14 15 6 79 78 7 17 26 18 35 27 37 29 39 30 31 41 49 58 59 60 69 68 75 3 12 21 20 10 1 73 64 56 47 48 57 66 74 2 
299 | 1 74 2 3 75 76 4 5 77 68 69 78 79 70 61 53 62 54 45 46 55 63 64 65 57 59 51 41 49 40 31 23 15 6 16 17 26 25 33 42 34 35 44 36 27 18 19 10 11 12 21 29 38 39 47 
297 | 1 73 2 3 4 13 22 23 14 24 33 34 25 16 7 17 26 18 9 10 19 27 36 37 46 47 56 57 58 49 39 29 30 31 40 41 50 51 43 44 53 61 62 54 55 64 63 71 70 79 78 77 76 67 66 
297 | 72 73 1 2 11 10 9 18 27 28 37 38 39 47 56 55 63 54 53 43 52 62 71 70 69 78 79 7 8 17 26 25 24 33 42 51 50 41 40 49 58 57 66 67 75 76 4 5 13 14 23 22 31 30 29 
299 | 72 0 8 17 16 7 15 25 34 33 23 32 42 51 50 49 59 69 79 80 71 70 61 52 44 45 46 55 54 64 65 74 73 1 10 19 27 18 28 37 38 48 57 66 67 75 3 2 11 12 13 21 30 31 40 
296 | 9 18 26 25 35 44 53 45 36 27 19 10 1 73 74 2 3 75 67 76 77 78 6 79 7 17 16 5 4 13 23 24 33 32 40 41 50 59 51 60 61 70 71 63 64 55 56 47 57 48 39 30 29 20 21 
297 | 1 9 18 17 8 7 79 78 6 5 77 68 59 58 50 49 40 39 47 55 46 37 28 29 30 21 12 2 3 75 66 57 65 74 73 72 63 71 62 45 36 44 35 25 15 14 23 33 34 43 52 51 41 31 22 
286 | 0 9 10 1 74 2 75 65 66 67 68 69 61 60 51 50 59 49 48 47 57 56 55 45 53 44 36 27 18 19 28 29 30 31 40 32 33 34 35 26 25 16 17 8 7 6 5 78 77 76 3 13 22 
289 | 0 72 80 8 7 79 78 6 16 26 18 17 9 10 1 73 74 2 20 29 38 37 47 48 39 30 31 22 23 24 34 44 43 52 42 41 49 58 59 60 70 71 62 54 63 64 56 66 75 76 4 3 12 
295 | 72 80 54 45 53 62 61 70 69 68 58 60 51 50 49 48 47 56 55 64 65 66 75 2 3 12 4 76 77 5 6 14 22 30 39 38 37 28 20 19 10 9 17 26 18 27 35 34 43 42 41 32 24 25 16 
301 | 9 10 1 73 65 74 2 12 3 4 76 66 57 48 58 50 41 40 39 30 22 23 32 33 42 43 52 53 45 54 62 71 63 55 56 47 38 28 37 35 27 18 17 26 25 24 15 14 6 7 79 70 78 77 68 
289 | 72 63 54 55 45 36 37 38 29 30 22 13 4 74 73 0 1 10 11 20 19 18 9 17 8 80 71 7 79 78 61 62 53 43 44 27 35 26 25 16 15 24 33 42 32 40 49 50 59 67 58 48 57 
288 | 8 7 6 14 4 76 75 3 2 74 65 56 57 48 40 41 42 43 52 60 59 58 68 78 79 80 70 71 62 45 46 37 38 39 30 21 22 23 24 16 17 26 34 44 36 27 28 20 11 10 1 73 64 
298 | 0 8 80 72 63 64 65 56 47 48 39 30 29 20 11 10 9 18 26 17 16 15 24 33 34 43 44 36 28 37 46 54 62 71 70 69 60 52 51 50 59 67 58 49 40 41 32 31 21 22 13 5 4 76 75 
302 | 0 72 63 71 80 8 17 9 19 10 20 21 30 29 38 48 58 67 76 75 2 74 64 56 55 46 37 28 27 35 45 53 52 43 42 34 25 16 23 24 33 32 31 22 13 4 77 6 78 70 61 60 50 49 40 
289 | 9 8 7 17 26 18 19 28 20 10 2 3 12 13 4 76 67 58 57 66 65 73 72 63 71 62 61 70 78 77 68 60 52 54 46 47 37 38 29 30 39 40 41 50 51 43 42 33 34 15 14 23 22 
288 | 0 1 2 3 4 75 74 64 73 72 63 54 62 71 70 80 8 17 26 9 18 10 20 28 29 30 22 13 14 5 6 78 79 7 16 24 33 32 41 50 42 51 60 68 77 76 67 58 48 47 56 46 36 
300 | 72 0 9 17 26 18 28 37 29 20 10 74 2 12 3 76 5 14 13 22 31 39 38 47 56 57 66 67 68 59 60 70 78 6 16 8 80 71 63 64 54 62 53 45 36 44 43 34 24 33 42 51 41 40 49 
303 | 1 2 3 13 22 21 11 10 19 18 9 17 8 80 71 63 54 55 46 37 36 28 29 38 47 39 31 23 5 77 67 75 74 73 64 65 57 49 58 59 51 61 70 69 78 6 15 16 25 35 53 43 33 42 41 
301 | 0 8 17 9 19 20 29 38 37 36 44 43 42 33 24 25 16 7 79 78 6 14 22 13 12 4 76 68 67 58 66 74 2 10 1 73 64 63 72 80 71 70 61 60 51 50 41 40 32 31 30 39 48 47 56 55 
304 | 72 80 8 0 9 10 19 28 20 11 2 3 13 23 24 15 16 25 34 33 32 31 21 30 39 47 46 45 36 27 35 44 53 52 61 60 59 50 41 40 49 48 57 56 55 64 65 74 75 67 77 5 6 78 69 70 71 
303 | 8 0 9 26 35 25 17 16 15 23 32 31 22 13 21 30 39 38 47 56 64 73 1 2 11 10 19 18 27 37 46 54 62 70 79 71 63 72 80 7 6 77 68 60 52 43 42 51 41 49 58 67 76 4 75 66 
301 | 8 79 78 69 70 61 51 59 58 49 48 47 46 37 36 27 18 26 17 7 16 24 23 14 5 77 76 4 21 22 31 41 32 33 34 43 44 53 62 54 63 72 1 73 64 56 57 66 75 3 2 11 10 19 29 39 
310 | 72 80 70 71 62 54 63 64 74 75 66 67 68 58 49 39 48 56 47 46 37 28 29 21 20 12 11 2 1 10 9 17 18 26 16 15 24 33 34 44 36 43 52 60 51 50 41 31 22 23 14 6 7 78 77 76 4 
310 | 0 72 73 1 10 18 9 17 26 35 36 44 43 52 59 60 69 68 76 77 5 4 12 21 30 20 29 28 37 46 47 56 64 63 54 53 62 71 79 78 6 7 14 15 24 23 22 31 40 48 57 66 58 49 41 42 34 
308 | 9 17 16 24 14 5 4 76 75 3 12 20 28 37 46 45 36 44 53 52 60 68 77 78 6 7 79 70 71 62 54 63 64 56 48 39 38 30 31 40 50 49 58 66 74 73 1 2 10 18 26 34 43 42 41 32 22 
306 | 0 1 73 72 80 71 63 55 65 66 56 46 45 53 44 36 27 28 19 9 17 8 7 79 78 69 68 59 61 52 51 50 58 49 48 40 31 32 33 42 43 34 35 25 15 6 14 23 22 30 20 11 12 3 75 76 4 
309 | 0 73 65 66 56 47 48 39 40 41 42 51 60 52 43 44 36 28 27 18 26 25 34 33 24 23 30 29 20 11 12 13 14 4 76 67 59 68 78 6 16 7 8 80 79 70 61 62 45 46 55 54 63 72 1 9 19 
310 | 1 73 0 8 7 79 70 69 68 59 58 49 57 66 65 64 63 54 62 71 61 51 52 53 44 35 34 33 41 31 32 23 22 21 30 29 39 47 46 55 45 36 27 28 19 10 11 12 3 75 76 77 5 14 15 16 25 
302 | 0 8 79 80 72 73 74 2 11 20 21 30 39 31 40 49 58 67 66 75 3 13 4 5 6 78 77 68 60 52 61 62 71 63 56 46 55 54 45 53 44 36 27 28 19 10 18 26 35 34 25 16 15 24 23 32 41 
304 | 9 18 19 28 38 29 30 39 40 50 41 42 51 61 52 44 36 45 46 56 64 72 63 54 62 71 79 7 8 17 16 26 35 34 24 23 22 21 12 11 2 1 73 74 75 76 4 5 6 78 69 68 59 58 57 
307 | 1 73 55 54 63 71 62 61 52 51 42 43 44 36 37 46 38 39 40 41 50 49 58 57 56 65 66 75 2 3 12 11 21 22 31 30 29 28 19 18 9 17 7 79 78 68 59 69 77 5 14 15 23 24 34 25 26 
304 | 0 72 80 8 7 79 6 5 14 23 22 21 30 40 49 58 57 56 47 38 28 37 27 35 34 43 42 32 25 16 17 9 19 10 1 2 3 12 4 76 77 68 59 51 60 69 70 61 53 45 55 64 73 65 66 75 
304 | 0 9 10 19 20 11 1 72 63 64 73 65 56 55 46 37 28 36 44 34 43 52 42 50 41 32 31 30 39 38 48 49 58 67 75 3 76 4 5 77 69 60 61 70 71 80 79 7 8 17 16 25 24 15 22 13 
306 | 1 10 20 21 30 39 40 41 50 58 57 66 67 76 4 13 14 23 24 33 34 35 44 43 52 60 59 68 78 6 7 16 26 18 27 28 37 36 46 47 56 64 54 45 53 62 70 79 80 8 0 72 73 74 2 12 22 
306 | 9 26 25 24 23 22 13 4 77 69 70 61 62 53 52 43 34 33 32 41 50 51 60 59 58 48 47 39 30 29 20 19 28 27 36 35 44 45 46 56 55 63 80 8 16 15 5 76 67 66 65 74 73 1 2 11 12 
311 | 8 0 10 18 26 27 35 34 43 42 32 31 30 22 23 24 14 15 16 7 79 71 63 55 54 45 44 53 62 61 69 78 6 77 4 67 75 65 74 73 1 2 11 12 21 20 28 36 37 38 47 48 57 58 59 50 51 
307 | 9 17 7 8 0 73 72 80 79 78 6 5 4 14 23 31 40 39 48 47 56 57 66 67 68 69 60 51 59 58 49 50 41 42 33 43 34 26 18 27 35 44 36 37 28 29 38 21 13 12 3 2 1 74 65 54 62 
310 | 0 8 9 17 16 15 6 78 79 71 63 73 74 65 56 55 46 45 53 43 34 26 35 27 18 10 11 2 76 5 4 3 13 21 30 29 28 37 38 48 40 31 22 23 32 33 42 52 61 60 69 68 59 50 58 57 66 
306 | 0 8 80 79 7 16 15 24 33 41 42 51 60 69 70 62 54 45 53 43 44 35 26 18 27 36 37 38 47 56 57 58 49 59 67 77 5 4 13 22 23 31 40 39 29 21 20 11 10 1 73 72 64 65 75 76 3 
318 | 1 73 11 2 74 75 3 12 13 14 5 77 78 69 68 67 66 65 56 55 47 48 49 40 39 30 29 20 19 18 9 17 26 35 27 37 53 43 33 32 31 41 50 51 60 61 62 45 54 63 71 79 7 6 15 24 25 
305 | 9 17 8 80 79 7 6 78 69 60 51 68 67 66 76 4 14 15 24 23 31 30 40 49 50 59 58 57 56 65 74 73 72 0 1 2 11 12 13 22 21 20 29 28 26 35 34 43 52 44 36 37 46 45 54 63 71 
311 | 0 8 79 7 80 72 63 62 61 53 45 54 55 56 65 74 2 11 20 29 28 19 9 18 26 25 24 33 43 35 27 36 46 47 48 49 58 67 76 75 3 4 13 22 14 15 5 77 68 69 60 51 42 41 40 31 30 
309 | 0 8 80 72 73 1 74 2 3 4 13 22 30 39 48 47 56 57 66 67 76 5 6 78 79 7 16 17 26 9 18 10 20 29 28 37 36 45 53 44 43 34 24 33 32 41 51 50 49 58 68 59 60 70 71 63 64 
314 | 0 9 10 19 27 35 25 33 32 41 31 22 21 20 28 38 30 39 48 49 50 51 42 43 34 26 17 8 80 72 63 64 74 2 66 58 57 56 55 46 45 53 52 61 62 71 79 7 69 68 77 76 5 15 14 4 12 
311 | 9 17 26 18 27 35 43 52 42 41 50 59 58 67 77 5 6 15 25 16 7 79 78 69 61 70 71 63 54 62 53 45 55 65 64 73 74 75 3 2 1 11 10 19 28 37 38 39 30 21 13 22 23 31 40 49 57 
306 | 0 8 80 71 63 72 73 64 55 46 37 28 27 35 34 42 43 52 61 60 51 41 49 50 59 58 67 68 78 70 79 7 6 16 15 24 23 32 31 30 38 39 48 47 56 57 66 74 10 1 2 11 20 21 22 13 4 
306 | 1 2 3 75 74 73 63 54 55 56 57 66 67 76 77 5 4 13 12 21 20 19 18 27 28 38 37 46 45 36 44 43 62 71 70 79 80 7 8 9 17 26 16 15 24 33 32 31 40 39 49 50 41 42 51 60 69 
307 | 0 1 73 72 63 62 54 71 80 8 17 9 26 18 11 4 13 3 12 21 20 29 28 37 36 46 47 56 65 57 67 66 75 76 77 5 6 78 79 7 15 24 23 31 40 41 50 49 59 69 60 51 52 43 34 33 32 
310 | 0 72 80 8 9 26 25 24 15 14 5 6 79 70 71 54 45 46 55 56 66 67 58 48 38 37 36 28 27 35 34 43 44 53 52 42 50 59 60 68 77 76 4 3 75 65 74 1 10 20 21 12 13 22 30 40 32 
316 | 0 72 80 8 17 16 25 24 33 43 44 35 36 27 19 9 10 20 30 29 37 46 55 64 56 47 39 40 48 49 50 41 32 22 12 13 14 5 6 78 77 76 3 2 74 75 66 58 67 68 60 51 52 61 70 62 54 
300 | 0 8 17 26 25 35 34 42 52 53 45 36 46 55 64 65 56 57 67 76 4 13 21 30 31 32 23 15 6 7 79 78 69 61 62 71 80 72 73 74 2 1 10 11 20 19 27 28 37 38 39 48 49 59 50 
305 | 9 0 8 17 26 18 27 28 19 11 2 3 75 76 67 58 49 48 47 56 57 65 64 73 72 63 71 80 79 70 69 60 51 42 43 34 25 35 44 36 37 38 39 40 31 41 50 59 77 6 15 14 5 4 12 13 22 
