1 1
1 2 3 4 0 6 7 8 9
4 5 6 7 0 9 1 2 3
7 8 9 1 0 3 4 5 6
3 1 2 9 0 8 6 4 5
0 0 0 0 0 0 0 0 0
9 7 8 6 0 5 3 1 2
2 3 1 8 0 7 5 6 4
5 6 4 2 0 1 8 9 7
8 9 7 5 0 4 2 3 1

1 2
1 2 3 4 5 6 7 8 9
4 0 6 7 0 9 1 0 3
7 8 9 1 2 3 4 5 6
3 1 2 9 7 8 6 4 5
6 0 5 3 0 2 9 0 8
9 7 8 6 4 5 3 1 2
2 3 1 8 9 7 5 6 4
5 0 4 2 0 1 8 0 7
8 9 7 5 6 4 2 3 1

1 3
1 2 3 4 5 6 7 8 9
4 5 6 7 8 9 1 2 3
7 8 9 1 2 3 4 5 6
3 1 2 0 0 0 6 4 5
6 4 5 0 0 0 9 7 8
9 7 8 0 0 0 3 1 2
2 3 1 8 9 7 5 6 4
5 6 4 2 3 1 8 9 7
8 9 7 5 6 4 2 3 1

1 4
6 0 8 5 0 9 0 4 1
5 7 9 4 1 3 8 6 2
4 1 0 6 2 0 9 5 0
7 0 4 0 3 6 5 2 8
0 3 6 2 8 5 4 0 9
2 8 5 7 9 0 0 1 3
8 5 0 9 4 1 2 3 0
9 4 1 0 6 2 7 8 5
3 6 0 8 0 7 0 9 4

1 5
4 0 0 1 0 2 5 0 6
0 5 2 3 0 8 1 4 0
8 1 9 0 0 0 7 2 0
0 6 0 2 0 1 0 7 0
9 0 1 0 4 0 6 0 2
0 4 0 5 0 9 0 3 0
0 2 8 0 0 0 4 6 7
0 3 4 8 0 6 2 9 0
5 0 6 4 0 7 0 0 8

1 6
7 8 0 6 0 1 0 5 9
4 2 0 0 8 0 0 3 6
0 0 6 2 0 7 8 0 0
0 0 2 3 0 6 1 0 0
8 0 0 0 1 0 0 0 5
0 1 5 8 0 4 6 7 0
0 0 7 4 0 8 9 0 0
2 3 0 0 6 0 0 8 7
6 4 0 9 0 3 0 2 1

1 7
0 7 0 0 0 0 3 0 8
2 1 0 4 3 6 7 0 5
0 3 0 8 0 7 6 0 4
0 9 4 2 0 0 5 7 1
0 0 0 0 1 0 0 0 0
3 6 1 0 0 4 2 8 0
9 0 3 1 0 2 0 4 0
1 0 2 6 8 5 0 3 7
6 0 7 0 0 0 0 5 0

1 8
3 0 0 2 8 0 5 0 6
9 6 0 0 4 1 0 0 0
0 5 4 0 0 3 1 0 9
0 0 3 7 0 0 2 5 0
4 8 0 3 9 2 0 6 1
0 1 7 0 0 6 9 0 0
7 0 9 1 0 0 8 3 0
0 0 0 8 2 0 0 9 5
5 0 8 0 3 4 0 0 7

1 9
4 0 2 9 0 5 6 0 8
0 5 0 0 4 0 0 1 0
0 9 1 8 0 2 5 3 0
0 4 6 0 3 0 7 9 0
3 0 0 2 9 4 0 0 6
2 0 0 7 6 1 0 0 3
0 2 7 0 0 0 8 6 0
0 1 3 0 2 0 9 4 0
5 0 0 0 8 0 0 0 7

1 10
9 0 0 0 5 7 0 0 8
0 6 2 1 0 0 7 4 0
3 0 0 9 4 2 0 0 1
0 0 0 7 0 0 8 0 6
0 8 7 0 3 0 9 2 0
6 0 9 0 0 8 0 0 0
8 0 0 2 9 1 0 0 7
0 3 1 0 0 4 5 9 0
2 0 0 3 7 0 0 0 4

1 11
1 5 0 6 0 0 0 3 9
0 0 7 0 1 0 6 0 0
9 3 0 5 0 2 0 0 8
0 0 1 0 5 0 0 9 0
8 6 0 2 9 4 3 0 0
0 0 2 0 3 0 0 5 0
6 1 0 7 0 3 0 0 4
0 0 8 0 6 0 1 0 0
5 2 0 4 0 0 0 6 7

1 12
4 0 1 5 7 0 0 2 0
0 7 0 6 0 0 5 0 4
0 0 6 0 0 4 0 9 1
6 0 0 3 0 0 9 0 2
0 9 0 0 1 0 0 8 0
1 0 3 0 0 8 0 0 5
3 2 0 8 0 0 1 0 0
7 0 5 0 0 2 0 4 0
0 1 0 0 6 3 2 0 7

1 13
3 0 0 0 0 2 0 0 8
6 8 0 0 0 3 0 2 7
0 0 0 1 8 0 0 3 5
9 5 0 0 0 4 0 0 0
2 3 0 8 0 9 0 5 4
0 0 0 3 0 0 0 9 2
1 4 0 0 2 8 0 0 0
5 2 0 6 0 0 0 8 3
8 0 0 9 0 0 0 0 1

1 14
0 1 0 9 0 6 0 4 0
5 0 4 0 2 0 6 0 9
0 7 0 1 0 5 0 8 0
0 4 0 0 8 0 0 2 0
2 0 6 0 0 0 9 0 8
0 8 0 0 5 0 0 7 0
0 2 0 5 0 1 0 6 0
1 0 8 0 6 0 4 0 7
0 6 0 8 0 4 0 9 0

1 15
1 2 7 0 5 9 8 4 0
0 0 5 0 0 2 0 0 0
0 4 0 6 1 0 0 7 0
6 0 0 1 0 0 2 0 3
7 0 3 0 0 0 6 0 8
9 0 2 0 0 3 0 0 4
0 7 0 0 3 1 0 6 0
0 0 0 9 0 0 1 0 0
0 9 1 5 8 0 3 2 7

1 16
0 0 0 2 0 8 0 0 0
8 2 0 0 4 0 0 6 9
0 7 0 6 0 9 0 2 0
0 0 6 8 0 5 7 0 0
1 9 3 0 2 0 5 8 6
0 0 7 1 0 6 9 0 0
0 5 0 4 0 3 0 1 0
7 3 0 0 8 0 0 5 4
0 0 0 5 0 1 0 0 0

1 17
3 0 0 0 0 0 0 0 8
0 9 5 1 3 7 4 6 0
0 0 6 0 0 0 1 0 0
7 0 0 2 0 5 0 0 9
2 3 8 0 1 0 5 4 7
1 0 0 4 0 3 0 0 6
0 0 7 0 0 0 2 0 0
0 1 2 7 4 8 9 3 0
5 0 0 0 0 0 0 0 4

1 18
6 0 0 0 0 0 0 0 4
0 4 1 6 3 9 5 0 0
0 0 8 4 0 0 0 7 0
8 7 0 0 6 2 0 0 1
1 0 4 0 9 0 3 0 8
2 0 0 8 1 0 0 6 5
0 2 0 0 0 6 4 0 0
0 0 3 9 7 5 2 1 0
9 0 0 0 0 0 0 0 7

1 19
0 7 2 0 3 0 6 4 0
0 8 0 9 0 7 0 2 0
5 0 4 0 0 0 3 0 7
0 3 0 5 0 2 0 9 0
4 0 9 0 0 0 2 0 5
0 5 0 4 0 3 0 7 0
0 0 5 0 0 0 7 0 0
8 6 0 7 0 4 0 5 3
0 0 3 0 5 0 4 0 0

1 20
1 0 2 0 4 0 8 0 7
0 4 0 0 0 2 0 1 0
6 0 9 0 1 0 2 0 4
2 0 0 8 0 0 7 0 0
0 1 0 0 2 0 0 3 0
7 0 0 4 0 0 1 0 0
3 0 1 0 5 0 9 0 8
0 6 0 0 0 7 0 2 0
5 0 7 0 3 0 4 0 1

1 21
0 1 0 0 5 0 0 7 0
2 0 7 4 0 9 3 0 8
0 3 0 0 8 0 0 1 0
9 0 5 0 2 0 6 0 0
6 2 0 5 0 7 0 9 3
0 0 3 0 9 0 7 0 5
0 6 0 0 7 0 0 5 0
5 0 4 1 0 2 8 0 7
0 8 0 0 3 0 0 4 0

1 22
0 7 0 3 0 0 0 0 8
8 0 1 0 0 9 5 4 0
0 9 0 0 6 0 0 0 3
0 4 0 5 0 2 6 0 1
3 2 0 0 1 0 0 5 4
5 0 8 6 0 4 0 7 0
7 0 0 0 2 0 0 1 0
0 5 3 4 0 0 2 0 9
2 0 0 0 0 6 0 3 0

1 23
0 5 7 0 0 0 9 3 0
4 0 0 8 0 9 0 0 2
1 0 2 0 3 0 5 0 6
5 0 4 0 0 0 7 0 3
0 7 0 1 0 5 0 6 0
9 0 8 0 0 0 2 0 5
3 0 5 0 2 0 4 0 1
6 0 0 4 0 8 0 0 7
0 4 9 0 0 0 6 2 0

1 24
0 0 1 0 0 0 0 8 0
0 8 0 1 0 0 0 9 5
9 0 3 0 5 2 4 0 0
3 1 0 9 6 0 5 0 0
0 6 5 4 0 8 9 2 0
0 0 4 0 2 1 0 3 7
0 0 8 2 7 0 3 0 4
4 3 0 0 0 5 0 7 0
0 2 0 0 0 0 8 0 0

1 25
2 0 4 7 0 1 5 0 6
0 6 0 0 3 0 0 2 0
7 0 3 0 0 0 4 0 1
0 7 0 3 1 8 0 9 0
0 2 0 0 0 0 0 7 0
4 0 9 0 2 0 1 0 3
5 0 0 0 4 0 0 0 7
9 0 7 8 0 2 3 0 5
0 3 0 0 7 0 0 4 0

1 26
0 0 0 7 5 3 9 0 0
1 8 3 4 2 0 0 5 0
5 0 0 0 0 6 0 0 2
2 0 0 5 0 0 6 0 0
4 9 0 0 1 0 0 7 3
0 0 7 0 0 8 0 0 1
8 0 0 2 0 0 0 0 9
0 2 0 0 9 4 1 3 5
0 0 4 3 6 1 0 0 0

1 27
0 0 7 0 0 4 0 8 0
0 3 0 1 8 0 0 0 5
1 0 2 0 0 5 0 4 0
0 5 0 6 9 2 4 0 3
0 4 0 0 1 0 0 9 0
3 0 1 4 5 7 0 6 0
0 1 0 3 0 0 7 0 8
9 0 0 0 2 8 0 3 0
0 2 0 7 0 0 9 0 0

1 28
0 2 0 9 0 7 0 8 0
0 0 6 0 5 0 4 0 0
0 9 1 4 0 3 2 7 0
0 0 3 0 0 0 9 0 0
0 0 0 2 0 5 0 0 0
4 7 0 6 9 8 0 1 5
1 6 0 5 2 4 0 3 7
0 3 0 0 0 0 0 4 0
0 0 7 3 1 9 6 0 0

1 29
0 0 0 6 7 9 0 0 0
7 4 6 0 1 0 8 9 3
0 0 9 0 0 0 7 0 0
4 0 0 1 0 8 0 0 2
6 1 0 2 0 3 0 8 5
8 0 0 7 0 6 0 0 4
0 0 4 0 0 0 2 0 0
3 2 8 0 6 0 5 1 9
0 0 0 8 2 5 0 0 0

1 30
2 0 0 0 1 0 0 3 0
0 0 6 0 0 9 0 0 2
0 9 5 3 0 0 6 1 0
0 5 2 0 3 0 9 4 0
4 0 7 8 0 5 1 0 3
0 1 9 0 4 0 8 5 0
0 4 8 0 0 3 2 7 0
6 0 0 7 0 0 3 0 0
0 7 0 0 2 0 0 0 1

1 31
0 0 6 9 2 0 0 3 1
0 5 0 3 0 8 0 0 6
2 3 4 0 6 1 5 0 9
0 8 0 0 0 4 0 0 3
0 0 0 0 0 0 0 0 0
4 0 0 8 0 0 0 7 0
6 0 7 2 8 0 3 5 4
9 0 0 4 0 3 0 1 0
5 4 0 0 1 7 2 0 0

1 32
1 0 6 3 8 0 0 0 0
5 0 3 6 0 0 9 8 0
0 0 7 0 0 4 3 5 0
0 0 0 2 4 0 0 0 5
4 5 9 0 0 0 6 1 2
7 0 0 0 1 6 0 0 0
0 6 2 9 0 0 1 0 0
0 7 5 0 0 1 2 0 8
0 0 0 0 2 7 5 0 3

1 33
0 7 9 0 6 0 8 0 0
0 1 8 0 5 0 0 2 4
0 0 0 0 0 4 3 7 9
0 2 0 6 0 7 0 0 8
7 0 6 0 0 0 9 0 2
9 0 0 4 0 2 0 1 0
8 3 1 5 0 0 0 0 0
6 9 0 0 2 0 4 8 0
0 0 5 0 7 0 1 6 0

1 34
5 2 0 0 4 1 3 0 0
9 1 0 0 7 0 0 2 0
0 0 4 0 9 2 0 8 0
0 0 7 5 0 6 0 0 4
0 3 0 0 1 0 0 5 0
8 0 0 4 0 3 9 0 0
0 8 0 7 6 0 1 0 0
0 7 0 0 5 0 0 6 2
0 0 1 2 3 0 0 9 5

1 35
0 2 4 0 0 0 1 0 0
0 0 0 8 1 0 0 7 3
1 7 0 6 3 0 0 9 2
0 3 9 0 7 6 0 0 0
0 4 1 0 0 0 3 2 0
0 0 0 1 2 0 9 6 0
8 1 0 0 4 5 0 3 9
9 5 0 0 6 8 0 0 0
0 0 3 0 0 0 2 5 0

1 36
0 7 6 4 0 0 0 2 0
3 0 0 0 1 5 0 9 0
0 0 9 0 2 0 3 0 4
0 8 1 0 3 0 7 0 0
2 0 7 0 4 0 6 0 8
0 0 3 0 7 0 2 1 0
1 0 8 0 5 0 4 0 0
0 4 0 2 6 0 0 0 3
0 9 0 0 0 4 1 5 0

1 37
0 0 1 0 6 0 9 8 0
0 4 0 3 1 8 0 0 5
6 0 3 0 0 0 4 0 0
0 5 0 7 3 9 0 6 0
1 0 7 0 0 0 3 0 2
0 3 0 1 5 2 0 7 0
0 0 8 0 0 0 2 0 6
3 0 0 9 2 6 0 4 0
0 6 4 0 7 0 5 0 0

1 38
0 8 0 4 0 9 0 1 0
0 0 4 0 6 0 2 0 0
6 0 0 1 2 8 0 0 3
8 4 0 9 0 7 0 3 5
0 0 5 0 0 0 1 0 0
3 9 0 6 0 2 0 7 4
5 0 0 3 4 1 0 0 8
0 0 8 0 9 0 4 0 0
0 7 0 2 0 6 0 5 0

1 39
1 0 0 5 0 6 0 0 8
2 3 0 0 7 0 0 5 1
0 5 6 0 0 0 2 4 0
0 0 3 1 0 9 7 0 0
5 9 0 0 0 0 0 8 4
0 0 1 4 0 7 9 0 0
0 4 2 0 0 0 8 1 0
3 8 0 0 6 0 0 7 9
7 0 0 8 0 3 0 0 6

1 40
7 1 0 0 9 0 0 5 8
0 8 4 0 6 0 2 3 0
0 0 9 3 0 8 1 0 0
8 0 0 6 0 2 0 0 1
9 0 2 1 0 5 7 0 6
0 3 0 0 0 0 0 2 0
3 0 0 5 7 6 0 0 4
0 9 0 4 0 3 0 7 0
0 0 1 0 2 0 5 0 0

1 41
7 0 2 0 0 0 8 0 9
0 1 0 2 0 3 0 7 0
0 0 4 0 7 0 2 0 0
0 5 0 9 0 8 0 4 0
9 6 3 0 4 0 1 5 8
0 4 0 6 0 1 0 3 0
0 0 8 0 1 0 7 0 0
4 0 0 8 0 5 0 0 1
1 2 0 0 9 0 0 8 6

1 42
3 1 0 6 0 7 0 5 2
0 6 2 0 3 0 7 1 0
0 0 8 0 0 0 9 0 0
0 0 0 5 0 6 0 0 0
4 2 0 0 9 0 0 3 5
0 0 7 4 2 3 8 0 0
0 0 0 1 0 9 0 0 0
9 0 5 0 0 0 1 0 6
0 7 0 8 4 5 0 2 0

1 43
6 2 0 1 3 5 0 4 8
0 1 0 8 0 7 0 9 0
0 0 8 0 0 9 5 0 0
9 0 0 5 0 0 0 6 0
0 4 0 0 6 3 0 0 2
2 0 0 7 0 0 0 5 0
0 0 7 0 0 1 6 0 0
0 5 0 4 0 6 0 7 0
1 6 0 2 7 8 0 3 5

1 44
9 0 8 0 3 0 0 6 0
0 0 0 4 9 0 0 0 3
0 6 4 0 0 2 5 0 7
7 0 0 8 0 1 0 5 0
1 8 0 3 0 0 6 7 4
2 0 0 5 0 7 0 8 0
0 7 9 0 0 3 2 0 8
0 0 0 2 7 0 0 0 6
6 0 2 0 1 0 0 4 0

1 45
0 6 0 0 3 0 7 0 4
4 0 3 0 7 5 0 1 0
7 0 0 4 0 8 9 0 0
0 7 1 0 4 0 0 0 8
0 0 0 1 0 3 0 6 0
0 9 6 0 2 0 0 0 1
2 0 0 7 0 9 6 0 0
6 0 7 0 5 2 0 4 0
0 5 0 0 8 0 3 0 2

1 46
3 0 7 0 0 0 8 0 6
0 1 0 9 0 5 0 3 0
5 0 4 0 3 0 2 0 9
0 4 0 8 0 7 0 9 0
0 3 0 0 1 0 0 7 0
9 0 5 0 6 0 1 0 4
7 0 0 6 2 8 0 0 1
0 2 0 3 0 1 0 6 0
0 0 8 0 9 0 7 0 0

1 47
1 0 5 0 0 0 8 0 4
0 6 0 7 0 2 0 1 0
0 2 3 4 0 8 7 5 0
0 0 7 0 9 0 6 0 0
0 9 0 0 0 0 0 3 0
0 0 2 6 0 1 4 0 0
0 0 8 2 0 9 5 0 0
2 4 0 0 7 0 0 6 8
7 5 0 1 0 6 0 4 3

1 48
2 1 0 9 0 0 6 0 0
4 0 5 0 6 0 3 0 7
0 0 9 0 0 0 0 1 4
7 0 0 8 0 6 9 0 0
8 3 0 0 1 9 0 2 5
5 0 0 3 0 7 1 0 0
0 0 8 0 0 0 0 6 2
1 0 2 0 8 0 5 0 9
6 4 0 2 0 0 8 0 0

1 49
6 0 1 2 4 0 7 3 0
0 5 0 7 0 9 0 0 2
0 3 0 0 5 0 0 8 0
2 0 9 0 0 6 0 0 4
0 4 0 9 7 0 0 1 0
1 0 6 0 0 5 0 0 3
0 2 0 0 6 0 0 5 0
0 1 0 5 0 7 0 0 8
8 0 5 1 2 0 9 4 0

1 50
6 0 2 0 0 3 7 0 9
1 0 3 2 0 0 5 0 4
0 8 0 6 9 0 0 2 0
8 0 0 5 0 6 0 7 0
0 3 0 0 0 0 0 0 1
7 0 0 9 0 1 0 5 0
0 1 0 7 6 0 0 9 0
2 0 4 1 0 0 8 0 7
5 0 9 0 0 4 2 0 6

2 1
0 4 0 0 3 0 0 6 0
9 0 3 2 0 6 0 0 4
0 8 0 0 1 0 9 2 0
4 1 0 0 9 2 0 3 0
0 0 2 1 0 0 7 0 8
6 7 0 0 5 8 0 1 0
0 2 0 0 8 0 3 5 0
3 0 7 5 0 1 0 0 9
0 9 0 0 4 0 0 7 0

2 2
6 0 0 1 0 2 0 0 4
0 8 1 0 5 0 3 9 0
0 4 3 0 0 0 6 2 0
7 0 0 3 0 1 0 0 9
0 6 4 0 2 0 8 7 0
0 3 0 8 0 6 0 4 0
3 0 0 4 0 7 0 0 8
0 1 6 0 0 0 7 5 0
0 9 0 2 0 5 0 3 0

2 3
2 0 5 6 0 1 4 0 8
6 0 1 0 0 0 7 0 2
0 3 0 0 4 0 0 5 0
0 0 0 8 0 6 0 0 0
5 0 6 4 0 7 1 0 3
9 8 0 0 3 0 0 6 7
0 0 0 2 6 9 0 0 0
3 0 2 0 8 0 9 0 5
0 7 0 5 0 3 0 2 0

2 4
0 9 0 7 0 2 0 8 0
3 0 8 0 4 0 2 0 9
0 1 0 0 9 0 0 5 0
1 0 0 3 0 6 0 0 5
8 2 6 0 0 0 1 3 7
4 0 0 1 0 7 0 0 6
0 4 0 0 6 0 0 1 0
2 0 1 0 7 0 4 0 3
0 5 0 2 0 4 0 9 0

2 5
0 5 0 0 2 0 3 7 0
6 0 0 3 0 9 0 0 4
0 2 1 0 7 0 0 6 0
0 0 5 4 0 3 0 2 7
9 4 0 0 1 0 8 0 0
0 0 7 5 0 8 0 9 1
0 6 2 0 4 0 0 8 0
1 0 0 2 0 5 0 0 6
0 8 0 0 3 0 1 5 0

2 6
5 0 4 0 1 0 2 0 9
0 9 0 2 0 4 0 8 0
0 0 7 0 6 0 4 0 3
0 4 0 7 0 1 0 2 0
8 0 1 0 4 0 9 0 0
0 6 0 9 0 3 0 1 0
0 0 2 0 7 0 3 0 6
0 3 0 5 0 2 0 7 0
1 0 8 0 3 0 5 0 2

2 7
0 2 0 4 0 7 9 0 0
7 0 1 0 8 0 0 5 0
6 0 4 0 1 0 0 7 0
0 6 0 8 0 1 0 2 9
3 0 8 0 2 0 0 0 0
0 1 0 3 0 6 0 4 8
2 0 5 0 3 0 0 9 0
1 0 9 0 4 0 0 3 0
0 3 0 7 0 2 4 0 0

2 8
1 0 0 8 5 7 0 0 9
0 0 8 0 0 0 6 0 0
3 0 0 4 0 2 0 0 7
6 0 1 0 0 0 4 0 8
0 8 0 6 0 1 0 3 0
5 0 4 0 8 0 7 0 1
0 5 0 0 2 0 0 7 0
0 6 3 5 0 4 9 1 0
7 0 2 0 9 0 5 0 6

2 9
2 1 0 5 0 3 0 4 7
0 9 0 0 6 0 0 3 0
3 0 8 9 0 1 2 0 6
0 0 0 3 0 5 0 0 0
7 3 0 6 0 9 0 8 4
0 5 0 0 4 0 0 1 0
1 0 9 7 0 8 4 0 5
0 0 0 2 0 6 0 0 0
6 7 0 0 0 0 0 9 2

2 10
7 0 0 1 6 0 0 9 0
0 5 4 0 0 8 3 6 0
6 0 0 3 0 5 0 0 0
2 0 1 0 4 0 7 0 6
0 0 8 7 0 0 9 2 0
4 0 9 0 8 0 1 0 3
9 0 0 2 0 3 0 0 0
0 1 5 0 0 6 4 7 0
8 0 0 4 1 0 0 3 0

2 11
0 4 0 1 0 2 0 9 0
8 0 2 0 7 0 1 0 5
0 9 0 3 0 4 6 0 2
0 0 5 0 6 0 2 3 0
0 0 0 7 0 1 0 0 0
0 0 7 0 4 0 9 8 0
0 7 0 2 0 6 4 0 3
9 0 3 0 1 0 8 0 6
0 2 0 8 0 5 0 1 0

2 12
9 0 1 0 4 0 0 5 0
0 6 0 0 0 2 9 0 4
0 0 5 7 0 3 0 1 0
7 0 3 0 8 0 2 6 0
0 4 0 3 0 1 0 0 5
8 0 9 0 6 0 4 3 0
0 0 2 6 0 4 0 7 0
0 7 0 0 0 8 5 0 9
5 0 8 0 2 0 0 4 0

2 13
3 6 2 0 0 0 7 4 8
0 0 0 6 0 2 0 0 0
8 0 1 0 3 0 2 0 9
0 8 0 1 0 9 0 3 0
7 0 6 0 0 0 1 0 5
0 1 0 3 0 6 0 7 0
6 7 0 0 4 0 0 1 3
0 2 0 9 0 7 0 8 0
0 9 5 0 0 0 4 2 0

2 14
0 1 0 0 8 0 0 6 0
6 0 0 7 0 1 0 0 5
0 2 3 0 9 0 4 1 0
0 9 0 0 6 0 0 2 0
2 0 7 4 0 3 1 0 9
0 8 4 0 1 0 6 5 0
0 5 0 0 2 0 0 7 0
8 0 0 6 0 9 0 0 2
0 7 2 0 4 0 8 3 0

2 15
8 0 0 1 4 9 0 3 0
0 0 1 0 7 0 4 2 8
7 0 4 0 0 0 0 6 0
0 1 0 0 3 0 5 0 0
2 0 0 8 6 1 0 4 3
0 3 0 0 2 0 6 0 0
9 0 7 0 0 0 0 5 0
0 0 2 0 5 0 3 9 6
5 0 0 2 9 4 0 7 0

2 16
0 9 0 0 2 0 8 0 4
6 0 8 3 0 7 0 2 1
0 0 1 0 5 0 9 6 0
1 3 0 0 7 0 4 0 0
0 0 4 0 0 2 0 0 0
2 5 0 0 3 0 6 0 0
0 0 9 0 1 0 2 4 0
5 0 2 7 0 9 0 3 8
0 1 0 0 8 0 7 0 6

2 17
0 7 1 0 6 5 0 2 8
0 0 4 0 0 9 0 0 3
0 5 0 0 1 0 0 6 0
2 0 0 9 0 0 8 0 6
7 0 6 4 0 1 0 9 5
5 0 0 6 0 0 7 0 1
0 9 0 0 8 0 0 7 0
0 0 2 0 0 3 0 0 4
0 3 7 0 4 2 0 1 9

2 18
2 0 8 0 1 3 5 9 0
0 6 0 5 0 0 0 3 0
0 0 0 6 8 0 0 0 4
0 3 5 4 0 1 0 2 7
0 0 1 0 0 0 3 0 0
4 7 0 8 0 9 6 5 0
9 0 0 0 2 7 0 0 0
0 2 0 0 0 8 0 1 0
0 1 4 3 5 0 2 0 9

2 19
2 7 0 1 6 4 0 0 0
0 0 1 0 3 0 0 6 2
8 0 0 9 0 0 0 5 0
0 4 9 0 8 0 2 0 6
3 0 0 6 0 1 0 9 0
0 6 7 0 9 0 3 0 8
7 0 0 2 0 0 0 3 0
0 0 2 0 5 0 0 7 1
9 1 0 4 7 8 0 0 0

2 20
0 1 6 0 4 0 8 3 0
2 0 0 1 0 6 0 0 5
0 5 0 0 7 2 0 4 0
0 9 2 0 0 0 7 6 0
3 0 0 6 0 7 0 0 4
0 7 5 0 0 0 3 9 0
0 2 0 8 3 0 0 1 0
1 0 0 2 0 9 0 0 7
0 4 8 0 6 0 5 2 0

2 21
5 4 0 0 0 1 0 0 9
0 1 0 0 8 4 0 2 6
7 0 6 0 0 0 4 0 0
0 0 5 9 0 7 0 6 4
1 7 0 0 5 0 2 0 0
0 0 9 4 0 3 0 7 5
6 0 2 0 0 0 3 0 0
0 5 0 0 9 2 0 8 1
8 3 0 0 0 5 0 0 2

2 22
1 0 4 3 0 0 0 2 0
7 0 8 0 2 0 6 0 5
0 3 0 0 8 9 1 0 7
0 0 5 2 0 8 0 0 4
0 7 0 0 0 0 0 1 0
2 0 0 7 0 3 5 0 0
4 0 6 9 3 0 0 5 0
9 0 1 0 7 0 8 0 3
0 2 0 0 0 5 4 0 1

2 23
0 9 1 0 4 0 8 0 0
2 0 0 8 0 3 0 5 0
0 5 6 0 2 0 0 0 3
7 0 0 2 0 6 9 0 4
0 4 0 7 0 1 0 8 0
9 0 2 5 0 4 0 0 6
1 0 0 0 5 0 7 3 0
0 3 0 1 0 8 0 0 2
0 0 8 0 7 0 4 6 0

2 24
0 0 0 4 7 0 9 0 0
2 7 0 8 0 6 0 0 3
0 0 1 2 0 0 8 6 0
5 1 0 0 0 4 0 8 9
0 0 2 7 0 8 1 0 0
6 9 0 5 0 0 0 3 4
0 6 4 0 0 7 3 0 0
7 0 0 1 0 3 0 9 8
0 0 3 0 5 2 0 0 0

2 25
3 0 0 2 0 1 0 0 7
0 1 0 7 9 3 0 6 0
0 0 6 0 0 0 2 0 0
9 0 1 0 2 0 3 0 8
0 7 8 6 0 9 5 1 0
2 0 0 4 0 8 0 0 9
5 0 0 0 0 0 0 0 4
1 8 4 0 0 0 7 9 6
0 0 0 0 7 0 0 0 0

2 26
0 0 0 0 9 1 0 8 4
3 9 0 4 0 6 1 2 0
6 0 4 0 0 0 0 0 0
0 0 0 0 8 3 0 5 1
0 0 3 5 0 4 9 0 0
8 7 0 2 1 0 0 0 0
0 0 0 0 0 0 8 0 2
0 8 6 1 0 2 0 4 7
2 4 0 6 3 0 0 0 0

2 27
3 1 8 0 0 0 7 5 9
9 0 0 7 3 8 0 0 4
7 0 0 0 5 0 0 0 3
0 9 0 0 0 0 0 2 0
0 5 1 0 0 0 8 4 0
0 3 0 0 0 0 0 9 0
1 0 0 0 9 0 0 0 2
2 0 0 1 4 5 0 0 6
5 6 9 0 0 0 4 1 8

2 28
3 4 0 9 1 8 0 2 6
0 0 0 2 0 5 0 0 0
0 8 5 0 0 0 3 1 0
0 6 0 5 0 1 0 3 0
0 5 0 0 2 0 0 9 0
0 3 0 4 0 6 0 7 0
0 2 8 0 0 0 7 4 0
0 0 0 3 0 2 0 0 0
9 1 0 6 4 7 0 5 8

2 29
7 0 8 0 9 0 5 0 1
0 1 0 5 0 8 0 4 0
3 0 0 0 2 0 0 0 8
8 0 0 9 0 7 0 0 5
1 7 5 0 0 0 2 3 9
6 0 0 2 0 5 0 0 7
4 0 0 0 5 0 0 0 6
0 9 0 7 0 4 0 1 0
2 0 1 0 6 0 7 0 4

2 30
3 0 0 0 6 0 0 0 1
0 1 7 3 9 8 2 5 0
0 2 6 0 0 0 8 3 0
0 0 0 9 0 2 0 0 0
2 9 0 0 7 0 0 8 4
0 0 0 1 0 4 0 0 0
0 5 2 0 0 0 4 1 0
0 7 4 8 2 9 5 6 0
8 0 0 0 4 0 0 0 7

2 31
3 2 0 0 0 0 6 4 1
1 0 9 6 0 0 0 0 8
0 0 8 0 4 5 9 0 0
0 0 1 0 0 6 0 0 7
0 5 0 0 2 0 0 8 0
7 0 0 8 0 0 3 0 0
0 0 7 4 6 0 1 0 0
2 0 0 0 0 8 7 0 3
5 1 6 0 0 0 0 9 4

2 32
3 0 0 0 2 0 0 0 6
0 6 0 3 8 5 0 4 0
0 0 7 1 0 9 8 0 0
0 1 4 0 0 0 2 3 0
9 3 0 0 0 0 0 8 5
0 7 5 0 0 0 1 9 0
0 0 3 2 0 7 4 0 0
0 4 0 6 9 3 0 1 0
1 0 0 0 4 0 0 0 9

2 33
3 0 2 0 0 7 0 1 0
0 1 0 2 0 5 0 8 0
0 7 0 1 0 0 2 0 9
0 2 0 4 0 0 6 0 5
0 0 6 0 2 1 0 0 0
0 4 0 8 0 0 1 0 7
0 9 0 6 0 0 3 0 4
0 3 0 5 0 4 0 6 0
1 0 4 0 0 8 0 5 0

2 34
0 3 5 1 0 8 2 7 0
0 2 0 6 0 5 0 9 0
8 7 0 0 0 0 0 5 1
0 0 0 5 0 3 0 0 0
0 6 7 0 2 0 3 4 0
0 0 0 7 0 4 0 0 0
7 5 0 0 0 0 0 3 6
0 8 0 4 0 7 0 1 0
0 1 2 9 0 6 4 8 0

2 35
0 6 2 0 0 0 7 5 4
0 3 0 2 0 0 0 1 0
7 1 0 0 5 0 9 0 0
0 0 6 9 0 3 0 0 1
9 5 0 0 0 0 0 4 7
1 0 0 4 0 5 3 0 0
0 0 1 0 8 0 0 7 3
0 4 0 0 0 6 0 8 0
2 7 8 0 0 0 1 6 0

2 36
0 1 6 2 0 4 3 9 0
0 0 4 9 0 7 8 0 0
0 0 0 0 0 0 0 0 0
4 5 0 7 0 2 0 8 6
1 6 0 0 5 0 0 2 3
7 8 0 1 0 6 0 5 4
0 0 0 0 0 0 0 0 0
0 0 1 8 0 5 4 0 0
0 7 8 6 0 9 5 1 0

2 37
5 0 0 0 0 0 9 0 3
0 3 1 2 5 0 0 6 0
0 2 9 0 0 4 8 0 1
0 5 0 8 0 0 2 0 0
0 9 0 0 2 0 0 1 0
0 0 8 0 0 6 0 3 0
9 0 4 3 0 0 1 7 0
0 8 0 0 7 1 4 9 0
7 0 2 0 0 0 0 0 6

2 38
0 0 2 0 4 0 9 0 0
3 6 0 1 0 2 0 4 7
0 0 0 9 0 5 0 0 0
1 5 0 0 3 0 0 9 2
0 0 7 0 2 0 3 0 0
8 2 0 0 7 0 0 6 1
0 0 0 4 0 8 0 0 0
6 7 0 2 0 3 0 5 4
0 0 4 0 5 0 8 0 0

2 39
0 0 6 0 0 9 0 5 0
5 3 0 0 8 0 9 0 1
0 2 0 5 0 0 7 0 3
0 7 9 0 0 0 1 2 0
1 0 0 0 2 0 0 0 9
0 4 2 0 0 0 8 3 0
0 1 0 9 0 0 3 0 6
3 6 0 0 4 0 2 0 7
0 0 7 0 0 6 0 1 0

2 40
0 0 0 9 0 8 0 0 0
0 3 1 0 7 0 8 4 0
0 7 9 0 3 0 5 2 0
1 0 6 2 0 4 3 0 5
0 0 0 0 0 0 0 0 0
9 0 3 8 0 7 2 0 4
0 1 7 0 4 0 9 8 0
0 4 2 0 8 0 1 6 0
0 0 0 7 0 6 0 0 0

2 41
2 0 9 0 8 0 0 1 6
0 3 0 5 0 0 7 0 9
0 8 0 0 0 3 0 0 5
1 2 0 0 5 0 6 4 7
0 0 0 4 0 7 0 0 0
5 7 4 0 6 0 0 3 1
9 0 0 1 0 0 0 7 0
3 0 5 0 0 8 0 9 0
8 1 0 0 4 0 2 0 3

2 42
2 1 0 4 0 9 0 7 8
0 3 0 0 0 0 0 5 0
0 0 8 3 0 6 2 0 0
7 0 3 2 0 5 8 0 9
0 0 0 0 3 0 0 0 0
9 0 4 1 0 7 5 0 3
0 0 2 8 0 1 7 0 0
0 9 0 0 0 0 0 8 0
8 5 0 6 0 3 0 4 1

2 43
0 2 4 1 0 0 3 5 6
0 1 0 0 9 0 4 0 7
0 3 0 0 0 5 0 9 0
0 8 0 0 7 0 9 0 0
1 0 0 8 0 3 0 0 5
0 0 2 0 1 0 0 3 0
0 6 0 7 0 0 0 8 0
3 0 8 0 4 0 0 6 0
2 9 7 0 0 8 1 4 0

2 44
8 7 0 0 0 0 0 1 9
0 6 3 0 0 0 5 8 0
0 0 1 8 0 6 3 0 0
4 0 0 6 0 8 0 0 5
0 1 0 0 2 0 0 3 0
5 0 0 1 0 3 0 0 6
0 0 7 2 0 4 9 0 0
0 9 2 0 0 0 8 5 0
6 4 0 0 0 0 0 7 1

2 45
1 3 0 4 7 0 0 0 0
0 2 0 9 0 0 7 4 0
9 0 7 0 2 0 3 0 0
2 0 5 0 1 0 6 0 8
0 7 0 0 0 2 0 0 0
4 0 1 0 3 0 5 0 2
3 0 9 0 4 0 1 0 0
0 6 0 3 0 0 8 2 0
8 1 0 5 6 0 0 0 0

2 46
3 0 5 0 0 0 9 0 1
0 1 0 8 0 3 0 5 0
0 0 0 5 0 9 0 0 0
8 0 1 0 5 0 3 0 4
0 7 0 1 2 4 0 6 0
2 0 4 0 6 0 1 0 7
0 0 0 4 0 2 0 0 0
0 9 0 6 0 5 0 4 0
6 0 2 0 0 0 5 0 8

2 47
3 7 0 0 2 1 6 0 8
4 0 0 7 0 0 0 9 0
2 0 8 0 9 0 1 0 0
0 3 0 8 0 5 0 0 4
7 0 5 0 0 0 3 0 2
1 0 0 2 0 7 0 6 0
0 0 7 0 1 0 4 0 6
0 4 0 0 0 8 0 0 1
6 0 1 9 5 0 0 7 3

2 48
0 3 5 0 0 0 9 1 0
0 0 7 0 0 0 5 0 0
1 0 0 4 5 9 0 0 6
2 0 9 8 0 4 3 0 1
6 8 0 0 0 0 0 4 7
3 0 4 2 0 6 8 0 9
8 0 0 7 4 5 0 0 3
0 0 3 0 0 0 1 0 0
0 9 6 0 0 0 4 8 0

2 49
9 0 0 0 3 7 1 0 0
3 0 0 1 0 0 0 2 0
1 7 2 0 6 4 0 0 8
0 0 0 6 0 9 0 3 0
0 0 4 0 2 0 6 0 0
0 9 0 5 0 1 0 0 0
2 0 0 3 1 0 8 7 4
0 5 0 0 0 2 0 0 3
0 0 8 4 9 0 0 0 5

2 50
0 6 0 0 1 0 0 5 0
7 3 0 2 0 6 0 8 9
0 0 1 0 8 0 6 0 0
0 9 0 1 0 5 0 4 0
1 0 0 0 2 0 0 0 3
0 4 0 7 0 9 0 1 0
0 0 5 0 9 0 3 0 0
2 1 0 5 0 3 0 6 8
0 7 0 0 4 0 0 9 0

3 1
0 0 8 9 0 2 1 0 0
0 0 1 5 0 7 6 0 0
0 0 0 0 8 0 0 0 0
7 8 0 0 0 0 0 1 3
1 3 5 0 4 0 2 6 9
2 4 0 0 0 0 0 8 7
0 0 0 0 1 0 0 0 0
0 0 2 8 0 6 3 0 0
0 0 3 2 0 4 8 0 0

3 2
0 0 0 0 0 2 0 5 8
0 0 0 1 0 0 2 9 6
0 0 5 0 7 0 3 0 0
0 0 0 2 0 4 0 3 5
0 0 3 0 0 0 1 0 0
1 5 0 9 0 3 0 0 0
0 0 2 0 9 0 8 0 0
7 3 1 0 0 5 0 0 0
9 4 0 3 0 0 0 0 0

3 3
0 0 3 0 2 0 8 0 0
2 0 0 8 0 7 5 0 0
0 8 0 0 3 0 7 0 0
0 6 8 2 0 0 3 5 4
0 4 0 3 0 8 0 6 0
3 5 7 0 0 6 2 1 0
0 0 5 0 9 0 0 8 0
0 0 1 5 0 2 0 0 9
0 0 9 0 8 0 1 0 0

3 4
0 0 0 0 0 0 0 0 0
2 7 0 0 0 0 0 3 8
1 5 0 2 0 3 0 6 4
0 0 0 4 0 8 0 0 0
8 1 0 0 0 0 0 7 5
6 3 0 1 0 7 0 8 2
0 0 0 7 0 9 0 0 0
0 4 7 0 0 0 8 5 0
0 8 2 0 0 0 6 1 0

3 5
6 4 0 0 8 0 9 0 3
0 0 7 0 3 0 6 0 0
0 3 0 6 0 2 0 4 0
0 0 0 8 5 0 1 0 4
0 8 0 0 0 0 0 7 0
3 0 6 0 2 7 0 0 0
0 6 0 2 0 8 0 9 0
0 0 5 0 6 0 2 0 0
2 0 8 0 4 0 0 3 6

3 6
0 1 0 0 0 4 0 0 6
2 0 6 0 0 0 0 7 0
3 0 8 0 0 0 0 9 0
5 0 1 7 8 3 9 0 2
0 7 0 0 0 0 0 5 0
4 0 3 5 1 9 7 0 8
0 3 0 0 0 0 6 0 5
0 5 0 0 0 0 2 0 7
6 0 0 2 0 0 0 3 0

3 7
4 0 0 0 0 0 0 0 3
0 5 0 0 0 0 0 7 0
0 0 8 9 6 2 5 0 0
0 0 7 0 1 0 9 0 0
3 0 4 0 0 0 7 0 2
1 0 5 0 7 0 3 0 4
2 0 3 4 8 1 6 0 5
5 0 0 0 0 0 0 0 8
9 8 0 0 0 0 0 2 7

3 8
0 0 6 3 0 4 8 0 0
0 8 2 0 6 0 7 4 0
3 0 4 5 0 8 2 0 6
0 7 1 0 0 0 6 3 0
0 0 0 6 0 9 0 0 0
0 0 5 0 4 0 9 0 0
0 6 0 0 0 0 0 9 0
0 0 8 0 0 0 4 0 0
0 0 0 8 0 7 0 0 0

3 9
2 3 0 5 6 0 0 1 7
7 5 0 0 0 4 0 6 8
0 0 4 2 0 7 0 0 0
0 0 6 1 0 0 0 0 0
0 0 0 0 0 0 0 0 0
0 0 0 0 0 3 5 0 0
0 0 0 3 0 2 8 0 0
1 4 0 7 0 0 0 2 3
8 2 0 0 4 1 0 5 9

3 10
2 0 0 1 0 0 0 0 0
0 0 1 0 0 8 0 5 9
0 7 0 4 2 0 0 1 0
0 0 9 0 0 1 3 0 0
0 1 0 2 0 6 0 7 0
0 0 2 3 0 0 5 0 0
0 6 0 0 4 2 0 8 0
9 5 0 6 0 0 4 0 0
0 0 0 0 0 3 0 0 6

3 11
1 9 0 0 0 5 4 0 0
0 7 0 2 8 0 1 0 0
0 0 2 0 0 4 0 6 0
0 0 7 0 6 0 0 0 2
0 1 0 3 0 2 0 8 0
2 0 0 0 4 0 5 0 0
0 2 0 1 0 0 3 0 0
0 0 5 0 9 3 0 1 0
0 0 1 8 0 0 0 9 5

3 12
0 0 6 1 9 0 0 8 0
0 0 1 0 0 0 0 4 2
7 5 4 0 0 6 1 0 0
0 0 0 0 8 0 9 0 0
8 9 3 0 0 0 7 2 1
0 0 7 0 1 0 0 0 0
0 0 2 5 0 0 3 9 4
5 3 0 0 0 0 8 0 0
0 7 0 0 3 9 2 0 0

3 13
3 0 9 4 0 2 5 0 6
0 0 0 0 5 0 0 0 0
0 0 4 1 0 7 2 0 0
0 0 0 0 1 0 0 0 0
0 0 5 2 3 4 7 0 0
0 0 3 5 0 8 4 0 0
0 0 0 3 0 6 0 0 0
0 0 0 8 0 1 0 0 0
0 2 1 7 0 5 8 3 0

3 14
7 5 0 0 8 0 0 3 2
1 0 0 6 0 5 0 0 8
3 0 6 0 0 0 1 0 4
0 3 1 0 4 0 5 9 0
0 4 0 0 1 0 0 6 0
0 0 7 3 0 6 4 0 0
0 0 0 9 0 8 0 0 0
0 0 3 0 0 0 7 0 0
9 1 0 0 0 0 0 2 6

3 15
0 0 2 3 0 7 1 0 0
0 0 7 2 0 6 4 0 0
3 8 0 0 0 0 0 0 0
5 9 0 0 0 1 3 0 0
0 0 1 4 0 8 5 0 0
0 0 4 5 0 0 0 7 1
0 0 0 0 0 0 0 1 3
0 0 3 9 0 5 2 0 0
0 0 9 7 0 4 6 0 0

3 16
0 8 0 3 0 2 0 1 0
0 0 1 0 0 0 8 0 0
4 0 2 0 1 0 6 0 3
1 0 0 5 0 9 0 0 4
0 0 3 0 8 0 1 0 0
8 0 5 4 0 1 2 0 6
0 1 0 7 0 8 0 3 0
0 0 4 0 0 0 7 0 0
7 5 0 6 0 3 0 4 1

3 17
0 0 1 0 0 0 8 0 0
4 0 0 1 9 2 0 0 0
0 0 0 6 4 8 0 0 0
7 5 0 0 0 0 0 1 6
1 8 0 0 6 0 0 2 4
9 2 0 0 0 0 0 8 7
0 0 0 2 1 4 0 0 0
6 0 0 3 7 9 0 0 0
0 0 9 0 0 0 2 0 0

3 18
7 0 2 5 0 3 4 0 8
0 8 0 0 0 0 0 3 0
0 9 0 0 1 0 0 5 0
1 0 6 0 3 0 9 0 7
0 0 0 7 0 9 0 0 0
9 0 4 0 8 0 5 0 3
0 2 0 0 6 0 0 7 0
0 6 0 0 0 0 0 1 0
8 0 1 2 0 5 3 0 6

3 19
0 0 0 4 1 0 9 0 3
0 8 3 0 0 0 0 0 0
1 0 4 9 0 3 0 5 0
0 1 0 0 0 0 0 7 0
0 0 9 1 0 4 8 0 0
0 5 0 0 0 0 0 1 0
0 9 0 3 0 5 7 0 6
0 0 0 0 0 0 4 2 0
8 0 5 0 2 6 0 0 0

3 20
0 0 0 0 4 6 0 0 0
0 1 0 7 0 0 0 3 9
0 0 7 0 9 0 0 6 0
1 0 0 9 0 3 8 0 5
0 3 5 0 0 0 0 9 0
9 0 0 1 0 8 7 0 3
0 0 9 0 3 0 0 1 0
0 6 0 4 0 0 0 5 8
0 0 0 0 1 9 0 0 0

3 21
1 8 0 0 0 0 0 9 2
0 0 0 0 0 0 0 0 0
2 4 0 7 0 3 0 1 6
0 0 8 3 0 1 5 0 0
3 2 0 0 0 0 0 8 1
0 0 0 0 0 0 0 0 0
4 6 0 1 0 8 0 2 3
0 0 0 6 0 9 0 0 0
8 1 0 0 0 0 0 5 9

3 22
4 1 0 0 3 0 0 7 8
5 7 0 8 9 4 0 1 3
0 0 0 0 0 0 0 0 0
7 6 0 4 0 9 0 3 1
0 4 0 0 7 0 0 5 0
2 0 0 3 0 5 0 0 7
0 0 0 0 0 0 0 0 0
6 5 0 9 0 1 0 4 2
8 3 0 0 5 0 0 6 9

3 23
8 1 5 0 4 0 0 0 0
0 7 2 0 8 0 3 6 0
0 0 0 0 0 0 1 4 8
0 2 0 0 0 0 0 0 9
5 0 6 4 0 9 0 1 0
0 8 0 0 0 0 0 0 3
0 0 0 0 0 0 7 2 1
0 4 1 0 9 0 5 3 0
6 5 7 0 2 0 0 0 0

3 24
3 0 0 0 4 0 0 8 6
0 2 0 8 0 3 0 0 0
6 0 5 1 0 7 0 4 0
0 0 0 0 0 0 3 0 1
1 4 8 0 5 0 7 9 2
7 0 3 0 0 0 0 0 0
0 6 0 4 0 5 1 0 9
0 0 0 9 0 8 0 2 0
4 7 0 0 2 0 0 0 5

3 25
0 0 2 0 5 0 1 6 0
0 4 0 7 0 6 0 5 0
0 0 5 0 0 0 4 0 0
0 2 0 0 0 9 0 0 8
0 1 8 0 4 0 3 2 0
6 0 0 1 0 0 0 7 0
0 0 4 0 0 0 6 0 0
0 3 0 9 0 5 0 4 0
0 7 1 0 3 0 2 0 0

3 26
0 0 0 5 0 7 0 4 0
0 1 0 3 0 0 7 0 8
0 0 2 0 0 8 0 0 0
0 9 0 0 8 0 3 0 4
8 0 5 0 0 1 0 6 0
0 3 0 0 6 0 1 0 5
0 0 3 0 0 4 0 0 0
0 7 0 8 0 0 9 0 1
0 0 0 1 0 3 0 2 0

3 27
0 3 0 0 0 0 0 2 0
2 0 4 0 0 0 1 0 7
0 8 0 2 7 6 0 5 0
5 0 0 8 0 4 0 0 2
0 1 0 0 0 0 0 3 0
7 0 0 6 0 3 0 0 8
0 7 0 4 3 2 0 9 0
1 0 6 0 0 0 2 0 3
0 2 0 0 0 0 0 7 0

3 28
0 1 0 0 2 0 0 3 0
4 0 3 6 0 5 7 0 2
0 2 0 3 0 0 0 8 0
1 0 8 0 3 6 2 0 5
0 0 0 0 5 0 0 0 0
9 0 6 7 1 0 8 0 3
0 3 0 0 0 7 0 9 0
2 0 4 1 0 8 3 0 7
0 8 0 0 4 0 0 2 0

3 29
0 0 0 0 1 0 0 0 0
0 0 5 0 0 0 3 0 0
9 1 3 0 4 0 6 7 2
4 7 8 0 0 0 5 2 9
0 0 2 0 5 0 8 0 0
0 0 0 0 0 0 0 0 0
0 0 6 1 0 8 4 0 0
1 0 0 3 0 7 0 0 5
7 2 9 0 0 0 1 8 3

3 30
0 1 2 6 4 3 0 0 7
3 0 0 0 0 9 0 2 0
7 0 0 1 0 0 4 0 0
5 0 0 0 8 0 3 0 0
0 3 0 9 0 5 0 7 0
0 0 4 0 1 0 0 0 6
0 0 1 0 0 4 0 0 8
0 8 0 5 0 0 0 0 2
4 0 0 2 3 8 1 6 0

3 31
2 0 0 0 1 8 3 0 5
0 3 0 9 0 0 0 8 0
1 0 5 0 0 0 4 0 0
5 9 0 7 0 1 0 0 0
6 0 4 0 3 0 7 0 8
0 0 0 8 0 6 0 4 1
0 0 2 0 0 0 6 0 7
0 7 0 0 0 9 0 5 0
8 0 6 1 5 0 0 0 2

3 32
2 0 0 0 9 3 7 5 0
6 0 0 7 0 0 0 0 8
3 7 1 0 0 0 0 4 0
0 0 2 8 6 0 5 0 0
0 6 0 0 0 0 0 1 0
0 0 3 0 1 7 6 0 0
0 3 0 0 0 0 4 2 5
8 0 0 0 0 4 0 0 7
0 5 4 2 3 0 0 0 9

3 33
0 3 1 0 6 0 9 5 7
7 0 0 0 0 0 0 0 8
6 0 0 3 9 7 2 0 4
0 0 4 0 0 0 7 0 0
0 0 7 0 1 0 8 0 0
0 0 6 0 0 0 3 0 0
9 0 2 8 4 1 0 0 3
1 0 0 0 0 0 0 0 9
8 4 5 0 7 0 1 6 0

3 34
0 6 0 8 0 2 1 0 0
1 0 0 0 5 0 0 6 2
0 3 0 0 1 0 8 0 9
0 0 4 0 0 5 9 0 3
0 5 0 0 3 0 0 7 0
3 0 1 7 0 0 6 0 0
4 0 6 0 9 0 0 8 0
7 2 0 0 4 0 0 0 1
0 0 9 1 0 7 0 4 0

3 35
0 0 5 7 0 0 0 6 2
0 4 0 0 1 5 8 0 0
7 0 0 0 9 0 0 3 0
1 0 0 4 0 8 0 0 6
2 0 3 0 0 0 4 0 7
8 0 0 6 0 2 0 0 1
0 2 0 0 8 0 0 0 3
0 0 8 3 2 0 0 1 0
5 3 0 0 0 4 9 0 0

3 36
5 9 7 0 3 8 2 0 0
0 1 0 0 0 4 0 0 9
0 0 0 7 0 0 0 8 6
0 0 9 1 0 0 0 0 3
0 0 0 8 5 9 0 0 0
1 0 0 0 0 3 7 0 0
7 4 0 0 0 2 0 0 0
8 0 0 4 0 0 0 3 0
0 0 1 3 8 0 6 2 4

3 37
0 3 4 0 2 5 0 0 0
2 0 1 9 0 0 8 0 0
0 6 0 0 1 0 0 7 0
7 0 0 0 0 6 0 0 2
4 0 6 0 3 0 7 0 1
9 0 0 1 0 0 0 0 5
0 2 0 0 9 0 0 4 0
0 0 8 0 0 7 6 0 9
0 0 0 8 4 0 1 3 0

3 38
0 0 0 0 0 0 0 9 0
0 2 4 1 0 3 7 6 0
0 0 0 0 5 0 0 0 0
4 0 5 6 1 7 9 0 2
2 7 6 0 0 0 5 1 4
3 0 1 2 4 5 6 0 8
0 0 0 0 9 0 0 0 0
0 1 3 5 0 2 4 8 0
0 4 0 0 0 0 0 0 0

3 39
9 0 7 0 0 2 0 0 5
0 1 0 0 5 0 0 3 0
2 0 4 1 0 0 6 0 0
0 0 8 3 0 5 0 0 7
0 2 0 0 6 0 0 1 0
3 0 0 4 0 9 5 0 0
0 0 2 0 0 1 7 0 4
0 6 0 0 4 0 0 9 0
1 0 0 2 0 0 8 0 3

3 40
0 5 0 0 6 1 2 4 8
1 0 0 8 0 0 0 0 3
0 0 3 0 0 4 6 0 9
0 0 0 7 9 0 0 6 0
0 0 8 0 0 0 1 0 0
0 9 0 0 5 3 0 0 0
6 0 9 2 0 0 4 0 0
3 0 0 0 0 7 0 0 6
2 8 5 4 1 0 0 3 0

3 41
6 0 0 0 0 2 0 0 9
0 0 8 3 5 0 4 7 0
0 2 0 0 1 0 0 0 8
8 0 6 0 7 0 0 4 0
0 5 0 4 0 3 0 6 0
0 7 0 0 2 0 9 0 1
3 0 0 0 8 0 0 2 0
0 4 5 0 3 9 1 0 0
7 0 0 2 0 0 0 0 4

3 42
7 0 0 0 9 0 4 0 6
0 0 2 0 0 0 7 0 0
0 4 0 1 7 2 0 3 0
8 0 0 0 3 0 0 0 5
0 5 0 4 0 8 0 7 0
2 0 0 0 1 0 0 0 9
0 6 0 3 2 5 0 1 0
0 0 3 0 0 0 8 0 0
1 0 7 0 8 0 0 0 4

3 43
0 0 9 6 4 0 8 1 0
0 2 1 0 0 0 4 0 0
0 0 4 7 0 0 0 0 9
0 0 0 2 0 7 0 3 0
6 0 2 0 5 0 1 0 7
0 5 0 4 0 1 0 0 0
9 0 0 0 0 8 7 0 0
0 0 3 0 0 0 6 5 0
0 7 5 0 3 6 2 0 0

3 44
0 0 0 8 0 1 4 0 0
5 1 0 9 0 0 8 7 0
6 0 0 0 4 0 0 0 2
8 0 0 0 0 7 0 3 0
0 5 2 0 1 0 6 8 0
0 3 0 2 0 0 0 0 1
2 0 0 0 3 0 0 0 9
0 6 3 0 0 9 0 2 4
0 0 7 1 0 5 0 0 0

3 45
0 2 0 0 1 0 8 4 0
0 0 0 7 3 0 0 1 0
8 1 0 0 0 4 0 0 9
0 6 0 0 0 5 0 0 0
0 4 2 9 0 7 3 6 0
0 0 0 3 0 0 0 2 0
2 0 0 4 0 0 0 8 5
0 8 0 0 9 1 0 0 0
0 3 1 0 5 0 0 7 0

3 46
0 0 8 0 0 0 0 0 7
0 1 4 6 0 3 5 2 0
0 6 0 0 4 0 1 0 0
1 2 0 0 8 9 4 3 6
0 0 9 0 0 0 0 8 0
8 4 0 0 1 6 7 5 9
0 3 0 0 5 0 9 0 0
0 8 1 9 0 2 3 7 0
0 0 6 0 0 0 0 0 2

3 47
0 1 0 0 5 0 0 6 0
9 3 0 7 0 8 0 4 1
0 0 2 0 0 0 7 0 0
0 5 0 0 9 0 0 8 0
3 0 0 6 2 4 0 0 9
0 6 0 0 1 0 0 3 0
0 0 6 0 0 0 5 0 0
8 2 0 5 0 9 0 1 6
0 4 0 0 7 0 0 2 0

3 48
0 0 4 0 1 0 0 0 0
1 3 0 0 9 0 0 7 2
0 0 0 0 4 0 0 8 0
2 6 1 7 0 4 5 0 0
0 0 8 0 0 0 7 0 0
0 0 9 6 0 5 2 3 1
0 4 0 0 6 0 0 0 0
9 8 0 0 7 0 0 2 5
0 0 0 0 5 0 6 0 0

3 49
0 1 0 0 0 0 9 7 0
9 0 0 0 6 0 0 2 5
0 6 0 4 9 2 0 0 0
0 4 0 0 0 3 0 5 0
3 0 6 0 4 0 1 0 8
0 5 0 6 0 0 0 3 0
0 0 0 7 2 6 0 1 0
7 8 0 0 5 0 0 0 9
0 2 3 0 0 0 0 4 0

3 50
1 4 0 0 0 6 3 0 0
0 3 0 1 0 0 0 8 0
0 0 7 2 0 3 0 5 1
9 5 0 0 0 1 0 0 0
0 0 2 0 3 0 8 0 0
0 0 0 8 0 0 0 1 7
6 2 0 4 0 5 7 0 0
0 8 0 0 0 2 0 6 0
0 0 3 6 0 0 0 4 9

4 1
0 0 0 6 0 0 0 0 9
6 3 9 0 2 0 4 5 0
2 0 0 9 0 8 0 0 0
1 0 0 7 0 4 0 0 2
0 7 0 0 0 0 0 1 0
8 0 0 3 0 6 0 0 5
0 0 0 5 0 1 0 0 3
0 1 3 0 8 0 7 4 6
7 0 0 0 0 3 0 0 0

4 2
0 7 0 0 0 0 0 4 0
8 0 0 5 0 9 0 0 1
0 3 1 0 0 0 9 5 0
0 0 2 9 0 7 6 0 0
0 1 0 0 8 0 0 7 0
0 4 0 2 0 6 0 3 0
0 0 8 0 0 0 7 0 0
6 0 3 0 9 0 1 0 2
1 0 0 8 0 2 0 0 5

4 3
0 0 0 0 0 0 0 0 0
0 0 1 0 4 0 3 0 0
0 0 5 3 0 8 1 0 0
0 0 8 1 0 9 5 0 0
2 7 0 0 0 0 0 1 4
0 1 3 0 0 0 2 6 0
8 6 0 0 0 0 0 2 5
1 0 2 8 0 4 9 0 7
0 0 4 2 0 5 6 0 0

4 4
5 0 2 0 0 6 3 0 0
0 0 0 1 0 0 0 5 0
0 6 7 2 8 0 0 4 1
0 0 0 0 0 0 4 0 0
2 0 6 3 0 9 1 0 8
0 0 3 0 0 0 0 0 0
1 4 0 0 6 7 8 2 0
0 2 0 0 0 1 0 0 0
0 0 8 9 0 0 5 0 6

4 5
9 0 0 0 1 4 0 2 0
0 1 0 9 0 0 3 0 6
0 0 8 0 0 6 0 0 0
0 6 4 0 0 0 0 3 0
1 2 0 7 6 3 0 5 4
0 5 0 0 0 0 6 9 0
0 0 0 8 0 0 1 0 0
5 0 2 0 0 1 0 7 0
0 3 0 4 7 0 0 0 2

4 6
6 0 0 2 0 8 4 0 3
0 4 0 1 0 0 7 0 0
0 0 3 0 9 0 0 1 0
0 0 0 5 0 0 0 0 9
4 9 8 0 0 0 1 2 5
5 0 0 0 0 9 0 0 0
0 8 0 0 2 0 3 0 0
0 0 7 0 0 1 0 8 0
2 0 1 4 0 3 0 0 6

4 7
0 7 0 0 0 9 0 0 4
6 0 1 8 7 0 5 0 0
0 0 0 6 0 0 0 7 3
0 5 0 4 0 2 0 0 0
1 3 0 0 0 0 0 9 2
0 0 0 7 0 1 0 5 0
8 9 0 0 0 7 0 0 0
0 0 5 0 8 4 6 0 1
3 0 0 2 0 0 0 8 0

4 8
0 3 0 0 0 0 0 9 0
1 8 0 0 4 0 0 6 2
0 0 0 5 0 6 0 0 0
4 0 1 0 0 0 9 0 7
0 9 0 0 1 0 0 3 0
7 0 3 0 0 0 5 0 8
0 0 0 2 0 5 0 0 0
2 0 0 0 6 0 0 0 3
8 4 0 0 0 0 0 5 1

4 9
1 0 2 9 0 3 4 0 5
3 0 6 0 1 0 2 0 9
9 4 0 0 2 0 0 1 3
0 1 0 0 3 0 0 8 0
0 0 7 1 0 8 3 0 0
0 3 0 0 4 0 0 5 0
0 0 0 0 9 0 0 0 0
0 5 0 4 0 1 0 2 0
2 0 0 8 0 6 0 0 7

4 10
6 4 0 2 0 0 0 0 5
0 0 2 0 7 6 9 0 0
5 0 1 0 0 0 0 2 0
0 8 0 0 5 0 0 9 0
1 0 0 9 0 3 0 0 6
0 5 0 0 1 0 0 8 0
0 7 0 0 0 0 1 0 8
0 0 8 1 4 0 2 0 0
4 0 0 0 0 7 0 6 3

4 11
0 4 0 0 0 2 0 0 9
2 1 0 9 0 6 3 0 7
0 0 0 0 5 0 0 8 0
8 0 0 5 0 4 0 0 0
0 5 3 0 7 0 1 2 0
0 0 0 2 0 1 0 0 5
0 9 0 0 6 0 0 0 0
5 0 2 4 0 3 0 7 6
1 0 0 7 0 0 0 3 0

4 12
0 8 0 9 0 6 0 0 0
7 0 1 0 2 0 0 6 0
0 2 0 8 0 0 9 0 3
0 0 3 0 0 8 0 0 5
0 5 0 4 0 1 0 3 0
6 0 0 2 0 0 4 0 0
1 0 2 0 0 4 0 7 0
0 7 0 0 3 0 6 0 8
0 0 0 5 0 9 0 2 0

4 13
0 7 0 1 0 0 0 6 0
0 0 8 6 0 0 7 0 1
1 9 0 0 4 5 0 0 8
5 0 0 3 0 6 0 0 0
0 3 0 0 0 0 0 1 0
0 0 0 9 0 2 0 0 4
9 0 0 2 5 0 0 8 7
6 0 5 0 0 7 4 0 0
0 2 0 0 0 3 0 9 0

4 14
0 0 1 7 0 4 3 0 0
0 7 5 0 0 0 8 1 0
0 0 0 0 2 0 0 0 0
4 3 8 0 0 0 7 9 2
0 2 0 0 0 0 0 5 0
0 0 0 0 4 0 0 0 0
0 0 0 6 8 2 0 0 0
9 4 0 1 0 5 0 3 8
0 1 0 0 9 0 0 6 0

4 15
1 0 0 0 7 0 0 0 8
5 3 0 2 0 8 0 4 6
8 0 6 0 0 0 1 0 2
0 0 9 0 5 0 3 0 0
3 6 1 0 0 0 7 2 5
0 5 8 3 0 7 6 1 0
0 0 0 0 0 0 0 0 0
0 7 0 8 0 1 0 9 0
0 0 3 0 0 0 2 0 0

4 16
0 8 0 0 0 0 6 4 9
6 9 0 1 0 0 0 0 2
0 0 0 6 9 2 0 0 0
0 4 0 0 0 0 2 0 3
8 0 5 0 4 0 1 0 6
3 0 6 0 0 0 0 9 0
0 0 0 2 7 1 0 0 0
1 0 0 0 0 8 0 3 7
5 7 9 0 0 0 0 2 0

4 17
0 1 0 0 0 9 3 7 0
7 0 0 0 1 0 0 0 6
9 0 0 7 6 0 0 8 0
5 0 8 2 0 0 4 0 0
0 0 0 6 3 7 0 0 0
0 0 1 0 0 4 2 0 7
0 8 0 0 4 2 0 0 9
4 0 0 0 8 0 0 0 1
0 9 2 1 0 0 0 5 0

4 18
3 0 0 1 2 5 0 0 4
4 0 0 6 0 0 9 0 0
7 5 1 8 0 0 0 6 0
0 0 2 0 0 0 3 0 0
0 7 0 0 1 0 0 4 0
0 0 3 0 0 0 5 0 0
0 3 0 0 0 1 4 2 6
0 0 9 0 0 6 0 0 5
8 0 0 5 3 2 0 0 7

4 19
1 0 7 0 9 0 0 3 0
0 5 0 8 0 3 0 0 7
8 0 0 0 0 0 6 1 5
0 0 5 0 3 0 1 0 2
6 1 0 5 0 9 0 7 3
2 0 3 0 7 0 5 0 0
3 4 2 0 0 0 0 0 6
5 0 0 7 0 2 0 4 0
0 6 0 0 8 0 2 0 9

4 20
3 0 2 0 0 0 1 0 9
0 7 6 0 0 0 8 3 0
0 0 0 5 0 2 0 0 0
0 0 0 0 7 0 0 0 0
0 1 3 0 0 0 9 4 0
0 0 5 4 0 3 6 0 0
4 0 0 0 2 0 0 0 6
0 9 7 0 0 0 5 8 0
0 0 1 3 0 7 2 0 0

4 21
3 1 2 0 8 5 6 0 0
0 0 6 0 0 0 9 0 0
0 0 0 1 0 0 0 3 0
7 0 0 0 1 0 0 0 4
1 4 0 2 3 7 0 8 6
5 0 0 0 6 0 0 0 9
0 0 0 4 0 0 0 9 0
0 0 1 0 0 0 7 0 0
2 9 5 0 7 1 4 0 0

4 22
1 0 7 0 0 0 4 0 8
3 2 0 4 0 9 0 1 7
0 4 0 0 7 0 0 5 0
6 0 0 0 2 0 0 0 3
0 8 0 3 0 4 0 7 0
0 0 2 0 0 0 8 0 0
2 0 0 7 0 6 0 0 4
9 5 0 0 4 0 0 6 1
0 6 0 9 0 1 0 8 0

4 23
0 0 0 4 3 2 0 0 0
0 1 0 0 8 0 0 5 0
0 2 0 1 0 9 0 7 0
0 0 1 2 0 4 6 0 0
0 0 5 3 0 8 7 0 0
0 3 0 0 0 0 0 8 0
7 0 0 8 0 1 0 0 2
1 0 0 5 7 3 0 0 9
5 0 4 0 0 0 3 0 7

4 24
3 0 0 6 1 0 0 9 8
0 0 7 0 0 8 0 0 0
1 9 0 0 0 0 3 7 6
0 2 0 0 7 0 4 0 0
0 0 6 0 0 2 0 1 0
0 5 0 0 4 0 8 0 0
8 1 0 0 0 0 7 5 9
0 0 5 0 0 4 0 0 0
2 0 0 5 8 0 0 4 3

4 25
9 0 4 0 3 0 7 0 5
0 0 0 6 0 9 0 0 0
3 0 6 0 1 0 4 0 2
0 3 0 0 0 0 0 8 0
4 0 7 3 0 2 1 0 6
0 5 0 0 0 0 0 3 0
2 0 1 0 6 0 3 0 9
0 0 0 7 0 1 0 0 0
8 0 9 0 2 0 5 0 1

4 26
0 0 0 0 0 0 0 0 0
3 0 8 4 0 2 6 0 1
0 0 1 0 9 0 5 0 0
0 4 0 1 0 3 0 5 0
2 8 0 5 0 7 0 1 3
1 5 3 0 0 0 7 2 4
0 0 0 2 0 1 0 0 0
0 3 0 8 0 4 0 9 0
0 0 2 0 0 0 3 0 0

4 27
0 0 3 1 0 0 0 0 4
0 1 0 0 9 0 0 6 0
0 5 0 0 3 2 1 0 0
7 0 8 9 0 0 2 0 0
6 2 0 0 0 0 4 8 5
1 0 5 2 0 0 3 0 0
0 9 0 0 8 4 7 0 0
0 8 0 0 1 0 0 4 0
0 0 1 7 0 0 0 0 9

4 28
0 3 0 1 0 2 0 5 0
1 0 0 0 8 0 0 0 2
0 0 2 0 6 0 7 0 0
3 0 0 5 0 4 0 0 9
0 5 9 0 2 0 1 3 0
7 0 0 9 0 1 0 0 8
0 0 4 0 1 0 8 0 0
5 0 0 0 4 0 0 0 6
0 1 0 7 0 9 0 2 0

4 29
0 0 1 2 0 5 8 0 0
3 0 0 8 0 4 0 0 1
2 9 0 0 1 0 0 5 6
0 0 5 0 0 0 7 0 0
0 0 0 6 2 7 0 0 0
0 0 9 0 0 0 3 0 0
7 4 0 0 3 0 0 8 9
5 0 0 9 0 8 0 0 4
0 0 3 4 0 6 1 0 0

4 30
0 2 0 0 1 0 0 8 0
0 0 3 0 5 0 7 0 0
0 0 0 3 0 9 0 0 0
0 7 4 0 6 0 1 3 0
3 9 0 1 2 4 0 6 7
0 5 1 0 9 0 4 2 0
0 0 0 2 0 5 0 0 0
0 0 7 0 3 0 8 0 0
0 1 0 0 4 0 0 9 0

4 31
2 0 0 3 5 9 0 0 8
0 0 7 0 0 0 1 0 0
3 5 0 0 1 0 0 6 9
0 0 0 6 0 1 0 0 0
8 0 2 0 0 0 9 0 3
0 0 0 2 0 3 0 0 0
7 4 0 0 3 0 0 5 1
0 0 8 0 0 0 4 0 0
1 0 0 9 6 4 0 0 7

4 32
0 7 0 0 0 0 0 5 0
9 0 3 1 0 5 4 0 6
0 1 0 0 8 0 0 2 0
0 8 0 0 2 0 0 9 0
0 0 7 6 0 9 3 0 0
0 3 0 0 5 0 0 4 0
0 4 0 0 1 0 0 7 0
1 0 8 5 0 7 2 0 4
0 6 0 0 0 0 0 3 0

4 33
0 3 5 0 0 0 6 1 0
8 0 0 0 5 0 0 0 9
0 1 2 7 0 6 5 4 0
0 0 7 6 0 0 8 0 0
0 0 0 0 0 0 0 7 0
0 0 4 8 0 0 1 0 0
0 6 1 9 0 2 3 5 0
5 0 0 0 6 0 0 0 1
0 9 3 0 0 0 4 8 0

4 34
0 7 0 0 0 0 5 4 0
2 4 0 0 1 0 6 0 0
5 0 1 6 0 7 0 3 2
0 0 9 0 0 1 3 0 0
0 0 0 4 3 2 0 0 0
0 0 2 8 0 0 1 0 0
7 1 0 2 0 9 4 0 8
0 0 5 0 8 0 0 1 3
0 2 4 0 0 0 0 6 0

4 35
0 4 7 0 0 0 0 0 0
3 0 0 0 0 2 0 1 0
2 1 0 0 0 5 9 7 6
4 0 0 0 9 8 6 0 0
0 6 0 0 0 0 0 4 0
0 0 3 4 6 0 0 0 7
1 5 4 8 0 0 0 6 9
0 2 0 9 0 0 0 0 1
0 0 0 0 0 0 4 8 0

4 36
7 0 1 0 0 0 8 5 0
0 3 0 1 7 0 0 4 0
0 4 0 2 0 8 1 0 0
9 0 4 0 0 0 7 0 8
0 2 0 0 0 0 0 1 0
1 0 3 0 0 0 6 0 4
0 0 5 4 0 9 0 3 0
0 1 0 0 2 3 0 6 0
0 6 2 0 0 0 4 0 9

4 37
0 0 0 2 6 7 0 0 0
7 0 1 0 3 0 6 0 9
0 6 0 1 0 9 0 8 0
1 0 9 0 0 0 7 0 6
0 2 0 0 0 0 0 4 0
3 0 4 0 0 0 2 0 8
0 8 0 7 0 1 0 6 0
5 0 2 0 9 0 8 0 3
0 0 0 3 5 8 0 0 0

4 38
3 4 0 0 1 0 0 2 8
2 0 0 5 0 8 0 0 1
0 0 1 0 0 0 7 0 0
0 1 0 0 2 0 0 4 0
5 0 0 0 0 0 0 0 9
0 2 0 0 5 0 0 3 0
0 0 6 0 0 0 3 0 0
8 0 0 9 0 1 0 0 2
1 7 0 0 4 0 0 9 6

4 39
6 0 0 9 0 8 0 7 0
0 0 7 0 2 0 0 1 0
8 0 2 0 0 0 0 0 4
0 3 0 2 0 1 0 4 0
1 0 0 8 9 5 0 0 2
0 2 0 6 0 3 0 5 0
2 0 0 0 0 0 4 0 5
0 5 0 0 3 0 1 0 0
0 8 0 1 0 6 0 0 7

4 40
1 9 0 0 3 7 2 0 0
0 3 5 1 0 0 0 6 0
0 0 2 0 0 8 3 0 0
0 1 0 8 0 0 5 7 0
4 0 0 0 5 0 0 0 6
0 5 6 0 0 1 0 3 0
0 0 7 4 0 0 6 0 0
0 8 0 0 0 2 9 4 0
0 0 9 3 1 0 0 2 7

4 41
0 4 0 0 0 3 0 0 0
8 1 0 0 9 5 0 3 7
0 2 5 0 7 0 0 1 0
0 0 0 9 0 1 6 8 0
6 0 0 0 0 0 0 0 4
0 5 2 4 0 8 0 0 0
0 3 0 0 1 0 9 4 0
7 9 0 8 3 0 0 2 1
0 0 0 5 0 0 0 7 0

4 42
1 0 2 7 0 0 8 6 0
0 3 0 0 1 0 2 0 0
6 0 9 5 0 0 7 0 0
0 1 0 0 0 0 0 2 0
8 0 3 0 0 0 5 0 7
0 4 0 0 0 0 0 8 0
0 0 1 0 0 3 6 0 2
0 0 5 0 9 0 0 1 0
0 6 8 0 0 1 4 0 9

4 43
7 0 0 8 1 6 0 0 2
0 5 8 0 0 0 1 3 0
9 0 1 0 0 0 6 0 4
0 6 0 0 0 0 0 5 0
0 0 2 3 0 9 8 0 0
0 8 0 0 0 0 0 7 0
2 0 7 0 0 0 4 0 8
0 4 6 0 0 0 3 1 0
8 0 0 6 9 4 0 0 5

4 44
9 0 6 0 1 0 4 0 7
0 1 0 3 0 9 0 6 0
4 0 5 0 0 0 1 0 9
0 5 0 0 0 6 0 9 0
1 0 0 0 7 0 0 0 4
0 7 0 9 0 0 0 1 0
6 0 3 0 0 0 2 0 1
0 2 0 8 0 1 0 4 0
8 0 1 0 3 0 6 0 5

4 45
0 0 5 0 4 0 7 0 0
0 7 0 0 0 0 0 3 0
0 6 0 1 0 3 0 9 0
6 0 3 8 0 1 5 0 9
2 0 0 0 3 0 0 0 6
7 0 8 4 0 9 1 0 3
0 8 0 2 0 4 0 6 0
0 9 0 0 0 0 0 5 0
0 0 7 0 9 0 8 0 0

4 46
0 0 2 0 5 0 8 0 0
0 9 0 0 0 0 0 5 0
5 0 1 0 6 0 2 0 4
0 1 0 5 0 8 0 2 0
0 0 3 0 0 0 9 0 0
9 2 0 7 0 1 0 6 8
2 0 8 0 1 0 3 0 7
0 7 0 6 0 3 0 4 0
3 0 0 0 7 0 0 0 6

4 47
0 0 3 0 0 0 5 0 0
7 0 0 6 0 3 0 9 0
0 4 6 0 8 0 1 0 7
0 2 0 1 4 0 0 7 0
6 0 1 0 0 0 4 0 5
0 3 0 0 6 2 0 8 0
8 0 4 0 5 0 2 1 0
0 1 0 9 0 8 0 0 6
0 0 9 0 0 0 3 0 0

4 48
0 0 0 0 4 0 7 3 9
0 9 0 8 0 3 0 6 1
0 3 0 0 0 7 0 8 0
0 2 3 0 0 0 0 0 0
0 7 5 3 0 9 2 1 0
0 0 0 0 0 0 8 7 0
0 4 0 2 0 0 0 9 0
7 5 0 1 0 4 0 2 0
2 1 8 0 6 0 0 0 0

4 49
6 0 0 4 0 1 0 0 5
1 0 3 0 9 0 6 0 4
0 4 0 0 7 0 0 1 0
0 3 0 9 0 2 0 5 0
8 0 0 0 0 0 0 0 6
0 6 0 1 0 8 0 3 0
0 2 0 0 4 0 0 8 0
3 0 4 0 1 0 7 0 2
7 0 0 2 0 3 0 0 1

4 50
8 0 0 0 9 0 0 0 6
0 7 0 8 0 2 0 3 0
0 0 3 0 6 0 5 0 0
5 8 0 3 0 6 0 9 4
0 0 7 0 1 0 2 0 0
2 3 0 5 0 4 0 1 8
0 0 8 0 4 0 3 0 0
0 5 0 1 0 9 0 7 0
3 0 0 0 8 0 0 0 5

5 1
0 0 0 0 9 0 0 0 0
5 0 1 0 4 0 9 0 7
2 0 0 0 1 0 0 0 4
0 3 0 7 0 2 0 1 0
1 0 5 0 3 0 7 0 2
0 4 0 1 0 5 0 9 0
9 0 0 0 2 0 0 0 1
4 0 6 0 7 0 2 0 9
0 0 0 0 5 0 0 0 0

5 2
8 0 0 0 9 0 0 0 7
2 0 0 0 3 0 0 0 8
0 3 4 8 0 2 5 6 0
0 0 0 9 2 5 0 0 0
0 8 0 0 0 0 0 2 0
0 0 0 1 4 8 0 0 0
0 2 8 3 0 4 9 7 0
3 0 0 0 5 0 0 0 2
7 0 0 0 8 0 0 0 4

5 3
0 8 0 7 0 3 0 2 0
0 0 6 0 8 0 3 0 0
0 2 0 0 0 0 0 4 0
0 4 0 8 0 1 0 3 0
2 0 0 0 5 0 0 0 4
0 3 8 0 0 0 6 7 0
0 9 0 0 2 0 0 8 0
8 0 0 0 7 0 0 0 9
0 5 0 9 0 8 0 6 0

5 4
0 7 0 0 0 0 0 2 0
0 0 2 5 9 8 7 0 1
0 0 0 0 0 0 0 4 0
2 0 3 0 4 0 0 9 0
0 1 7 9 0 0 2 0 0
9 0 5 0 2 0 0 8 0
0 0 0 0 0 0 0 6 0
0 0 8 7 3 6 9 0 4
0 3 0 0 0 0 0 7 0

5 5
0 0 9 0 0 0 6 0 0
0 8 0 0 6 0 0 1 0
0 0 2 0 0 0 7 0 0
0 3 0 5 0 2 0 4 0
8 5 1 0 0 0 2 3 7
2 0 0 0 0 0 0 0 9
4 0 0 0 2 0 0 0 1
0 0 6 0 1 0 8 0 0
7 0 3 0 0 0 9 0 5

5 6
0 0 0 6 0 8 0 0 0
5 6 8 0 2 0 4 7 3
0 2 0 3 0 4 0 8 0
0 3 0 0 8 0 0 1 0
8 0 2 0 6 0 3 0 7
0 0 0 0 4 0 0 0 0
7 0 0 8 0 2 0 0 4
2 0 3 0 9 0 8 0 5
0 8 0 0 0 0 0 3 0

5 7
0 0 0 0 0 0 0 0 0
0 0 8 6 0 2 4 0 0
0 2 7 0 0 0 6 9 0
8 7 0 0 0 0 0 2 4
2 6 0 1 0 9 0 5 3
0 5 0 0 0 0 0 7 0
0 8 2 0 0 0 3 4 0
0 0 6 5 4 1 2 0 0
4 0 0 0 8 0 0 0 1

5 8
5 0 8 0 4 9 2 0 0
0 9 0 0 0 0 8 0 0
4 0 3 1 0 5 0 7 0
0 4 0 0 0 0 7 0 0
0 0 0 4 0 1 0 0 0
0 0 6 0 0 0 0 2 0
0 5 0 3 0 4 1 0 7
0 0 7 0 0 0 0 4 0
0 0 4 7 6 0 3 0 5

5 9
9 0 0 0 6 0 0 0 3
2 8 0 3 0 9 0 5 1
0 7 0 0 2 0 0 8 0
8 0 0 2 0 4 0 0 7
0 5 0 0 0 0 0 4 0
0 0 2 0 9 0 1 0 0
0 0 7 0 0 0 8 0 0
0 6 0 4 0 8 0 1 0
4 0 0 0 3 0 0 0 5

5 10
0 0 0 0 7 0 0 0 0
0 0 7 0 0 0 6 0 0
0 0 0 4 0 5 0 0 0
0 1 0 2 0 7 0 4 0
4 0 0 0 0 0 0 0 3
2 7 0 5 0 3 0 8 6
5 0 0 7 8 6 0 0 4
0 6 3 0 0 0 7 2 0
7 0 0 0 3 0 0 0 8

5 11
7 9 0 0 0 0 0 1 8
5 0 4 0 0 0 3 0 9
0 1 0 3 0 9 0 6 0
0 0 9 0 1 0 8 0 0
0 2 0 0 0 0 0 3 0
0 0 1 0 6 0 9 0 0
0 3 0 1 0 5 0 4 0
4 0 0 6 9 7 0 0 3
1 8 0 0 0 0 0 9 7

5 12
0 0 6 0 0 0 1 0 0
0 5 8 1 0 9 7 4 0
1 0 4 0 0 0 8 0 9
0 0 9 8 0 7 5 0 0
0 1 0 6 0 3 0 9 0
0 0 0 0 0 0 0 0 0
0 4 1 2 0 8 9 6 0
0 8 0 9 0 6 0 1 0
9 0 0 0 0 0 0 0 8

5 13
0 0 0 2 0 1 0 0 0
0 0 6 0 5 0 9 0 0
0 0 0 9 0 8 0 0 0
2 4 1 0 0 0 3 6 9
0 0 0 0 3 0 0 0 0
8 3 5 6 0 4 1 2 7
0 0 7 0 0 0 6 0 0
0 0 3 0 8 0 2 0 0
0 6 0 0 1 0 0 8 0

5 14
0 0 9 2 0 4 3 0 0
0 4 0 3 0 6 0 2 0
2 0 0 0 9 0 0 0 8
0 0 0 0 1 0 0 0 0
0 0 0 0 3 0 0 0 0
4 0 0 8 0 9 0 0 7
9 0 3 1 0 2 6 0 5
0 5 0 0 0 0 0 7 0
0 6 0 7 0 3 0 9 0

5 15
0 0 0 0 0 0 0 0 0
2 0 0 1 0 8 0 0 6
0 4 1 0 0 0 2 3 0
0 0 7 5 0 9 4 0 0
0 3 0 2 0 1 0 8 0
0 0 5 0 6 0 9 0 0
0 0 0 8 0 5 0 0 0
0 9 0 3 0 4 0 2 0
0 0 3 0 0 0 8 0 0

5 16
3 0 0 0 9 0 0 0 4
0 6 0 1 0 2 0 8 0
0 0 1 0 0 0 5 0 0
0 0 0 3 0 6 0 0 0
0 0 3 0 5 0 6 0 0
8 0 0 4 0 1 0 0 9
0 4 7 0 0 0 8 9 0
0 3 0 8 0 4 0 1 0
1 0 8 0 6 0 3 0 5

5 17
1 0 0 0 2 0 0 0 7
0 4 0 1 0 5 0 9 0
0 0 8 0 7 0 1 0 0
0 1 0 0 5 0 0 2 0
7 0 5 2 4 6 3 0 1
0 2 0 0 1 0 0 7 0
0 0 2 0 6 0 8 0 0
0 8 0 3 0 4 0 6 0
9 0 0 0 8 0 0 0 4

5 18
8 0 0 0 7 0 0 0 3
0 6 0 3 0 4 0 1 0
0 1 0 8 0 6 0 9 0
2 0 8 0 0 0 6 0 7
0 4 1 0 9 0 5 3 0
0 5 0 0 0 0 0 8 0
0 3 0 6 0 1 0 7 0
1 0 0 0 8 0 0 0 6
9 0 0 0 0 0 0 0 4

5 19
0 0 0 0 9 0 0 0 0
6 0 5 0 0 0 9 0 8
0 9 0 8 0 6 0 3 0
8 0 0 4 0 9 0 0 2
0 6 0 3 0 8 0 9 0
9 0 3 0 0 0 8 0 4
3 0 6 0 8 0 5 0 9
0 2 0 9 0 1 0 8 0
0 8 0 5 6 3 0 7 0

5 20
0 8 9 0 2 0 7 3 0
0 4 6 0 0 0 9 8 0
0 0 0 3 0 8 0 0 0
0 0 0 4 0 9 0 0 0
0 0 7 0 5 0 3 0 0
0 0 0 7 0 2 0 0 0
0 0 0 9 0 7 0 0 0
0 9 2 0 0 0 1 7 0
0 7 5 0 8 0 6 4 0

5 21
1 0 4 0 0 0 8 0 9
7 0 0 0 3 0 0 0 5
0 8 0 1 0 6 0 2 0
0 4 0 0 6 0 0 8 0
8 0 0 7 0 1 0 0 6
0 5 0 0 8 0 0 7 0
0 7 0 5 0 8 0 1 0
4 0 0 0 1 0 0 0 8
5 0 8 0 0 0 9 0 7

5 22
0 8 0 0 4 0 0 1 0
2 1 0 3 5 9 0 4 7
4 0 0 1 0 8 0 0 5
0 3 0 0 7 0 0 2 0
0 5 0 0 9 0 0 8 0
0 4 0 0 2 0 0 6 0
0 0 0 0 0 0 0 0 0
3 6 0 2 1 5 0 7 8
0 7 0 0 3 0 0 5 0

5 23
0 0 1 0 3 0 9 0 0
0 4 0 7 1 8 0 2 0
6 0 2 0 0 0 8 0 7
0 9 0 0 0 0 0 8 0
0 0 0 0 5 0 0 0 0
0 1 0 0 0 0 0 3 0
8 0 9 0 0 0 2 0 1
0 2 0 5 9 6 0 4 0
0 0 3 0 2 0 5 0 0

5 24
0 0 0 0 0 0 0 0 0
3 9 0 1 0 6 0 2 8
0 0 8 0 0 0 4 0 0
4 1 0 8 0 7 0 5 3
8 3 0 4 0 1 0 6 7
0 0 0 6 0 2 0 0 0
0 4 5 9 0 8 1 3 0
0 2 0 0 0 0 0 8 0
0 8 0 5 0 3 0 4 0

5 25
7 0 0 9 0 5 0 0 4
0 3 0 0 8 0 0 9 0
0 0 9 0 0 0 1 0 0
5 0 7 0 3 0 4 0 1
0 4 0 0 0 0 0 7 0
0 0 8 0 6 0 2 0 0
0 0 3 0 0 0 7 0 0
0 7 0 0 4 0 0 6 0
1 0 0 7 0 2 0 0 3

5 26
0 0 0 0 8 0 0 0 0
0 0 3 0 5 0 4 0 0
0 8 0 0 0 0 0 1 0
0 9 0 0 4 0 0 2 0
2 3 0 5 0 6 0 8 4
5 0 0 9 0 2 0 0 7
0 2 0 0 0 0 0 7 0
8 0 0 0 1 0 0 0 9
0 6 0 7 0 8 0 4 0

5 27
0 3 0 1 0 0 2 0 0
8 0 2 0 0 3 0 9 0
7 0 0 0 4 0 0 0 1
0 0 1 0 0 5 8 0 0
2 0 0 3 0 1 0 0 6
0 0 3 9 0 0 1 0 0
3 0 0 0 7 0 0 0 4
0 9 0 4 0 0 6 0 2
0 0 4 0 0 6 0 8 0

5 28
4 3 1 0 0 0 0 7 0
0 0 0 0 7 0 0 0 9
8 7 0 2 0 0 1 0 0
0 0 7 0 0 0 0 4 0
3 0 0 0 1 5 7 0 0
0 0 6 0 0 0 0 9 0
5 6 0 4 0 0 9 0 0
0 0 0 0 2 0 0 0 3
1 4 3 0 0 0 0 6 0

5 29
0 0 8 0 0 0 3 0 0
0 1 0 9 2 5 0 7 0
4 0 0 0 1 0 0 0 6
0 2 0 8 0 4 0 5 0
7 0 3 0 0 0 8 0 1
0 4 0 7 0 1 0 2 0
1 0 0 0 5 0 0 0 4
0 3 0 1 7 6 0 8 0
0 0 7 0 0 0 1 0 0

5 30
0 0 0 0 0 0 0 9 0
3 0 0 2 4 0 6 0 0
1 8 0 0 5 0 0 3 0
0 0 4 5 0 3 0 0 1
7 0 0 0 9 0 0 2 0
0 0 3 7 0 2 0 0 8
6 3 0 0 7 0 0 1 0
8 0 0 9 1 0 7 0 0
0 0 0 0 0 0 0 6 0

5 31
4 0 3 0 0 0 1 0 8
0 1 8 0 5 0 4 7 0
0 0 0 0 0 0 0 0 0
7 0 0 0 0 0 0 0 9
0 4 0 9 7 1 0 8 0
8 2 0 0 0 0 0 1 4
0 0 0 0 0 0 0 0 0
2 0 4 0 6 0 5 0 3
1 6 0 0 0 0 0 2 7

5 32
0 0 0 0 0 0 0 0 0
0 8 0 7 0 4 0 9 0
7 9 0 0 2 0 0 3 1
0 0 4 0 0 0 9 0 0
0 6 0 0 4 0 0 8 0
8 0 5 0 9 0 7 0 3
0 5 3 0 0 0 8 2 0
0 4 0 0 8 0 0 6 0
2 0 0 0 6 0 0 0 9

5 33
0 0 0 0 0 0 0 0 8
3 2 0 0 0 8 1 0 0
7 1 0 2 0 4 5 0 0
0 0 6 0 0 0 0 3 0
4 8 0 0 0 7 9 0 0
0 0 1 0 0 0 0 7 0
5 6 0 4 0 1 2 0 0
1 4 0 0 0 9 3 0 0
0 0 0 0 0 0 0 0 7

5 34
0 0 0 2 0 9 0 0 0
0 1 0 4 8 7 0 3 0
0 0 0 0 0 0 7 0 0
0 2 6 0 5 0 4 1 0
1 0 0 0 0 0 0 0 8
0 3 4 0 9 0 6 7 0
0 0 0 0 0 0 9 0 0
0 7 0 1 3 8 0 2 0
0 0 0 9 0 2 0 0 0

5 35
1 0 0 0 0 0 0 0 5
0 9 5 0 0 0 8 1 0
8 0 0 1 0 3 0 0 6
0 8 0 0 7 0 0 2 0
0 0 3 0 0 0 4 0 0
0 6 0 0 8 0 0 9 0
2 0 0 6 0 4 0 0 3
0 1 4 0 0 0 2 7 0
9 0 0 0 0 0 0 0 4

5 36
9 0 0 4 0 3 0 0 6
0 3 0 0 7 0 0 5 0
0 0 2 0 0 0 1 0 0
0 0 8 0 0 0 4 0 0
0 2 0 9 0 8 0 1 0
4 0 1 0 0 0 6 0 8
0 0 0 0 8 0 0 0 0
1 5 0 7 0 6 0 3 9
0 0 3 0 0 0 7 0 0

5 37
0 3 0 0 0 0 0 5 0
1 0 5 6 0 7 3 0 8
0 9 0 0 2 0 0 4 0
0 7 0 0 0 0 0 3 0
0 0 2 0 0 0 8 0 0
0 4 0 0 0 0 0 6 0
0 5 0 0 9 0 0 1 0
9 0 7 5 0 3 4 0 6
0 6 0 0 0 0 0 8 0

5 38
0 0 1 5 0 9 6 0 0
0 0 0 0 0 0 0 0 0
8 3 0 0 7 0 0 1 2
0 9 0 0 5 0 0 4 0
0 8 2 0 0 0 1 7 0
0 0 0 8 0 1 0 0 0
0 4 9 0 0 0 5 3 0
0 1 0 0 4 0 0 6 0
0 0 0 6 3 7 0 0 0

5 39
1 3 0 0 0 0 0 2 4
0 6 2 0 9 0 0 5 8
0 4 8 0 0 0 3 9 0
0 0 0 2 0 3 0 0 0
0 0 0 0 0 0 0 0 0
0 0 0 9 0 6 0 0 0
0 1 4 0 0 0 8 3 0
0 7 6 0 8 0 0 1 9
8 9 0 0 0 0 0 4 7

5 40
6 0 0 1 0 8 0 0 5
0 3 0 9 0 2 0 1 0
0 0 0 0 7 0 0 0 0
0 0 7 0 9 0 4 0 0
0 5 0 8 0 3 0 2 0
1 0 0 4 0 7 0 0 3
0 0 0 0 2 0 0 0 0
2 0 8 0 1 0 6 0 9
0 4 0 0 0 0 0 7 0

5 41
0 9 3 0 0 0 1 5 0
1 0 0 6 0 9 0 0 3
5 0 0 0 4 0 0 0 7
0 6 0 0 0 0 0 2 0
0 0 8 0 0 0 7 0 0
0 0 0 9 0 3 0 0 0
2 0 0 0 6 0 0 0 1
6 1 0 2 0 4 0 3 8
0 0 4 0 0 0 9 0 0

5 42
0 3 2 6 0 0 0 8 9
9 0 0 0 3 0 0 0 1
6 0 0 0 0 5 0 0 0
0 8 0 0 0 0 2 0 0
0 0 6 0 0 0 0 7 3
0 4 0 0 0 0 6 0 0
4 0 0 0 0 8 0 0 0
5 0 0 0 1 0 0 0 7
0 1 9 7 0 0 0 4 5

5 43
0 0 9 5 0 2 7 0 0
8 3 0 0 6 0 0 5 1
7 0 0 0 0 0 0 0 9
9 0 0 0 0 0 0 0 2
1 0 6 0 0 0 3 0 8
3 0 0 0 0 0 0 0 4
2 0 0 0 0 0 0 0 3
5 4 0 0 9 0 0 8 7
0 0 7 4 0 8 2 0 0

5 44
0 0 0 0 0 0 0 0 0
0 0 1 0 0 0 6 0 0
3 0 0 0 9 0 0 0 2
7 0 5 9 1 4 2 0 3
1 0 0 0 0 0 0 0 9
2 9 8 0 7 0 1 6 4
0 5 6 0 8 0 4 2 0
0 0 7 0 0 0 9 0 0
0 0 2 0 0 0 5 0 0

5 45
0 3 6 0 0 0 7 1 0
7 0 0 3 0 1 0 0 5
0 1 0 2 0 4 0 9 0
0 0 8 0 0 0 9 0 0
0 6 0 0 0 0 0 3 0
4 0 0 9 0 3 0 0 1
0 2 0 0 5 0 0 8 0
0 0 9 0 3 0 1 0 0
0 0 0 1 0 8 0 0 0

5 46
2 3 4 0 0 0 8 1 9
6 0 0 1 0 2 0 0 5
0 1 0 0 4 0 0 7 0
0 0 1 0 0 0 3 0 0
0 5 0 4 0 7 0 8 0
9 0 0 0 6 0 0 0 7
0 7 0 0 0 0 0 9 0
0 0 3 0 0 0 6 0 0
0 0 0 8 1 4 0 0 0

5 47
4 0 0 0 0 0 0 0 8
0 9 3 0 0 0 4 6 0
0 0 0 7 0 1 0 0 0
0 5 0 2 0 6 0 9 0
0 0 8 0 0 0 3 0 0
0 0 0 0 0 0 0 0 0
0 4 0 0 0 0 0 3 0
8 0 2 0 9 0 7 0 5
0 1 6 8 0 3 2 4 0

5 48
0 9 0 3 0 7 0 1 0
5 0 0 0 1 0 0 0 2
0 1 0 0 0 0 0 4 0
0 0 3 9 0 5 8 0 0
6 0 0 0 2 0 0 0 3
8 0 0 0 6 0 0 0 5
0 3 2 0 0 0 6 9 0
0 0 7 6 0 2 1 0 0
0 0 0 8 0 4 0 0 0

5 49
0 0 3 0 0 0 9 0 0
0 9 0 7 0 6 0 8 0
2 0 0 0 5 0 0 0 4
0 8 0 9 0 5 0 6 0
0 0 1 0 0 0 3 0 0
0 5 0 2 0 3 0 4 0
1 0 0 0 7 0 0 0 6
0 7 0 4 0 1 0 9 0
0 0 8 0 0 0 5 0 0

5 50
7 3 0 0 0 0 0 9 4
2 0 0 6 0 4 0 0 1
0 0 8 0 0 0 2 0 0
1 5 0 0 0 0 0 6 3
0 0 0 0 5 0 0 0 0
0 0 0 1 0 6 0 0 0
0 0 9 0 0 0 3 0 0
4 6 0 8 0 1 0 5 7
0 1 0 0 3 0 0 2 0

6 1
0 0 3 0 0 0 4 0 0
0 1 0 8 0 5 0 3 0
4 0 0 0 7 0 0 0 5
1 0 0 0 0 0 0 0 3
0 3 0 2 0 4 0 9 0
0 0 6 0 0 0 7 0 0
0 6 0 1 0 8 0 5 0
8 0 9 0 3 0 1 0 2
0 4 0 0 0 0 0 6 0

6 2
0 7 5 0 0 0 1 4 0
3 0 0 9 0 7 0 0 2
2 0 0 5 0 4 0 0 7
0 0 6 0 0 0 8 0 0
0 0 0 0 0 0 0 0 0
0 3 0 0 9 0 0 2 0
8 0 1 0 0 0 3 0 5
5 0 0 0 7 0 0 0 4
0 4 3 0 0 0 9 6 0

6 3
0 0 0 7 0 8 0 0 0
8 4 0 5 0 6 0 1 3
0 1 0 0 2 0 0 6 0
6 7 0 0 0 0 0 3 2
3 0 0 9 0 1 0 0 5
0 0 8 6 0 2 9 0 0
0 0 0 0 0 0 0 0 0
0 9 3 0 6 0 4 2 0
0 0 7 0 0 0 3 0 0

6 4
0 3 0 0 0 5 0 0 0
0 0 4 0 7 0 9 0 6
0 0 0 8 0 0 0 3 0
7 0 5 0 0 0 6 0 1
0 9 0 1 0 6 0 2 0
4 0 1 0 0 0 3 0 8
0 0 0 4 0 0 0 8 0
0 0 6 0 8 0 2 0 5
0 4 0 0 0 7 0 0 0

6 5
0 8 0 0 0 0 0 3 0
4 0 0 0 7 0 0 0 1
9 0 0 1 0 2 0 0 8
0 5 4 0 0 0 1 6 0
0 0 0 4 5 3 0 0 0
0 0 9 0 0 0 4 0 0
0 1 0 0 0 0 0 8 0
0 0 0 0 9 0 0 0 0
6 0 3 5 0 1 2 0 7

6 6
0 0 4 0 0 0 9 0 0
6 0 0 0 7 0 0 0 3
7 0 0 6 0 8 0 0 4
2 3 1 0 0 0 4 5 6
0 0 0 0 5 0 0 0 0
0 6 0 4 0 2 0 9 0
4 8 0 0 0 0 0 7 1
0 0 0 0 8 0 0 0 0
1 0 0 5 0 3 0 0 9

6 7
2 0 0 0 4 0 0 0 1
6 8 0 0 0 0 0 9 3
0 0 3 0 0 0 7 0 0
0 0 2 1 0 7 5 0 0
4 0 0 0 0 0 0 0 7
0 0 7 4 0 5 9 0 0
0 0 8 0 0 0 6 0 0
0 6 0 0 0 0 0 1 0
0 9 1 0 3 0 2 5 0

6 8
3 9 5 0 0 0 1 6 8
1 0 0 3 0 8 0 0 4
7 0 0 0 0 0 0 0 2
0 1 0 8 0 5 0 4 0
0 0 0 0 4 0 0 0 0
0 4 0 2 0 7 0 3 0
8 0 0 0 0 0 0 0 3
6 0 0 7 0 1 0 0 9
4 3 1 0 0 0 7 2 5

6 9
0 0 0 3 9 8 0 0 0
0 0 7 0 0 0 4 0 0
0 5 0 1 7 0 0 2 0
7 0 0 0 2 0 1 0 4
9 0 1 6 4 5 2 0 3
4 0 6 0 1 0 0 0 5
0 6 0 0 8 1 0 9 0
0 0 8 0 0 0 6 0 0
0 0 0 4 3 6 0 0 0

6 10
7 0 0 9 0 0 0 0 6
0 2 0 0 5 0 0 7 0
0 0 1 0 3 0 4 0 0
2 0 0 0 8 9 0 0 4
0 1 7 4 0 3 8 2 0
8 0 0 5 2 0 0 0 3
0 0 3 0 7 0 6 0 0
0 9 0 0 1 0 0 4 0
4 0 0 0 0 6 0 0 2

6 11
1 0 0 0 7 0 0 0 4
2 8 0 0 3 0 0 9 6
0 0 0 1 0 9 0 0 0
6 0 0 0 5 0 0 0 1
4 1 0 7 0 2 0 5 9
7 0 0 0 9 0 0 0 3
0 0 0 6 0 8 0 0 0
3 2 0 0 1 0 0 4 8
8 0 0 0 4 0 0 0 5

6 12
0 0 1 8 4 0 0 0 9
0 6 0 0 7 0 0 8 0
9 0 0 5 0 0 7 0 3
0 0 6 2 0 1 0 0 7
0 3 0 0 5 0 0 1 0
2 0 0 4 0 9 5 0 0
5 0 3 0 0 8 0 0 2
0 7 0 0 2 0 0 6 0
6 0 0 0 9 4 3 0 0

6 13
0 0 1 0 0 0 5 0 0
0 3 0 4 0 8 0 7 0
7 0 0 5 0 0 0 2 8
0 9 0 0 4 0 0 3 0
4 0 7 3 0 2 1 0 6
0 1 0 0 5 0 0 9 0
5 6 0 0 0 9 0 0 3
0 2 0 7 0 4 0 5 0
0 0 3 0 0 0 8 0 0

6 14
6 0 0 0 0 0 9 0 1
0 0 0 1 0 3 0 0 2
5 0 3 0 9 0 0 8 0
0 7 0 8 0 5 0 2 0
3 0 8 0 2 0 1 0 4
0 6 0 4 0 9 0 7 0
0 2 0 0 6 0 7 0 3
7 0 0 2 0 4 0 0 0
1 0 6 0 0 0 0 0 9

6 15
0 1 7 0 0 0 0 0 8
0 0 3 5 0 6 0 4 0
0 0 0 0 8 0 5 0 0
1 0 0 6 0 0 9 0 4
2 9 6 0 0 0 3 5 7
4 0 8 0 0 3 0 0 6
0 0 2 0 1 0 0 0 0
0 4 0 2 0 7 8 0 0
7 0 0 0 0 0 4 9 0

6 16
0 0 0 1 0 0 0 7 4
0 7 0 6 0 0 2 8 0
0 0 5 0 0 0 3 0 0
9 0 0 4 5 0 0 1 0
8 0 1 2 7 9 6 0 3
0 2 0 0 6 1 0 0 8
0 0 2 0 0 0 8 0 0
0 8 4 0 0 7 0 3 0
1 5 0 0 0 6 0 0 0

6 17
3 0 0 0 8 0 1 0 0
1 0 0 0 0 7 5 0 0
0 8 0 5 0 0 0 6 0
0 0 6 1 0 0 0 0 9
5 7 0 0 2 0 0 4 0
0 0 2 3 0 0 0 0 6
0 3 0 8 0 0 0 2 0
6 0 0 0 0 1 3 0 0
4 0 0 0 6 0 9 0 0

6 18
0 0 0 0 1 0 0 0 0
3 1 0 7 0 8 0 9 6
0 0 2 0 0 0 3 0 0
0 0 0 3 0 1 0 0 0
0 8 9 0 2 0 5 3 0
0 0 0 5 0 7 0 0 0
0 0 5 0 0 0 6 0 0
8 2 0 6 0 5 0 4 7
0 0 0 0 4 0 0 0 0

6 19
0 9 0 0 1 0 0 0 0
3 0 0 5 0 0 0 2 0
1 0 6 0 0 0 5 9 0
0 1 0 3 0 4 0 0 7
0 0 8 0 2 0 0 0 0
0 4 0 9 0 6 0 0 3
8 0 1 0 0 0 6 3 0
2 0 0 8 0 0 0 1 0
0 7 0 0 4 0 0 0 0

6 20
0 3 0 0 0 0 0 7 0
0 0 1 0 8 0 5 0 0
0 9 0 2 0 7 0 8 0
7 0 0 0 2 0 0 0 8
0 0 4 0 0 0 3 0 0
8 0 0 0 1 0 0 0 6
0 1 0 8 0 2 0 5 0
0 0 6 0 4 0 1 0 0
0 4 0 0 0 0 0 9 0

6 21
0 0 3 1 0 5 2 0 0
0 0 0 8 0 9 0 0 0
0 0 8 0 0 0 5 0 0
0 1 0 0 2 0 0 5 0
4 0 0 6 0 1 0 0 2
0 7 0 0 5 0 0 3 0
0 0 4 0 0 0 3 0 0
1 0 0 3 0 6 0 0 8
0 9 6 0 4 0 7 1 0

6 22
0 7 0 0 0 0 0 5 8
0 6 3 0 1 0 0 0 9
0 0 4 0 6 7 0 0 0
3 0 0 0 0 2 0 6 0
4 1 0 0 0 0 0 3 2
8 0 0 0 0 9 0 7 0
0 0 1 0 8 3 0 0 0
0 3 5 0 4 0 0 0 7
0 9 0 0 0 0 0 1 4

6 23
0 3 2 0 0 0 5 1 0
0 1 0 2 0 6 0 7 0
8 0 0 4 0 1 0 0 9
0 0 8 0 0 0 3 0 0
0 4 0 0 0 0 0 6 0
0 0 7 0 0 0 4 0 0
1 0 0 7 0 4 0 0 5
0 9 0 8 0 3 0 4 0
0 6 4 0 0 0 1 8 0

6 24
0 0 0 0 7 0 0 0 0
3 0 0 1 0 2 0 0 7
0 2 0 0 8 0 0 4 0
0 0 9 0 0 0 2 0 0
0 6 0 0 1 0 0 3 0
0 8 1 0 2 0 9 5 0
0 0 2 5 0 4 1 0 0
9 1 8 0 0 0 5 6 4
0 0 0 0 6 0 0 0 0

6 25
0 0 3 0 0 0 5 0 0
0 2 0 0 9 0 0 1 0
1 0 7 0 0 0 8 0 2
8 0 0 2 0 4 0 0 7
0 0 4 0 0 0 1 0 0
6 0 0 1 0 5 0 0 3
7 0 1 0 0 0 2 0 8
0 8 0 0 5 0 0 4 0
0 0 6 0 0 0 9 0 0

6 26
0 3 0 0 2 0 0 7 0
9 7 0 1 0 4 0 5 3
1 0 0 0 7 0 0 0 8
0 9 0 0 5 0 0 1 0
0 0 6 0 0 0 4 0 0
8 0 0 2 0 1 0 0 9
0 5 0 0 3 0 0 6 0
0 0 4 0 0 0 8 0 0
0 0 0 9 0 5 0 0 0

6 27
0 0 3 1 0 0 6 0 0
0 5 0 0 0 9 0 1 0
0 0 9 0 7 0 0 0 2
3 0 0 2 0 0 0 0 5
0 1 0 0 0 4 7 3 0
4 0 0 9 0 0 0 0 1
0 0 4 0 6 0 0 0 8
0 3 0 0 0 5 0 9 0
0 0 8 7 0 0 4 0 0

6 28
0 0 3 0 2 0 0 5 0
0 1 0 0 0 6 0 0 8
9 0 0 0 8 0 0 4 0
7 0 0 4 0 0 8 0 0
0 5 0 0 1 0 0 3 6
1 0 0 2 0 0 4 0 0
5 0 0 0 3 0 0 8 0
0 7 0 0 0 4 0 0 9
0 0 4 0 7 0 0 2 0

6 29
0 0 3 9 0 1 2 0 0
0 0 1 0 6 0 5 0 0
0 9 0 0 0 0 0 8 0
0 0 0 6 0 8 0 0 0
0 5 0 1 0 2 0 3 0
0 8 0 0 4 0 0 6 0
7 0 4 0 0 0 3 0 1
0 0 5 7 0 4 6 0 0
0 1 0 0 2 0 0 7 0

6 30
1 0 0 3 0 8 0 0 6
0 0 0 7 0 5 0 0 0
0 3 8 0 0 0 1 9 0
0 0 6 0 0 0 2 0 0
4 0 0 6 2 1 0 0 3
0 0 1 0 0 0 5 0 0
0 1 5 0 0 0 7 4 0
0 0 0 9 0 7 0 0 0
7 0 0 1 0 4 0 0 9

6 31
0 1 0 0 0 0 5 6 2
0 3 0 7 0 6 0 0 0
0 0 2 0 4 0 0 0 8
1 0 0 0 0 0 0 4 0
0 0 6 2 0 3 1 0 0
0 5 0 0 0 0 0 0 3
2 0 0 0 7 0 9 0 0
0 0 0 8 0 4 0 5 0
9 7 4 0 0 0 0 1 0

6 32
0 3 0 1 0 2 0 0 5
0 0 0 9 0 6 0 0 0
8 0 0 0 7 0 0 2 0
2 0 0 0 6 0 0 8 0
0 5 0 2 4 3 0 0 1
1 0 0 0 9 0 0 5 0
7 0 0 0 1 0 0 3 0
0 0 0 4 0 9 0 0 0
0 1 0 6 0 7 0 0 4

6 33
0 3 0 6 0 0 1 0 0
0 1 0 8 0 0 5 9 0
0 0 2 0 0 0 6 0 7
5 2 0 0 0 0 0 0 8
0 0 8 0 2 9 0 0 0
7 9 0 0 0 0 0 0 3
0 0 4 0 0 0 3 0 5
0 6 0 7 0 0 8 1 0
0 7 0 5 0 0 4 0 0

6 34
3 0 0 0 2 0 0 7 0
0 2 0 8 1 0 0 6 9
0 0 5 0 3 0 0 1 0
0 0 0 3 0 0 5 0 0
0 0 0 7 0 2 0 0 0
0 0 8 0 0 6 0 0 0
0 5 0 0 6 0 4 0 0
1 7 0 0 4 8 0 3 0
0 9 0 0 7 0 0 0 6

6 35
0 0 3 0 0 0 2 0 0
0 9 0 0 7 0 0 8 0
0 0 4 0 6 0 9 0 0
0 1 0 0 2 0 0 3 0
7 0 0 6 0 3 0 0 5
0 4 0 0 1 0 0 6 0
0 0 7 0 3 0 4 0 0
0 3 0 0 9 0 0 2 0
0 0 8 0 0 0 5 0 0

6 36
0 2 0 5 0 7 0 9 0
0 3 7 0 0 0 6 8 0
0 0 9 0 0 0 1 0 0
0 5 0 0 7 0 0 4 0
9 1 0 0 2 0 0 3 7
0 0 0 1 8 3 0 0 0
1 0 3 0 0 0 4 0 6
0 7 0 0 0 0 0 1 0
0 0 0 8 0 4 0 0 0

6 37
3 2 0 0 0 0 0 1 7
0 0 4 0 0 0 5 0 0
0 0 7 0 0 0 9 0 0
5 8 0 3 0 4 0 9 1
0 9 0 0 2 0 0 6 0
2 4 0 5 0 6 0 8 3
0 0 8 0 0 0 1 0 0
0 0 5 0 0 0 3 0 0
1 6 0 0 0 0 0 7 4

6 38
3 1 0 0 0 0 0 5 7
0 0 5 0 0 0 8 0 0
0 0 0 8 0 9 0 0 0
6 0 1 0 2 0 3 0 5
0 5 0 0 0 0 0 2 0
9 0 2 0 8 0 1 0 6
0 0 0 2 0 1 0 0 0
0 0 4 0 0 0 7 0 0
1 2 0 0 0 0 0 4 9

6 39
1 0 9 0 0 5 0 0 2
0 0 3 0 1 0 0 7 0
0 0 0 3 0 0 8 0 0
9 0 0 2 0 1 3 0 0
0 6 0 0 0 0 0 2 0
0 0 5 4 0 3 0 0 8
0 0 1 0 0 9 0 0 0
0 3 0 0 4 0 9 0 0
6 0 0 1 0 0 7 0 4

6 40
0 3 0 0 0 0 2 0 0
0 1 5 0 0 8 0 3 0
0 0 7 6 0 0 0 0 5
9 0 0 0 1 0 3 4 0
0 6 0 5 0 2 0 0 0
8 0 0 0 9 0 5 7 0
0 0 4 1 0 0 0 0 7
0 2 9 0 0 4 0 1 0
0 7 0 0 0 0 9 0 0

6 41
5 0 0 0 0 0 0 0 8
0 8 0 3 0 6 0 7 0
1 0 0 0 4 0 0 0 3
0 1 0 5 0 2 0 6 0
0 0 2 0 0 0 9 0 0
0 5 0 8 0 9 0 4 0
7 0 0 0 9 0 0 0 1
0 2 0 4 0 7 0 8 0
4 0 0 0 0 0 0 0 6

6 42
0 9 1 0 0 0 2 5 0
0 0 0 6 0 1 0 0 0
0 3 0 0 7 0 0 1 0
0 1 0 2 0 5 0 8 0
0 0 5 0 0 0 3 0 0
0 7 0 1 0 3 0 6 0
0 2 0 0 6 0 0 3 0
0 0 0 8 0 4 0 0 0
0 5 4 0 0 0 9 2 0

6 43
0 4 0 0 0 0 0 5 0
2 0 9 0 0 0 1 0 7
0 0 0 7 0 4 0 0 0
0 0 1 6 0 5 7 0 0
0 6 0 0 2 0 0 3 0
0 0 8 1 0 3 4 0 0
0 0 0 3 0 9 0 0 0
1 0 6 0 0 0 8 0 9
0 5 0 0 0 0 0 6 0

6 44
0 0 0 3 5 9 0 0 0
3 0 7 0 0 0 4 0 6
0 2 0 0 6 0 0 8 0
0 0 0 4 0 2 0 0 0
0 0 8 0 0 0 3 0 0
0 0 0 6 0 3 0 0 0
0 6 0 0 1 0 0 2 0
1 0 4 0 0 0 7 0 5
0 0 0 9 4 8 0 0 0

6 45
5 3 0 0 0 0 0 1 7
0 1 0 0 8 0 0 6 0
0 0 0 1 3 5 0 0 0
0 0 9 0 0 0 2 0 0
0 7 5 0 0 0 3 8 0
0 0 1 0 0 0 7 0 0
0 0 0 2 4 9 0 0 0
0 5 0 0 1 0 0 7 0
2 6 0 0 0 0 0 4 9

6 46
0 0 0 0 7 0 0 0 0
7 0 0 3 0 2 0 0 1
2 0 9 0 0 0 5 0 7
0 6 0 9 0 4 0 3 0
1 0 0 0 2 0 0 0 4
0 4 0 5 0 7 0 8 0
8 0 1 0 0 0 4 0 5
3 0 0 2 0 1 0 0 9
0 0 0 0 6 0 0 0 0

6 47
9 0 0 0 3 0 0 0 7
2 3 0 5 0 1 0 6 9
0 0 1 0 0 0 8 0 0
0 0 0 0 2 0 0 0 0
5 8 0 0 0 0 0 1 6
0 0 2 1 0 9 3 0 0
0 0 0 7 0 4 0 0 0
0 4 0 0 6 0 0 7 0
1 0 0 0 8 0 0 0 3

6 48
0 0 3 7 0 1 9 0 0
0 6 0 0 8 0 0 4 0
0 0 0 0 5 0 0 0 0
9 0 0 4 0 8 0 0 1
0 1 4 0 0 0 3 8 0
6 0 0 2 0 3 0 0 5
0 0 0 0 4 0 0 0 0
0 9 0 0 7 0 0 2 0
0 0 8 1 0 2 6 0 0

6 49
0 0 0 2 9 5 0 0 0
5 0 0 0 0 0 0 0 8
0 1 3 0 0 0 2 5 0
7 0 0 1 0 8 0 0 4
0 0 0 0 2 0 0 0 0
6 0 0 3 0 4 0 0 7
0 8 4 0 0 0 3 1 0
1 0 0 0 0 0 0 0 6
0 0 0 9 4 1 0 0 0

6 50
3 0 0 0 8 0 0 0 7
0 0 4 0 0 0 8 0 0
5 0 0 0 2 0 0 0 1
0 9 0 1 0 6 0 4 0
4 0 2 0 0 0 1 0 3
0 3 0 2 0 9 0 5 0
6 0 0 0 9 0 0 0 2
0 0 7 0 0 0 6 0 0
1 0 0 0 5 0 0 0 9

7 1
7 0 0 8 0 4 0 1 0
0 0 0 0 0 0 3 0 9
1 0 2 0 3 0 0 4 0
0 0 0 0 6 0 0 0 0
0 5 9 0 0 0 8 7 0
0 0 0 0 4 0 0 0 0
0 6 0 0 1 0 7 0 2
2 0 5 0 0 0 0 0 0
0 1 0 2 0 7 0 0 8

7 2
0 2 7 0 0 0 8 6 0
6 0 0 0 1 0 0 0 9
0 4 0 2 0 5 0 7 0
0 0 1 0 2 0 5 0 0
0 0 0 0 0 0 0 0 0
0 0 5 0 3 0 4 0 0
0 1 0 8 0 3 0 9 0
7 0 0 0 9 0 0 0 4
0 3 2 0 0 0 7 1 0

7 3
0 2 0 0 0 0 0 3 0
0 0 8 0 0 0 5 0 0
0 4 0 8 5 1 0 6 0
4 0 2 0 0 0 1 0 3
0 0 0 0 9 0 0 0 0
1 0 6 0 0 0 7 0 9
0 3 0 9 4 5 0 1 0
0 0 1 0 0 0 9 0 0
0 8 0 0 0 0 0 7 0

7 4
0 0 3 0 0 0 5 0 0
0 1 0 7 0 2 0 3 0
8 0 0 0 1 0 0 0 4
0 3 0 0 0 0 0 8 0
1 0 4 0 3 0 6 0 9
0 2 0 0 0 0 0 7 0
2 0 0 0 6 0 0 0 8
0 9 0 1 0 4 0 5 0
0 0 8 0 0 0 1 0 0

7 5
9 0 3 1 0 2 8 0 4
0 0 1 0 0 0 5 0 0
0 7 0 0 6 0 0 9 0
0 0 0 2 0 6 0 0 0
0 0 9 0 0 0 3 0 0
0 0 0 9 0 8 0 0 0
0 5 0 0 1 0 0 8 0
0 0 2 0 0 0 9 0 0
7 0 8 4 0 3 1 0 6

7 6
0 0 0 0 0 2 0 0 5
0 0 0 6 0 4 0 0 0
0 0 8 1 0 0 3 0 6
5 2 0 0 9 1 4 0 8
0 0 0 0 0 0 0 0 0
1 0 3 4 2 0 0 5 9
6 0 1 0 0 8 7 0 0
0 0 0 5 0 3 0 0 0
4 0 0 7 0 0 0 0 0

7 7
8 0 0 2 0 7 0 0 4
9 0 2 0 0 0 1 0 5
0 6 0 0 0 0 0 7 0
0 0 5 0 0 0 3 0 0
0 0 0 3 0 8 0 0 0
0 0 6 0 0 0 4 0 0
0 5 0 0 0 0 0 8 0
3 0 1 0 0 0 2 0 7
2 0 0 7 0 9 0 0 6

7 8
4 0 1 0 0 0 9 0 5
0 0 0 0 3 0 0 0 0
0 8 3 0 6 0 0 1 0
2 0 0 4 0 0 0 0 7
0 0 4 0 0 0 1 0 0
8 0 0 0 0 7 0 0 6
0 5 0 0 8 0 2 6 0
0 0 0 0 9 0 0 0 0
1 0 7 0 0 0 8 0 3

7 9
2 0 0 0 1 0 0 0 4
0 3 0 0 0 0 0 7 9
0 1 6 8 0 7 3 0 0
0 0 0 0 0 0 0 8 0
0 0 2 0 6 0 9 0 0
0 5 0 0 0 0 0 0 0
0 0 1 7 0 9 2 4 0
5 4 0 0 0 0 0 3 0
7 0 0 0 3 0 0 0 5

7 10
0 0 1 0 0 9 0 4 5
8 0 2 0 0 0 0 0 0
0 7 0 0 2 0 1 0 9
0 0 6 0 0 0 8 0 0
0 0 0 5 0 4 0 0 0
0 0 3 0 0 0 4 0 0
2 0 4 0 7 0 0 3 0
0 0 0 0 0 0 5 0 2
1 5 0 8 0 0 6 0 0

7 11
2 0 7 0 0 0 0 0 0
0 0 0 0 9 0 0 0 8
3 1 0 0 0 0 9 0 0
0 5 0 4 0 2 0 1 0
1 0 6 0 3 0 8 0 2
0 3 0 1 0 7 0 6 0
0 0 5 0 0 0 0 2 4
6 0 0 0 7 0 0 0 0
0 0 0 0 0 0 3 0 7

7 12
1 3 0 0 0 0 0 5 8
4 0 2 0 0 0 0 0 7
0 0 0 6 0 0 0 3 0
0 0 0 0 8 0 9 0 0
7 2 0 0 0 0 0 4 3
0 0 1 0 9 0 0 0 0
0 1 0 0 0 4 0 0 0
9 0 0 0 0 0 5 0 6
8 5 0 0 0 0 0 2 1

7 13
0 0 3 0 0 0 0 4 0
0 0 2 0 4 0 0 1 0
0 0 5 0 9 0 0 6 0
3 0 0 2 7 4 0 0 5
1 2 8 0 0 0 4 7 6
4 0 0 6 8 1 0 0 2
0 6 0 0 3 0 9 0 0
0 8 0 0 1 0 7 0 0
0 3 0 0 0 0 6 0 0

7 14
0 0 8 0 0 0 9 0 0
0 0 0 0 2 0 0 0 0
7 0 0 4 1 9 0 0 6
0 2 0 0 4 0 0 5 0
0 3 0 2 0 6 0 9 0
0 4 0 0 3 0 0 7 0
6 0 0 1 9 2 0 0 3
0 0 0 0 5 0 0 0 0
0 0 2 0 0 0 8 0 0

7 15
0 0 8 0 7 0 4 0 0
0 0 0 0 0 0 0 0 0
1 0 2 9 0 3 5 0 6
0 0 0 0 5 0 0 7 0
7 2 0 8 0 4 0 9 5
0 6 0 0 3 0 0 0 0
2 0 4 3 0 1 7 0 8
0 0 0 0 0 0 0 0 0
0 0 3 0 8 0 9 0 0

7 16
4 0 7 0 1 0 2 0 3
0 0 0 0 0 0 0 0 0
1 0 2 0 0 0 5 0 7
0 5 0 0 8 0 0 2 0
9 0 0 4 0 7 0 0 1
0 8 0 0 9 0 0 7 0
3 0 5 0 0 0 4 0 6
0 0 0 0 0 0 0 0 0
2 0 6 0 3 0 1 0 8

7 17
0 0 3 0 0 7 4 0 0
0 7 0 0 0 0 0 9 0
1 0 0 4 6 3 0 0 2
0 0 4 0 0 0 2 0 0
0 0 5 0 2 0 6 0 0
0 0 7 0 0 0 5 0 0
6 0 0 7 1 8 0 0 5
0 9 0 0 0 0 0 1 0
0 0 1 3 0 0 8 0 0

7 18
2 0 8 0 9 0 6 0 1
0 6 0 2 0 8 0 5 0
7 0 0 0 0 0 0 0 0
0 5 0 0 0 0 0 3 0
3 0 0 0 0 0 0 0 7
0 1 0 0 0 0 0 4 0
0 0 0 0 0 0 0 0 3
0 8 0 7 0 6 0 1 0
9 0 2 0 1 0 7 0 4

7 19
8 0 0 0 1 0 0 0 3
7 0 0 2 0 6 0 0 1
0 0 0 0 4 0 0 0 0
0 6 0 1 0 5 0 7 0
0 0 3 0 0 0 1 0 0
0 1 0 9 0 3 0 4 0
0 0 0 0 5 0 0 0 0
6 0 0 7 0 4 0 0 9
1 0 0 0 2 0 0 0 8

7 20
5 0 0 2 4 6 1 0 7
0 0 0 0 0 0 0 0 0
0 0 3 0 1 0 5 0 0
9 0 0 0 0 0 0 0 3
4 1 0 0 6 0 0 7 8
2 0 0 0 0 0 0 0 5
0 0 7 0 9 0 8 0 0
0 0 0 0 0 0 0 0 0
6 0 1 3 8 5 0 0 9

7 21
0 0 0 9 0 1 0 5 0
0 3 0 8 0 7 0 0 0
9 7 0 2 0 4 0 0 0
0 0 8 0 0 0 2 0 0
3 0 0 5 0 6 0 0 4
0 0 1 0 0 0 5 0 0
0 0 0 6 0 8 0 1 5
0 0 0 7 0 5 0 9 0
0 6 0 3 0 9 0 0 0

7 22
6 0 0 0 4 0 0 0 1
0 7 0 0 0 0 2 0 0
0 0 1 0 3 5 8 9 0
0 1 0 6 2 0 0 0 0
7 0 6 3 0 4 1 0 5
0 0 0 0 5 1 0 6 0
0 3 2 5 1 0 9 0 0
0 0 5 0 0 0 0 8 0
4 0 0 0 8 0 0 0 2

7 23
0 0 0 1 7 4 0 0 0
0 1 2 0 0 8 4 0 0
0 3 0 0 0 0 0 0 0
9 4 0 3 0 0 0 0 5
3 0 0 0 0 0 0 0 6
6 0 0 0 0 9 0 8 7
0 0 0 0 0 0 0 5 0
0 0 3 2 0 0 6 1 0
0 0 0 4 5 1 0 0 0

7 24
0 8 0 0 0 3 5 0 0
0 0 4 0 2 0 0 0 1
9 0 0 4 0 0 7 0 0
5 0 1 0 0 0 0 0 7
0 3 0 2 0 9 0 5 0
6 0 0 0 0 0 9 0 8
0 0 6 0 0 1 0 0 5
1 0 0 0 7 0 2 0 0
0 0 3 5 0 0 0 8 0

7 25
0 5 0 0 0 4 0 0 0
0 0 7 6 5 0 0 1 3
0 0 0 0 0 0 0 9 0
0 1 0 0 0 5 0 6 0
4 0 2 7 0 9 1 0 8
0 7 0 2 0 0 0 4 0
0 3 0 0 0 0 0 0 0
1 2 0 0 7 6 5 0 0
0 0 0 8 0 0 0 7 0

7 26
5 0 2 0 4 0 3 0 1
0 0 0 0 0 0 0 0 0
4 0 0 1 0 6 0 0 5
0 0 4 0 2 0 8 0 0
8 0 0 0 0 0 0 0 9
0 0 5 0 3 0 7 0 0
6 0 0 7 0 2 0 0 8
0 0 0 0 0 0 0 0 0
1 0 9 0 8 0 2 0 7

7 27
0 0 0 4 0 6 0 0 0
0 3 0 1 0 2 0 4 0
0 0 7 5 0 0 3 0 0
2 9 3 0 0 0 0 1 8
0 0 0 0 2 0 0 0 0
1 8 0 0 0 0 7 2 6
0 0 9 0 0 4 8 0 0
0 6 0 7 0 3 0 5 0
0 0 0 9 0 5 0 0 0

7 28
0 0 0 0 9 0 0 0 0
0 1 0 3 0 2 0 5 0
7 6 0 0 0 0 0 4 0
0 0 0 0 3 0 6 8 2
0 0 0 1 0 9 0 0 0
6 4 3 0 5 0 0 0 0
0 3 0 0 0 0 0 2 8
0 9 0 8 0 7 0 1 0
0 0 0 0 1 0 0 0 0

7 29
0 0 0 3 0 6 0 0 0
0 5 8 1 0 0 9 3 0
0 0 0 2 5 0 6 0 0
0 0 0 9 0 0 8 0 0
0 6 0 7 0 1 0 4 0
0 0 4 0 0 5 0 0 0
0 0 3 0 8 9 0 0 0
0 8 1 0 0 2 5 7 0
0 0 0 4 0 7 0 0 0

7 30
0 0 0 0 0 7 0 0 0
0 0 1 0 4 9 0 2 0
7 3 9 0 2 0 0 0 0
0 6 0 8 0 5 0 7 4
0 1 2 0 0 0 8 3 0
8 4 0 2 0 3 0 1 0
0 0 0 0 5 0 1 6 7
0 5 0 7 8 0 9 0 0
0 0 0 9 0 0 0 0 0

7 31
0 0 0 2 0 5 0 0 0
0 6 1 0 4 0 5 3 0
9 7 0 0 1 0 0 0 0
3 0 0 0 0 0 0 0 5
0 2 0 9 0 4 0 1 0
1 0 0 0 0 0 0 0 8
0 0 0 0 6 0 0 2 4
0 1 8 0 2 0 9 7 0
0 0 0 7 0 9 0 0 0

7 32
0 0 0 1 0 8 0 0 0
0 3 9 0 0 0 4 5 0
0 1 4 0 0 5 0 2 0
0 0 0 8 0 0 0 0 0
6 2 0 7 0 1 0 4 9
0 0 0 0 0 9 0 0 0
0 4 0 2 0 0 6 1 0
0 5 3 0 0 0 9 7 0
0 0 0 9 0 7 0 0 0

7 33
1 9 0 0 0 0 0 0 2
0 0 6 0 0 0 0 0 3
0 0 8 0 5 0 0 1 0
0 7 5 4 0 1 2 6 0
0 6 0 0 0 0 0 3 0
0 1 3 9 0 2 8 7 0
0 0 1 0 7 0 0 9 0
0 0 4 0 0 0 0 0 8
7 3 0 0 0 0 0 0 6

7 34
3 1 0 0 7 0 0 8 6
0 0 7 8 0 6 1 0 0
0 0 4 0 0 0 2 0 0
0 4 0 0 0 0 0 2 0
9 2 0 0 0 0 0 5 8
0 6 0 0 0 0 0 7 0
0 0 1 0 0 0 8 0 0
0 0 6 2 0 1 9 0 0
4 9 0 0 5 0 0 1 3

7 35
0 0 0 9 0 7 0 0 0
0 5 0 0 0 0 0 3 0
2 0 3 8 0 4 1 0 6
0 0 7 0 0 0 8 0 0
0 0 1 4 9 8 2 0 0
3 8 0 0 7 0 0 1 4
0 0 2 0 1 0 7 0 0
0 0 0 0 8 0 0 0 0
0 1 5 0 0 0 9 6 0

7 36
0 0 9 0 0 0 8 0 0
0 5 0 4 3 8 0 1 0
0 0 6 0 0 0 2 0 0
4 0 0 9 2 0 0 0 7
0 9 0 7 5 0 0 3 0
7 0 0 1 8 0 0 0 9
0 0 3 0 0 0 7 0 0
0 1 0 6 7 9 0 2 0
0 0 4 0 0 0 6 0 0

7 37
0 0 0 1 0 7 0 0 0
1 5 3 0 8 0 6 9 0
7 0 0 0 0 0 2 0 0
0 0 0 4 0 1 0 0 2
4 0 9 3 0 0 0 8 0
0 0 0 8 0 5 0 0 9
9 0 0 0 0 0 4 0 0
2 8 4 0 3 0 1 7 0
0 0 0 6 0 8 0 0 0

7 38
0 0 0 5 4 3 0 0 0
0 8 0 0 0 0 0 1 0
0 3 0 6 0 1 0 2 0
5 0 0 0 6 0 0 0 9
0 7 0 0 9 0 0 6 0
1 6 0 0 2 0 0 5 4
0 0 2 7 0 8 1 0 0
0 0 1 2 0 9 6 0 0
0 5 0 0 0 0 0 7 0

7 39
0 9 2 6 0 0 0 0 0
0 0 1 5 0 3 7 9 0
8 0 0 9 7 0 6 0 0
3 0 0 0 0 0 2 0 0
9 0 0 0 0 0 0 0 6
0 0 4 0 0 0 0 0 9
0 0 5 0 2 6 0 0 3
0 7 9 4 0 8 1 0 0
0 0 0 0 0 5 8 2 0

7 40
0 0 1 0 5 0 3 0 0
8 5 0 0 3 0 0 7 1
0 0 6 1 0 7 2 0 0
2 0 0 0 0 0 0 0 7
0 0 0 4 0 8 0 0 0
4 0 0 0 0 0 0 0 9
0 0 2 6 0 1 4 0 0
9 1 0 0 2 0 0 5 6
0 0 3 0 7 0 1 0 0

7 41
3 0 0 0 0 0 0 0 4
0 9 6 0 0 0 3 5 0
7 0 0 0 0 0 0 0 8
0 3 7 4 0 2 8 1 0
0 0 2 0 1 0 4 0 0
0 4 8 3 0 7 6 9 0
5 0 0 0 0 0 0 0 9
0 7 9 0 0 0 5 4 0
8 0 0 0 0 0 0 0 7

7 42
0 0 0 7 0 5 0 0 0
0 6 0 0 0 0 0 9 0
0 8 0 0 0 0 0 1 0
0 5 3 0 9 0 7 8 0
0 0 7 5 8 3 9 0 0
4 0 0 0 0 0 0 0 3
5 0 6 0 0 0 3 0 2
1 7 0 0 0 0 0 4 8
0 0 2 6 0 4 1 0 0

7 43
0 0 0 1 6 4 0 0 0
0 5 6 0 0 0 3 4 0
0 0 8 5 0 3 6 0 0
7 0 0 0 5 0 0 0 4
8 0 0 0 0 0 0 0 9
3 0 0 0 9 0 0 0 7
0 0 3 4 0 2 7 0 0
0 7 9 0 0 0 1 2 0
0 0 0 9 7 8 0 0 0

7 44
0 6 0 2 8 9 0 7 0
8 0 0 0 1 0 0 0 3
0 1 0 0 0 0 0 6 0
4 0 0 0 5 0 0 0 6
1 7 0 0 0 0 0 9 5
3 0 0 0 9 0 0 0 1
0 3 0 0 0 0 0 8 0
6 0 0 0 3 0 0 0 7
0 8 0 5 2 6 0 4 0

7 45
0 0 0 5 6 4 0 0 0
0 0 7 0 0 3 1 0 0
0 9 8 0 0 0 3 6 0
0 0 1 0 3 0 6 0 0
5 0 0 2 0 1 0 0 4
0 0 4 0 5 0 2 0 0
0 2 3 0 0 0 8 9 0
0 0 6 0 0 8 5 0 0
0 0 0 3 7 6 0 0 0

7 46
0 3 0 0 0 0 0 0 7
7 0 9 0 4 2 1 0 0
0 4 1 0 3 0 6 0 0
0 0 7 0 1 9 3 0 0
0 0 0 0 0 0 0 0 0
0 0 6 2 8 0 7 0 0
0 0 8 0 6 0 2 5 0
0 0 4 3 5 0 8 0 1
9 0 0 0 0 0 0 7 0

7 47
0 9 2 0 0 0 0 1 4
0 6 0 0 0 5 3 8 9
0 0 0 3 1 0 0 0 0
4 0 0 8 5 0 0 0 0
0 0 0 0 0 4 0 0 7
6 0 0 9 7 0 0 0 0
0 0 0 4 8 0 0 0 0
0 1 0 0 0 7 6 2 3
0 7 3 0 0 0 0 4 5

7 48
0 0 9 2 0 3 0 0 0
0 0 0 6 0 0 4 0 0
0 0 7 4 8 0 0 6 5
0 0 0 8 0 1 7 0 3
0 0 0 9 0 5 0 0 0
6 0 3 7 0 2 0 0 0
7 3 0 0 2 8 9 0 0
0 0 2 0 0 4 0 0 0
0 0 0 1 0 6 8 0 0

7 49
0 0 2 1 0 9 0 7 0
0 3 0 0 8 0 9 0 0
9 0 0 0 5 3 0 0 0
0 0 0 8 0 2 7 0 0
0 6 0 9 0 1 0 8 0
0 0 7 5 0 4 0 0 0
0 0 0 7 2 0 0 0 3
0 0 4 0 1 0 0 6 0
0 8 0 4 0 5 2 0 0

7 50
0 0 0 7 0 2 0 0 0
0 0 1 3 0 6 4 0 0
0 0 3 0 0 0 6 0 0
0 1 0 0 7 0 0 5 0
0 7 0 9 0 5 0 8 0
0 0 5 0 0 0 9 0 0
0 3 0 1 8 4 0 6 0
5 2 0 0 0 0 0 4 3
1 4 0 0 0 0 0 9 8

8 1
0 0 3 0 4 0 9 0 0
0 0 8 7 0 9 1 0 0
0 0 2 0 5 0 3 0 0
2 0 0 0 0 0 0 0 7
3 4 0 8 0 7 0 1 9
5 0 0 0 0 0 0 0 6
0 0 4 0 9 0 7 0 0
0 0 9 4 0 3 2 0 0
0 0 5 0 8 0 6 0 0

8 2
0 0 0 3 0 4 0 0 0
0 0 0 6 8 7 0 0 0
0 4 8 0 9 0 2 3 0
0 8 0 0 0 0 0 4 0
0 0 1 0 5 0 6 0 0
5 0 0 0 0 0 0 0 9
7 2 0 0 1 0 0 8 3
3 0 4 0 7 0 1 0 2
0 0 9 0 6 0 7 0 0

8 3
0 0 0 0 4 0 5 3 7
0 4 3 0 7 0 8 6 0
6 0 8 0 0 1 0 9 0
0 0 0 3 0 0 0 0 0
9 5 0 0 0 0 0 0 0
0 0 0 7 0 0 0 0 0
7 0 6 0 0 4 0 5 0
0 8 1 0 5 0 9 2 0
0 0 0 0 2 0 6 7 8

8 4
0 0 2 0 0 0 0 0 0
0 0 8 7 0 0 0 0 0
0 0 0 5 3 0 7 8 0
7 0 5 0 4 6 0 1 0
4 6 0 0 0 2 9 5 3
8 0 3 0 5 9 0 4 0
0 0 0 2 1 0 5 9 0
0 0 9 4 0 0 0 0 0
0 0 7 0 0 0 0 0 0

8 5
0 3 8 4 0 1 5 9 0
0 0 0 8 2 3 0 0 0
0 0 0 9 0 5 0 0 0
3 0 7 0 0 0 6 0 5
0 0 0 0 0 0 0 0 0
6 0 1 0 0 0 2 0 4
0 0 0 1 0 9 0 0 0
0 0 0 3 5 2 0 0 0
0 1 5 7 0 6 3 8 0

8 6
7 0 0 4 0 8 9 0 1
0 8 0 0 0 0 7 4 0
0 9 5 0 3 1 2 0 0
0 0 0 0 8 0 0 0 0
5 0 0 0 0 0 0 0 2
0 0 0 0 7 0 0 0 0
0 0 6 1 5 0 3 8 0
0 4 1 0 0 0 0 7 0
9 0 8 3 0 7 0 0 6

8 7
7 8 0 0 0 0 0 1 2
3 1 0 0 0 0 0 4 8
0 0 6 0 0 4 5 0 0
0 0 0 0 1 7 8 0 0
0 0 0 9 0 3 0 0 0
0 0 9 8 2 0 0 0 0
0 0 8 7 0 0 1 0 0
6 2 0 0 0 0 0 8 4
1 5 0 0 0 0 0 3 9

8 8
0 0 0 5 0 3 0 0 0
0 0 0 4 0 2 0 0 0
9 0 0 1 7 8 0 0 6
0 3 0 0 4 0 0 2 0
8 0 4 7 0 6 9 0 3
0 5 0 0 2 0 0 6 0
3 0 0 9 5 1 0 0 7
0 0 0 2 0 4 0 0 0
0 0 0 6 0 7 0 0 0

8 9
0 9 0 0 0 0 0 4 0
0 3 1 0 0 0 5 7 0
5 0 0 1 0 2 0 0 3
6 0 0 7 0 4 0 0 8
0 0 0 2 0 8 0 0 0
4 0 0 6 0 9 0 0 5
9 0 0 3 0 1 0 0 7
0 8 5 0 0 0 2 1 0
0 4 0 0 0 0 0 9 0

8 10
0 0 5 3 8 7 6 0 0
0 0 8 0 0 0 1 0 0
0 0 0 0 9 0 0 0 0
5 2 7 0 1 0 3 6 4
0 0 0 0 0 0 0 0 0
8 3 1 0 4 0 9 7 2
0 0 0 0 2 0 0 0 0
0 0 6 0 0 0 2 0 0
0 0 9 4 3 6 8 0 0

8 11
0 0 5 4 0 0 0 0 3
0 0 1 0 0 2 0 8 7
0 9 0 0 0 0 4 1 6
0 2 7 0 8 0 0 0 0
0 3 0 0 0 0 0 7 0
0 0 0 0 3 0 6 5 0
9 7 6 0 0 0 0 4 0
2 1 0 6 0 0 3 0 0
8 0 0 0 0 9 7 0 0

8 12
0 0 9 0 0 0 5 0 0
0 3 0 0 0 0 0 1 0
1 0 7 0 0 0 8 0 4
0 2 8 0 0 0 3 5 0
7 0 0 2 5 4 0 0 8
0 0 5 0 7 0 1 0 0
0 0 1 0 6 0 2 0 0
9 0 0 0 0 0 0 0 1
0 4 6 0 1 0 9 8 0

8 13
0 3 0 8 0 2 0 4 0
0 8 0 0 0 0 0 1 0
0 0 4 1 9 5 2 0 0
0 0 6 0 0 0 4 0 0
7 0 0 2 0 4 0 0 3
0 0 2 0 0 0 6 0 0
0 0 1 9 3 7 8 0 0
0 2 0 0 0 0 0 6 0
0 5 0 6 0 1 0 7 0

8 14
0 0 0 1 0 8 0 0 0
8 0 0 3 0 7 0 0 4
0 2 1 0 9 0 3 7 0
0 0 7 0 6 0 1 0 0
0 0 0 7 0 2 0 0 0
0 0 6 0 8 0 5 0 0
0 1 5 0 3 0 4 9 0
4 0 0 2 0 1 0 0 5
0 0 0 5 0 9 0 0 0

8 15
4 0 0 7 0 3 0 0 1
0 0 1 0 0 0 0 6 0
0 0 8 0 0 0 0 9 0
0 2 0 1 0 4 5 3 0
0 0 3 0 8 7 0 0 2
0 1 0 2 0 6 8 4 0
0 0 2 0 0 0 0 7 0
0 0 6 0 0 0 0 5 0
7 0 0 9 0 1 0 0 8

8 16
0 0 0 0 5 0 0 4 0
5 3 0 0 0 0 0 0 6
0 6 8 1 3 0 2 7 0
2 0 6 0 0 9 4 0 0
0 0 0 0 0 0 0 0 0
4 0 1 0 0 7 5 0 0
0 7 2 9 6 0 8 5 0
8 1 0 0 0 0 0 0 9
0 0 0 0 7 0 0 2 0

8 17
3 0 0 0 1 0 0 0 4
0 0 0 7 8 9 0 0 0
0 0 7 0 6 0 1 0 0
7 3 0 0 0 0 0 9 8
0 0 2 3 4 5 6 0 0
0 4 0 0 0 0 0 2 0
0 0 9 2 0 6 8 0 0
2 0 0 0 0 0 0 0 5
5 0 0 9 0 8 0 0 6

8 18
7 0 0 0 3 0 0 0 4
0 0 1 6 0 4 8 0 0
2 0 6 0 5 0 7 0 3
0 3 0 0 0 0 0 0 0
0 7 0 9 0 3 0 2 0
0 2 0 0 0 0 0 0 0
8 0 7 0 6 0 9 0 5
0 0 2 5 0 7 1 0 0
9 0 0 0 8 0 0 0 6

8 19
0 0 0 4 0 8 0 0 0
8 0 1 0 7 0 3 0 6
0 0 9 0 1 0 4 0 0
3 8 2 0 0 0 1 9 7
0 0 4 0 0 0 6 0 0
0 7 0 3 0 1 0 5 0
5 0 0 0 0 0 0 0 9
0 9 0 0 8 0 0 6 0
0 0 0 2 5 9 0 0 0

8 20
3 0 0 0 0 0 5 0 6
1 0 0 3 9 2 0 8 0
7 0 8 0 0 4 0 0 0
0 9 0 0 4 0 7 0 0
0 0 0 0 0 0 0 4 5
0 7 0 0 3 0 8 0 0
4 0 3 0 0 7 0 0 0
9 0 0 8 1 3 0 7 0
6 0 0 0 0 0 2 0 1

8 21
4 0 0 9 0 1 0 0 0
0 1 0 5 7 6 0 0 0
6 0 5 0 0 0 2 0 0
0 3 0 1 0 0 0 2 0
8 0 7 0 0 0 5 0 3
0 2 0 0 0 7 0 4 0
0 0 3 0 0 0 4 0 2
0 0 0 7 5 3 0 8 0
0 0 0 2 0 8 0 0 9

8 22
9 0 4 0 8 0 6 0 1
0 0 0 4 1 3 0 0 0
0 0 3 0 5 0 8 0 0
7 0 0 0 0 0 0 0 5
0 1 0 7 0 8 0 6 0
3 0 0 0 0 0 0 0 4
0 0 9 0 7 0 3 0 0
0 0 0 6 3 2 0 0 0
2 0 8 0 9 0 7 0 6

8 23
0 0 0 0 6 0 1 2 3
0 0 1 7 4 0 0 8 0
5 9 0 0 0 1 0 0 0
0 8 4 0 0 0 5 0 0
3 0 0 0 0 9 0 0 0
0 1 6 0 0 0 3 0 0
2 6 0 0 0 8 0 0 0
0 0 9 2 7 0 0 3 0
0 0 0 0 5 0 2 7 9

8 24
2 0 6 0 4 0 8 0 3
0 1 0 8 0 6 0 4 0
5 0 0 0 0 0 0 0 7
0 0 7 0 0 0 4 0 0
0 2 0 9 0 3 0 7 0
0 0 9 0 0 0 3 0 0
8 0 0 0 0 0 0 0 9
0 3 0 5 0 7 0 1 0
6 0 1 0 9 0 7 0 4

8 25
6 2 0 0 1 0 8 3 0
0 0 3 0 0 4 0 0 0
1 0 0 7 0 0 6 0 4
0 9 0 0 8 0 0 0 0
3 5 1 0 9 0 0 0 0
0 6 0 0 5 0 0 0 0
8 0 0 2 0 0 7 0 9
0 0 5 0 0 6 0 0 0
7 1 0 0 4 0 5 6 0

8 26
0 3 0 0 0 0 6 0 0
4 0 0 0 0 0 0 7 0
2 0 1 0 7 8 9 0 5
0 0 6 7 0 2 8 0 0
0 0 9 0 0 0 1 0 0
0 0 2 4 0 3 7 0 0
1 0 3 5 8 0 4 0 6
0 9 0 0 0 0 0 0 8
0 0 8 0 0 0 0 9 0

8 27
0 0 8 6 0 3 1 0 0
0 0 1 0 4 0 5 0 0
4 0 0 0 0 0 0 0 8
0 9 6 0 0 0 2 8 0
7 2 0 0 0 0 0 5 6
0 5 4 0 0 0 9 3 0
3 0 0 0 0 0 0 0 2
0 0 7 0 9 0 8 0 0
0 0 9 1 0 7 3 0 0

8 28
0 0 0 0 1 0 0 6 0
0 0 0 2 0 0 0 4 3
0 7 9 0 0 3 0 0 0
4 8 0 0 5 0 9 0 7
9 0 0 0 7 0 0 1 4
3 1 0 0 6 0 5 0 8
0 3 4 0 0 6 0 0 0
0 0 0 9 0 0 0 7 2
0 0 0 0 8 0 0 5 0

8 29
0 0 0 4 0 8 0 0 0
0 0 1 2 0 5 6 0 0
3 0 0 0 1 0 0 0 9
0 0 6 1 0 3 7 0 0
0 7 8 0 0 0 3 5 0
0 0 9 5 0 4 8 0 0
2 0 0 0 4 0 0 0 7
0 0 3 8 0 7 2 0 0
0 0 0 6 0 9 0 0 0

8 30
0 0 1 2 0 0 0 4 0
9 0 0 0 0 0 0 0 0
2 8 0 0 6 3 0 1 0
0 0 0 0 0 8 7 0 4
8 0 5 7 0 0 0 9 0
0 0 0 0 0 4 3 0 5
4 5 0 0 9 6 0 3 0
7 0 0 0 0 0 0 0 0
0 0 6 8 0 0 0 5 0

8 31
0 0 1 5 0 0 0 9 3
0 0 8 0 0 0 5 1 0
0 5 3 0 1 6 0 0 0
0 7 0 0 0 0 6 4 0
9 0 0 0 2 0 0 0 0
0 1 0 0 0 0 7 3 0
0 8 2 0 3 4 0 0 0
0 0 7 0 0 0 3 5 0
0 0 9 6 0 0 0 2 7

8 32
0 0 0 8 0 6 0 0 0
0 0 7 0 3 0 2 0 0
0 0 9 2 0 7 8 0 0
2 9 0 0 0 0 0 6 4
0 8 0 0 4 0 0 9 0
1 3 0 0 0 0 0 5 8
0 0 8 1 0 5 4 0 0
0 0 2 0 9 0 5 0 0
0 0 0 7 0 4 0 0 0

8 33
0 0 0 4 0 0 0 5 0
3 2 0 1 7 5 0 0 0
8 0 0 0 9 0 7 2 0
0 0 4 0 0 0 1 0 5
0 0 0 9 6 0 0 0 0
0 0 3 0 0 0 8 0 6
5 0 0 0 1 0 3 8 0
7 1 0 8 3 9 0 0 0
0 0 0 6 0 0 0 1 0

8 34
0 0 0 1 0 9 0 5 3
0 0 0 0 3 0 0 0 0
0 0 0 7 8 0 6 1 9
3 0 0 0 0 0 2 0 1
5 7 0 0 0 0 0 9 4
2 0 9 0 0 0 0 0 8
1 4 8 0 5 6 0 0 0
0 0 0 0 9 0 0 0 0
7 9 0 4 0 1 0 0 0

8 35
5 0 8 0 0 0 9 0 7
0 7 3 0 9 0 8 1 0
0 1 0 3 0 7 0 6 0
0 5 0 0 0 0 0 2 0
8 0 0 6 0 9 0 0 1
0 9 0 0 0 0 0 4 0
0 3 0 5 0 6 0 8 0
0 6 5 0 1 0 7 9 0
2 0 1 0 0 0 4 0 6

8 36
0 4 0 0 8 0 0 2 0
0 0 5 0 0 0 9 0 0
0 0 8 0 9 0 7 0 0
5 8 0 3 0 7 0 6 9
0 0 3 0 0 0 2 0 0
4 2 0 9 0 1 0 8 5
0 0 2 0 1 0 6 0 0
0 0 9 0 0 0 8 0 0
0 7 0 0 3 0 0 9 0

8 37
0 8 0 3 0 0 0 0 7
0 0 0 0 1 0 8 0 9
7 0 0 6 0 0 0 3 0
0 1 2 0 3 5 0 4 0
0 0 0 4 0 6 0 0 0
0 6 0 1 7 0 3 5 0
0 9 0 0 0 3 0 0 8
3 0 5 0 9 0 0 0 0
1 0 0 0 0 2 0 9 0

8 38
1 0 0 0 0 0 0 0 5
2 0 7 0 0 0 8 0 1
4 0 0 6 0 2 0 0 3
0 3 0 7 0 4 0 9 0
0 7 0 0 9 0 0 8 0
0 0 4 0 0 0 7 0 0
7 0 0 0 0 0 0 0 8
6 8 0 0 5 0 0 3 9
0 0 5 1 0 9 6 0 0

8 39
0 3 0 7 0 0 0 6 0
0 0 1 0 0 3 5 0 0
0 0 7 2 8 4 0 1 0
3 0 0 0 0 0 0 0 9
0 7 0 9 0 1 0 3 0
9 0 0 0 0 0 0 0 4
0 5 0 3 6 2 8 0 0
0 0 6 1 0 0 3 0 0
0 9 0 0 0 8 0 2 0

8 40
0 0 3 0 0 0 6 0 0
1 6 7 0 2 0 9 8 5
4 0 0 5 0 8 0 0 3
0 2 0 0 0 0 0 9 0
0 0 1 7 0 9 2 0 0
0 5 0 0 0 0 0 1 0
2 0 0 9 0 5 0 0 8
8 1 5 0 4 0 7 6 9
0 0 9 0 0 0 5 0 0

8 41
0 3 0 0 0 0 0 0 1
0 0 5 0 7 6 0 2 0
2 0 0 0 0 0 6 0 0
8 0 2 4 0 3 7 1 9
5 9 0 0 1 0 0 3 0
3 0 1 9 0 8 4 6 5
4 0 0 0 0 0 5 0 0
0 0 7 0 8 9 0 4 0
0 8 0 0 0 0 0 0 7

8 42
0 0 0 4 0 3 0 0 0
4 0 6 0 5 0 3 0 8
0 2 0 0 1 0 0 9 0
0 0 0 5 2 8 0 0 0
2 8 0 0 0 0 0 7 9
0 0 0 7 6 9 0 0 0
0 7 0 0 4 0 0 5 0
9 0 1 0 8 0 2 0 7
0 0 0 3 0 2 0 0 0

8 43
0 0 5 0 0 0 3 0 0
0 0 9 1 0 2 5 0 0
2 4 0 0 8 0 0 6 1
4 0 0 0 0 0 0 0 2
0 0 6 0 0 0 7 0 0
0 0 0 4 0 3 0 0 0
6 0 0 0 2 0 0 0 7
3 0 0 8 1 7 0 0 6
1 2 0 0 0 0 0 3 9

8 44
0 0 4 0 0 0 5 0 0
0 8 0 0 3 0 0 6 0
6 0 0 0 8 0 0 0 1
0 0 3 9 4 6 1 0 0
8 2 0 0 0 0 0 4 7
0 0 1 2 7 8 9 0 0
7 0 0 0 1 0 0 0 4
0 9 0 0 6 0 0 5 0
0 0 2 0 0 0 7 0 0

8 45
0 0 6 0 1 0 2 0 0
4 0 0 0 0 0 0 0 1
0 2 9 6 0 3 5 4 0
0 0 2 0 0 0 4 0 0
0 0 7 0 5 0 8 0 0
0 0 3 0 0 0 7 0 0
0 9 1 4 0 8 6 3 0
6 0 0 0 0 0 0 0 8
0 0 8 0 2 0 9 0 0

8 46
1 4 0 0 0 0 5 0 8
0 0 0 8 0 2 0 0 0
3 0 0 1 5 7 0 0 6
0 9 0 0 0 0 0 3 0
0 0 7 6 0 9 2 0 0
0 3 0 0 0 0 0 8 0
6 0 0 7 1 4 0 0 9
0 0 0 2 0 3 0 0 0
4 7 0 0 0 0 8 0 2

8 47
5 2 8 0 0 4 0 0 0
1 9 0 0 0 0 0 5 7
0 0 0 0 0 0 8 3 2
0 0 0 3 0 6 0 0 0
0 0 4 0 1 0 6 0 0
0 0 0 9 0 8 0 0 0
6 7 1 0 0 0 0 0 0
2 3 0 0 0 0 0 4 6
0 0 0 5 0 0 2 1 3

8 48
2 0 0 0 9 0 0 0 0
0 3 0 0 2 1 0 0 0
0 1 0 3 0 4 9 0 0
0 0 1 0 0 0 6 9 0
9 0 2 0 6 0 0 3 5
0 0 3 0 0 0 1 7 0
0 6 0 8 0 5 2 0 0
0 2 0 0 1 7 0 0 0
8 0 0 0 4 0 0 0 0

8 49
0 0 0 2 7 4 0 0 0
0 0 2 0 1 0 6 0 0
0 0 1 3 5 6 4 0 0
0 4 0 8 0 5 0 7 0
9 1 0 0 0 0 0 6 8
0 2 0 6 0 1 0 3 0
0 0 9 1 6 2 7 0 0
0 0 7 0 4 0 1 0 0
0 0 0 7 8 9 0 0 0

8 50
7 0 0 0 9 0 0 0 8
9 0 0 0 0 0 0 0 4
0 3 0 0 0 0 0 6 0
6 0 7 0 0 0 9 0 3
8 0 0 5 0 4 0 0 1
5 1 3 0 0 0 8 4 2
0 7 6 0 1 0 3 9 0
0 0 8 0 0 0 2 0 0
0 0 0 6 0 5 0 0 0

9 1
9 0 8 0 0 0 3 0 6
0 2 0 8 1 3 0 9 0
0 0 0 0 9 0 0 0 0
4 0 0 7 8 1 0 0 9
0 8 0 0 5 0 0 2 0
5 0 0 2 3 4 0 0 8
0 0 0 0 6 0 0 0 0
0 3 0 9 4 8 0 7 0
2 0 9 0 0 0 6 0 3

9 2
9 0 0 4 0 6 0 0 5
2 6 3 0 8 0 9 1 4
0 0 5 0 0 0 6 0 0
0 0 0 3 0 9 0 0 0
0 3 0 6 0 8 0 9 0
0 0 6 0 0 0 8 0 0
0 7 0 0 0 0 0 4 0
4 0 9 0 3 0 5 0 7
6 0 0 7 0 4 0 0 8

9 3
0 0 8 0 0 0 4 0 0
0 0 0 5 0 1 0 0 0
7 0 0 0 9 0 0 0 8
0 8 0 2 0 4 0 6 0
0 5 0 0 1 0 0 2 0
3 0 2 6 0 9 1 0 4
0 0 9 0 6 0 7 0 0
1 4 0 0 0 0 0 3 5
0 0 0 3 0 8 0 0 0

9 4
0 0 0 0 7 0 0 0 0
4 0 3 0 1 2 0 0 8
0 0 0 6 0 0 1 0 0
1 0 0 4 0 0 3 0 7
0 2 0 0 3 0 0 5 0
6 0 0 7 0 0 2 0 9
0 0 0 1 0 0 8 0 0
2 0 8 0 5 7 0 0 6
0 0 0 0 4 0 0 0 0

9 5
0 2 5 0 0 0 7 3 0
3 0 0 0 6 0 0 0 1
0 0 0 2 0 3 0 0 0
0 3 0 9 0 7 0 8 0
0 0 2 0 0 0 5 0 0
0 1 0 4 0 5 0 9 0
0 0 0 3 0 9 0 0 0
2 0 0 0 1 0 0 0 8
0 7 4 0 0 0 3 1 0

9 6
0 4 0 7 0 1 0 6 0
0 0 2 0 0 0 4 0 0
0 0 0 0 0 0 0 0 0
4 0 3 9 0 2 1 0 6
7 0 6 0 4 0 9 0 2
9 0 1 8 0 6 3 0 5
0 0 0 0 0 0 0 0 0
0 0 5 0 0 0 2 0 0
0 3 0 6 0 7 0 1 0

9 7
3 0 9 0 8 0 4 0 2
0 8 0 7 0 9 0 3 0
0 0 0 0 3 0 0 0 0
8 0 0 3 0 2 0 0 4
0 9 0 0 5 0 0 8 0
2 0 4 8 0 6 5 0 1
0 2 0 9 0 8 0 1 0
0 0 8 5 0 3 9 0 0
0 0 0 4 0 7 0 0 0

9 8
1 0 0 0 0 0 6 0 7
0 8 0 7 0 1 0 4 0
0 3 2 4 0 0 0 1 0
0 0 0 0 0 9 1 0 0
3 1 0 0 4 0 0 2 9
0 0 4 8 0 0 0 0 0
0 2 0 0 0 3 5 6 0
0 9 0 2 0 4 0 3 0
8 0 3 0 0 0 0 0 2

9 9
0 0 3 0 0 0 1 0 0
0 0 6 1 7 2 4 0 0
0 0 0 0 0 0 0 0 0
2 6 0 9 0 1 0 4 5
0 3 0 0 0 0 0 6 0
0 1 0 4 0 8 0 2 0
7 2 0 0 0 0 0 9 4
0 0 1 6 2 4 5 0 0
0 0 4 0 0 0 2 0 0

9 10
0 0 0 0 0 0 0 0 0
0 0 5 0 8 0 1 0 0
0 7 0 3 0 4 0 2 0
2 0 7 0 3 0 6 0 4
0 4 0 7 0 8 0 3 0
0 0 9 0 0 0 2 0 0
0 9 0 8 0 2 0 6 0
4 0 1 0 0 0 7 0 2
0 0 0 6 4 7 0 0 0

9 11
0 0 1 0 0 0 7 0 0
0 2 3 6 0 1 4 5 0
0 0 5 0 0 0 2 0 0
0 0 0 8 0 4 0 0 0
0 1 0 0 7 0 0 3 0
4 8 6 0 2 0 1 9 7
0 7 0 0 0 0 0 2 0
0 0 0 0 9 0 0 0 0
0 5 0 1 3 7 0 4 0

9 12
0 0 0 0 0 0 0 0 0
7 0 4 1 3 5 6 0 2
0 0 0 0 2 0 0 0 0
1 2 8 0 4 0 5 6 7
3 0 0 0 0 0 0 0 4
4 9 6 2 0 7 8 3 1
0 0 0 0 1 0 0 0 0
0 0 0 5 8 4 0 0 0
2 0 0 7 0 3 0 0 8

9 13
3 0 9 0 6 0 0 0 2
0 8 0 2 0 3 0 6 0
4 0 6 0 0 0 0 0 0
0 6 0 4 0 1 0 2 0
9 0 0 0 0 0 0 0 8
0 3 0 8 0 6 0 5 0
0 0 0 0 0 0 7 0 3
0 4 0 3 0 9 0 8 0
2 0 0 0 4 0 1 0 5

9 14
9 0 0 0 2 0 0 0 5
0 2 0 0 0 0 0 3 0
5 0 3 0 7 0 6 0 0
0 0 0 7 0 2 0 0 0
8 0 4 0 1 0 5 0 2
0 0 0 4 0 5 0 0 0
2 0 6 0 5 0 8 0 0
0 7 0 0 0 0 0 6 0
4 0 0 0 3 0 0 0 9

9 15
0 6 0 1 0 0 0 9 3
0 0 8 0 3 0 0 7 0
1 4 0 0 0 0 6 0 8
5 0 9 0 0 8 0 0 0
0 0 0 0 0 0 0 8 0
4 0 1 0 0 6 0 0 0
3 1 0 0 0 0 8 0 2
0 0 5 0 4 0 0 3 0
0 9 0 2 0 0 0 1 6

9 16
0 0 8 1 0 7 2 0 0
0 4 0 8 0 3 0 7 0
3 0 0 4 0 9 0 0 8
0 1 0 0 7 0 0 8 0
0 0 4 0 0 0 5 0 0
0 2 0 0 8 0 0 1 0
1 0 0 7 0 8 0 0 6
0 7 0 5 0 1 0 2 0
0 0 3 2 0 6 7 0 0

9 17
9 0 0 0 0 0 0 0 7
0 1 0 0 3 0 0 4 0
6 0 5 0 0 0 3 0 9
0 7 0 9 5 2 0 1 0
0 0 1 0 4 0 9 0 0
0 9 0 6 1 7 0 5 0
1 0 7 0 0 0 4 0 2
0 5 0 0 8 0 0 6 0
4 0 0 0 0 0 0 0 8

9 18
2 0 0 0 8 0 0 0 5
0 0 4 2 0 7 8 0 0
9 0 0 3 0 1 0 0 0
0 0 3 0 0 0 7 0 0
8 6 0 0 0 0 0 9 3
0 0 2 0 0 0 4 0 0
3 0 0 6 0 8 0 0 0
0 0 8 7 0 9 2 0 0
1 0 0 0 3 0 0 0 8

9 19
0 0 0 4 0 5 0 0 0
0 0 1 0 0 0 6 0 0
0 9 0 3 0 8 0 1 0
1 0 6 0 8 0 3 0 4
0 0 0 0 0 0 0 0 0
8 0 9 0 2 0 1 0 7
0 5 0 8 0 3 0 9 0
0 0 3 0 0 0 8 0 0
0 0 8 2 0 1 4 0 0

9 20
0 3 0 0 0 0 0 1 0
8 0 2 0 7 0 5 0 9
0 1 6 0 0 0 4 0 8
0 0 0 2 0 8 0 4 0
0 0 0 0 0 0 0 0 0
0 6 0 3 0 5 0 0 0
9 0 5 0 0 0 6 7 0
1 0 3 0 4 0 8 0 2
0 8 0 0 0 0 0 5 0

9 21
0 5 1 0 0 4 0 0 8
0 4 7 8 0 0 9 1 0
0 0 0 0 0 0 2 0 0
0 2 0 3 0 0 0 6 0
6 0 0 0 0 0 0 0 5
0 9 0 0 0 8 0 2 0
0 0 9 0 0 0 0 0 0
0 8 2 0 0 5 6 7 0
7 0 0 9 0 0 5 4 0

9 22
0 1 0 7 0 9 0 6 0
6 0 9 0 0 0 3 0 1
0 3 0 0 4 0 0 9 0
1 0 0 4 0 5 0 0 3
0 0 5 0 0 0 9 0 0
3 0 0 9 0 8 0 0 5
0 4 0 0 7 0 0 3 0
0 0 3 0 0 0 1 0 0
9 5 0 1 0 3 0 2 4

9 23
4 0 0 0 6 0 0 0 8
0 7 3 0 0 0 6 2 0
0 0 0 4 0 7 0 0 0
0 0 0 5 3 6 0 0 0
0 2 0 0 0 0 0 9 0
7 0 0 9 0 4 0 0 6
0 0 8 0 0 0 3 0 0
0 6 0 3 0 2 0 8 0
3 4 0 0 1 0 0 6 2

9 24
0 0 0 0 0 0 0 0 0
0 8 1 0 4 0 3 7 0
0 0 4 0 5 0 6 0 0
0 0 7 0 6 0 2 0 0
9 5 2 0 3 0 1 4 6
3 0 0 0 0 0 0 0 7
1 0 0 0 0 0 0 0 2
0 2 0 0 0 0 0 3 0
0 0 6 9 2 3 7 0 0

9 25
0 0 0 4 0 9 0 0 0
0 1 0 0 2 0 4 0 0
7 0 0 0 0 3 0 2 0
3 0 2 1 0 5 6 0 0
0 6 0 0 0 0 0 0 9
1 0 4 3 0 8 7 0 0
2 0 0 0 0 4 0 3 0
0 3 0 0 7 0 8 0 0
0 0 0 6 0 1 0 0 0

9 26
0 0 0 0 0 0 0 0 0
0 0 8 0 1 0 6 0 0
0 4 0 2 0 6 0 1 0
5 0 7 0 4 0 3 0 8
0 1 0 8 0 3 0 7 0
8 0 6 0 5 0 1 0 9
0 2 0 1 0 9 0 8 0
0 0 1 0 3 0 9 0 0
0 0 0 0 0 0 0 0 0

9 27
0 1 3 0 0 0 2 4 0
0 0 8 0 0 0 9 0 0
0 2 0 9 0 3 0 8 0
0 0 0 1 0 2 0 0 0
1 5 0 0 4 0 0 9 2
0 0 0 6 0 8 0 0 0
0 0 7 0 0 0 6 0 0
0 0 1 0 0 0 3 0 0
5 8 9 0 0 0 7 1 4

9 28
0 0 0 7 6 0 0 0 0
0 0 9 0 0 2 0 8 0
3 7 0 0 1 0 5 0 2
1 0 0 2 0 4 0 0 0
0 4 0 0 8 0 0 0 0
7 0 0 5 0 6 0 0 0
4 8 0 0 2 0 3 0 5
0 0 1 0 0 3 0 9 0
0 0 0 6 4 0 0 0 0

9 29
0 3 0 0 0 0 0 8 0
0 0 1 0 6 0 0 5 4
0 0 0 2 0 9 0 0 3
1 4 0 0 0 0 7 0 0
0 0 9 0 0 0 5 0 0
0 0 8 0 0 0 0 3 9
9 0 0 5 0 7 0 0 0
8 6 0 0 1 0 4 0 0
0 2 0 0 0 0 0 1 0

9 30
0 0 0 0 0 0 3 5 0
0 1 0 3 8 0 0 2 0
6 0 0 7 0 0 0 0 1
0 4 9 0 0 0 0 0 6
0 0 0 0 0 3 0 7 0
0 7 1 0 0 0 0 0 3
9 0 0 4 0 0 0 0 2
0 5 0 1 9 0 0 8 0
0 0 0 0 0 0 5 6 0

9 31
0 3 0 0 0 4 0 1 0
0 0 1 0 0 0 8 0 9
0 0 0 6 0 0 0 2 0
5 0 0 0 7 0 1 0 0
0 9 0 5 0 1 0 6 0
0 0 7 0 2 0 0 0 4
0 1 0 0 0 7 0 0 0
3 0 8 0 0 0 5 0 0
0 5 0 9 0 0 0 8 0

9 32
0 0 6 0 1 0 0 0 0
0 3 0 0 0 4 2 0 0
1 0 0 9 0 0 0 7 0
0 0 2 3 0 0 0 0 6
0 1 0 2 0 7 0 9 0
5 0 0 0 0 8 3 0 0
0 7 0 0 0 6 0 0 8
0 0 1 8 0 0 0 4 0
0 0 0 0 5 0 9 0 0

9 33
0 0 3 0 0 1 7 2 0
0 2 0 0 5 0 0 0 3
0 0 1 9 0 0 0 4 0
4 0 0 0 1 0 3 0 0
0 0 8 0 0 0 0 0 0
3 0 0 0 7 0 8 0 0
0 0 7 1 0 0 0 5 0
0 6 0 0 4 0 0 0 9
0 0 2 0 0 9 6 8 0

9 34
0 9 0 0 0 2 0 0 4
6 0 3 0 0 0 0 7 0
0 0 0 8 0 0 5 0 0
0 2 0 4 0 5 0 8 0
4 0 6 0 8 0 0 0 1
0 5 0 1 0 6 0 3 0
0 0 0 6 0 0 7 0 0
7 0 4 0 0 0 0 1 0
0 1 0 0 0 9 0 0 5

9 35
0 0 0 4 2 0 0 0 0
0 9 0 1 0 0 3 7 0
0 0 6 0 0 0 4 1 0
3 1 0 0 0 4 0 0 0
5 0 0 0 9 0 0 0 8
0 0 0 6 0 0 0 3 5
0 8 1 0 0 0 5 0 0
0 2 5 0 0 1 0 9 0
0 0 0 0 7 6 0 0 0

9 36
6 0 0 0 0 0 0 5 0
3 0 5 7 0 0 1 0 9
0 0 7 0 0 2 0 0 6
0 8 0 0 0 0 0 0 0
4 0 0 6 0 3 0 0 1
0 0 0 0 0 0 0 3 0
2 0 0 1 0 0 7 0 0
1 0 8 0 0 9 4 0 5
0 6 0 0 0 0 0 0 2

9 37
0 0 0 0 0 9 0 0 0
0 0 9 3 4 0 2 0 0
0 6 0 0 8 0 0 5 0
3 0 0 0 2 0 5 0 0
8 0 0 5 0 1 0 0 4
0 0 1 0 3 0 0 0 7
0 7 0 0 1 0 0 3 0
0 0 5 0 6 3 8 0 0
0 0 0 9 0 0 0 0 0

9 38
3 0 0 0 4 0 0 0 5
0 0 0 6 0 9 0 0 0
0 0 8 0 5 0 7 0 0
8 0 0 3 0 7 0 0 1
0 4 0 0 1 0 0 3 0
9 0 0 4 0 2 0 0 7
0 0 5 0 6 0 8 0 0
0 0 0 9 0 4 0 0 0
6 0 0 0 2 0 0 0 3

9 39
0 0 0 0 3 0 0 7 0
0 5 0 7 0 9 0 0 2
7 0 9 0 0 0 5 0 1
0 0 0 4 0 5 0 9 0
0 4 0 0 0 0 0 0 0
0 0 0 2 0 6 0 3 0
1 0 6 0 0 0 8 0 7
0 8 0 1 0 2 0 0 6
0 0 0 0 4 0 0 1 0

9 40
3 1 0 0 0 0 0 7 0
6 0 0 0 0 2 5 0 0
0 0 0 9 7 0 0 0 8
0 5 1 0 0 0 2 0 0
8 0 0 0 1 0 0 0 6
0 0 7 0 0 0 3 5 0
1 0 0 0 4 6 0 0 0
0 0 6 7 0 0 0 0 9
0 8 0 0 0 0 0 6 4

9 41
0 0 0 0 0 0 4 2 0
0 0 8 6 0 2 9 0 1
0 9 3 0 0 0 0 7 0
0 0 0 0 0 6 0 0 0
6 0 2 0 0 0 3 0 5
0 0 0 9 0 0 0 0 0
0 7 0 0 0 0 1 8 0
9 0 4 3 0 1 6 0 0
0 5 1 0 0 0 0 0 0

9 42
3 0 0 0 1 0 0 0 2
0 9 0 0 0 7 5 1 0
0 0 2 0 0 0 0 0 0
0 0 8 5 0 0 0 0 7
0 5 0 0 2 0 0 4 0
6 0 0 0 0 9 1 0 0
0 0 0 0 0 0 3 0 0
0 2 4 8 0 0 0 9 0
1 0 0 0 9 0 0 0 6

9 43
0 3 0 0 1 0 0 5 0
7 0 0 9 0 0 3 0 0
0 0 1 0 0 6 0 0 7
0 8 0 0 3 0 0 4 0
1 0 0 2 0 0 9 0 0
0 5 0 0 8 0 0 7 0
0 0 3 0 0 8 0 0 5
2 0 0 4 0 0 1 0 0
0 6 0 0 2 0 0 3 0

9 44
8 3 0 0 5 0 0 6 9
0 0 7 0 0 0 5 0 0
0 4 0 0 1 0 0 2 0
0 0 0 9 0 4 0 0 0
0 0 4 0 3 0 7 0 0
0 0 0 6 0 1 0 0 0
0 1 0 0 4 0 0 7 0
0 0 5 0 0 0 8 0 0
6 2 0 0 9 0 0 1 3

9 45
0 0 0 0 0 0 0 1 5
7 3 0 0 0 1 4 0 0
1 0 0 2 9 0 0 0 6
0 0 4 3 0 0 0 9 0
0 0 0 0 0 0 0 0 0
0 6 0 0 0 2 7 0 0
8 0 0 0 1 5 0 0 3
0 0 7 4 0 0 0 2 8
3 4 0 0 0 0 0 0 0

9 46
3 2 0 0 0 1 5 0 0
1 0 0 8 0 0 0 2 0
0 0 4 0 6 0 0 0 9
0 4 0 0 0 6 0 0 0
7 0 0 0 9 0 0 0 3
0 0 0 2 0 0 0 8 0
5 0 0 0 1 0 3 0 0
0 9 0 0 0 7 0 0 1
0 0 1 4 0 0 0 9 6

9 47
0 0 0 0 3 1 8 0 0
0 0 0 7 0 0 0 0 2
0 0 6 0 0 0 1 0 5
0 9 0 0 0 3 0 0 4
1 0 0 0 2 0 0 0 7
4 0 0 1 0 0 0 3 0
8 0 3 0 0 0 9 0 0
6 0 0 0 0 5 0 0 0
0 0 9 8 4 0 0 0 0

9 48
0 1 7 3 0 0 0 0 9
5 0 0 0 8 0 0 1 0
0 2 0 0 0 0 6 0 5
0 0 4 0 0 1 0 0 0
0 0 0 2 7 0 0 3 0
0 0 3 0 0 4 0 0 0
0 3 0 0 0 0 9 0 6
8 0 0 0 4 0 0 2 0
0 4 6 1 0 0 0 0 7

9 49
0 0 0 6 0 0 8 0 0
0 0 8 0 5 0 9 1 0
0 1 0 0 0 7 0 5 0
0 7 0 0 0 3 0 0 5
3 0 0 0 4 0 0 0 6
1 0 0 2 0 0 0 9 0
0 4 0 5 0 0 0 3 0
0 2 9 0 1 0 7 0 0
0 0 1 0 0 4 0 0 0

9 50
0 3 0 0 0 0 0 6 0
0 0 0 8 6 7 0 0 0
5 0 0 9 0 4 0 0 1
0 8 2 0 0 0 4 1 0
0 0 0 0 8 0 0 0 0
0 1 5 0 0 0 7 9 0
8 0 0 1 0 2 0 0 4
0 0 0 3 7 9 0 0 0
0 7 0 0 0 0 0 3 0

10 1
0 0 0 6 4 0 9 0 0
3 9 0 0 1 0 0 8 0
1 0 0 0 0 0 0 0 4
0 0 0 4 0 0 0 7 0
0 0 7 0 2 0 6 0 0
0 1 0 0 0 8 0 0 0
7 0 0 0 0 0 0 0 5
0 4 0 0 8 0 0 3 1
0 0 2 0 5 9 0 0 0

10 2
0 1 0 0 6 0 9 5 0
0 0 3 7 0 0 0 1 0
4 0 0 0 0 0 6 0 0
0 8 0 0 2 4 0 0 0
0 0 2 0 0 0 5 0 0
0 0 0 6 8 0 0 9 0
0 0 5 0 0 0 0 0 3
0 7 0 0 0 8 1 0 0
0 9 4 0 1 0 0 6 0

10 3
7 0 0 0 3 0 0 0 2
0 2 0 0 0 0 0 4 0
0 0 4 0 6 0 3 0 0
0 3 0 6 0 1 0 2 0
5 0 1 0 0 0 6 0 9
0 8 0 9 0 4 0 1 0
0 0 5 0 4 0 2 0 0
0 7 0 0 0 0 0 8 0
2 0 0 0 8 0 0 0 4

10 4
7 0 9 0 0 0 4 0 6
6 3 0 0 5 0 0 2 8
0 0 0 0 0 0 0 0 0
9 0 0 7 0 1 0 0 4
0 2 0 0 0 0 0 3 0
8 0 0 6 0 2 0 0 1
0 0 0 0 0 0 0 0 0
5 4 0 0 8 0 0 6 2
1 0 8 0 0 0 3 0 9

10 5
0 3 0 0 0 0 0 1 0
1 9 0 0 6 0 0 5 2
0 0 0 1 0 9 0 0 0
0 0 0 8 0 5 0 0 0
0 0 5 0 0 0 7 0 0
0 1 4 0 0 0 6 2 0
2 6 0 0 0 0 0 3 4
0 8 0 2 0 1 0 6 0
0 0 0 7 4 6 0 0 0

10 6
0 0 0 5 0 0 0 0 0
0 0 1 6 4 0 3 7 9
0 2 9 0 0 1 4 0 8
8 6 0 0 0 0 0 0 0
0 0 7 0 0 0 0 0 0
3 4 0 0 0 0 0 0 0
0 1 3 0 0 6 5 0 7
0 0 8 3 5 0 1 4 6
0 0 0 2 0 0 0 0 0

10 7
0 0 0 3 5 6 0 0 1
1 0 3 0 0 0 0 8 0
0 0 0 0 0 0 7 0 0
0 0 1 2 0 0 0 0 4
0 6 0 1 0 9 0 3 0
7 0 0 0 0 3 6 0 0
0 0 2 0 0 0 0 0 0
0 7 0 0 0 0 3 0 5
4 0 0 8 9 2 0 0 0

10 8
1 0 0 0 4 0 0 0 7
0 9 0 0 0 7 0 6 0
0 0 0 9 0 0 4 0 0
2 0 6 0 5 0 0 0 1
0 3 0 0 2 0 0 4 0
4 0 0 0 7 0 8 0 9
0 0 2 0 0 5 0 0 0
0 5 0 3 0 0 0 8 0
8 0 0 0 6 0 0 0 2

10 9
6 0 0 0 2 0 3 0 7
0 5 0 4 0 0 0 0 0
0 0 7 0 0 0 4 0 9
9 0 0 0 0 6 0 4 0
0 0 1 0 4 0 5 0 0
0 8 0 9 0 0 0 0 3
1 0 2 0 0 0 7 0 0
0 0 0 0 0 3 0 1 0
3 0 8 0 5 0 0 0 6

10 10
7 0 1 0 6 0 3 0 2
0 0 0 5 0 7 0 0 0
0 0 8 0 2 0 4 0 0
0 0 0 6 0 5 0 0 0
6 0 3 0 0 0 9 0 1
0 0 0 1 0 9 0 0 0
0 0 9 0 7 0 6 0 0
0 0 0 2 0 4 0 0 0
4 0 2 0 1 0 5 0 8

10 11
3 0 0 5 0 0 0 0 0
0 0 7 1 8 0 0 2 0
0 0 0 9 0 0 1 6 8
0 5 0 0 0 0 0 3 0
7 1 3 0 2 0 0 0 0
0 2 0 0 0 0 0 7 0
0 0 0 2 0 0 8 4 9
0 0 8 4 5 0 0 1 0
6 0 0 3 0 0 0 0 0

10 12
2 0 4 9 0 7 8 0 1
0 0 0 0 3 0 0 0 0
0 0 8 0 0 0 4 0 0
4 0 0 0 6 0 0 0 7
0 7 0 0 0 0 0 5 0
1 0 0 0 7 0 0 0 9
0 0 3 0 0 0 9 0 0
0 0 0 0 2 0 0 0 0
6 0 1 8 0 5 3 0 2

10 13
7 0 0 5 1 6 0 0 3
0 0 5 0 0 0 0 0 0
0 6 0 0 4 0 0 2 0
0 0 6 0 0 3 1 0 0
0 8 0 0 0 0 0 9 0
0 0 1 2 0 0 7 0 0
0 7 0 0 9 0 0 4 0
0 0 0 0 0 0 2 0 0
6 0 0 1 8 2 0 0 5

10 14
3 0 0 0 4 0 0 0 8
0 1 0 6 0 3 0 2 0
0 2 0 0 0 0 9 0 0
1 0 0 4 0 8 0 0 2
0 7 0 0 3 0 0 5 0
6 0 0 1 0 9 0 0 7
0 0 7 0 0 0 0 3 0
0 3 0 5 0 4 0 1 0
5 0 0 0 2 0 0 0 9

10 15
9 0 8 0 1 0 3 0 2
0 2 0 0 0 0 0 7 0
1 0 0 5 0 3 0 0 6
0 6 0 0 0 0 0 1 0
7 0 0 0 8 0 0 0 5
0 8 0 0 0 0 0 3 0
8 0 0 2 0 7 0 0 9
0 4 0 0 0 0 0 2 0
2 0 5 0 6 0 4 0 7

10 16
0 0 0 2 0 0 7 0 0
0 0 3 0 5 9 0 2 0
0 9 0 0 6 0 0 0 0
4 0 2 0 0 5 0 8 0
0 0 0 0 0 0 1 0 4
7 0 6 0 0 4 0 3 0
0 7 0 0 1 0 0 0 0
0 0 1 0 4 8 0 5 0
0 0 0 6 0 0 9 0 0

10 17
0 0 6 0 5 0 9 0 0
1 0 2 0 0 0 0 0 0
0 4 0 0 9 8 0 0 3
0 0 0 2 0 0 7 0 0
8 7 0 0 0 0 0 6 5
0 0 1 0 0 5 0 0 0
4 0 0 9 2 0 0 1 0
0 0 0 0 0 0 8 0 2
0 0 3 0 1 0 4 0 0

10 18
0 6 0 5 0 3 0 9 0
0 0 1 0 0 0 6 0 0
0 2 0 0 8 0 0 5 0
9 0 3 0 0 0 1 0 7
0 0 0 0 2 0 0 0 0
6 0 2 0 0 0 4 0 5
0 1 0 0 3 0 0 7 0
0 0 4 0 0 0 5 0 0
0 7 0 1 0 5 0 8 0

10 19
8 0 0 1 0 7 0 0 6
0 0 0 0 4 0 0 5 0
0 4 0 6 0 0 7 0 0
3 0 0 0 9 0 0 0 1
0 0 6 0 0 0 2 0 0
5 0 0 0 6 0 0 0 4
0 0 7 0 0 6 0 1 0
0 2 0 0 3 0 0 0 0
1 0 0 5 0 9 0 0 8

10 20
7 0 0 0 8 0 0 0 2
0 1 0 3 0 6 0 8 0
0 0 4 0 0 0 9 0 0
0 5 0 2 0 3 0 6 0
0 0 0 0 0 0 0 0 0
0 3 0 9 0 1 0 4 0
0 0 1 0 0 0 5 0 0
0 7 0 5 0 9 0 1 0
8 0 0 0 6 0 0 0 4

10 21
2 3 0 0 0 0 8 0 0
0 0 1 0 6 0 0 0 2
0 7 0 0 0 0 0 1 0
0 0 0 2 1 0 5 3 0
4 0 3 0 0 6 0 0 0
0 0 0 9 3 0 1 4 0
0 8 0 0 0 0 0 6 0
0 0 5 0 4 0 0 0 9
1 9 0 0 0 0 7 0 0

10 22
8 0 4 0 5 0 0 0 7
0 2 0 1 0 8 0 0 0
0 0 0 0 0 0 0 2 0
1 0 0 5 0 3 0 0 8
0 0 6 0 7 0 2 0 0
5 0 0 6 0 1 0 0 9
0 7 0 0 0 0 0 0 0
0 0 0 8 0 7 0 4 0
9 0 0 0 1 0 6 0 3

10 23
0 0 9 0 3 0 4 0 2
0 7 0 0 0 0 0 0 0
3 0 0 0 5 0 9 0 0
0 3 0 0 8 0 0 9 0
0 2 6 3 0 5 8 4 0
0 9 0 0 2 0 0 5 0
0 0 1 0 6 0 0 0 4
0 0 0 0 0 0 0 2 0
7 0 4 0 1 0 3 0 0

10 24
1 0 9 0 0 0 4 0 3
0 0 0 8 0 1 0 0 0
7 0 0 0 5 0 0 2 0
0 0 8 0 0 0 0 1 0
6 0 0 3 0 4 0 0 9
0 2 0 0 0 0 6 0 0
0 1 0 0 7 0 0 0 6
0 0 0 5 0 6 0 0 0
3 0 5 0 0 0 7 0 1

10 25
0 0 0 7 8 9 0 0 5
0 8 0 0 0 0 4 0 0
0 0 9 0 4 0 0 0 6
8 0 0 0 3 4 0 0 1
0 3 0 0 0 0 0 6 0
9 0 0 1 6 0 0 0 7
4 0 0 0 1 0 5 0 0
0 0 1 0 0 0 0 2 0
7 0 0 5 2 6 0 0 0

10 26
0 0 3 0 0 0 5 0 0
0 2 0 8 0 7 0 1 0
9 0 0 0 0 0 0 0 8
0 0 8 0 9 0 1 0 0
0 4 0 2 5 1 0 3 0
0 0 6 0 7 0 2 0 0
1 0 0 0 0 0 0 0 5
0 3 0 6 0 4 0 9 0
0 0 7 0 0 0 6 0 0

10 27
0 0 4 0 6 0 0 0 7
2 5 0 0 0 0 1 0 0
0 0 1 0 0 8 0 0 6
0 0 0 0 3 0 0 4 0
9 0 3 0 0 0 5 0 2
0 6 0 0 7 0 0 0 0
5 0 0 7 0 0 3 0 0
0 0 9 0 0 0 0 2 1
1 0 0 0 9 0 8 0 0

10 28
9 6 0 0 0 0 0 1 0
0 0 1 0 4 0 5 0 0
2 0 0 0 0 0 0 3 7
0 7 2 6 0 0 0 0 0
6 0 0 0 3 0 0 0 1
0 0 0 0 0 5 4 7 0
8 2 0 0 0 0 0 0 3
0 0 9 0 8 0 1 0 0
0 5 0 0 0 0 0 8 2

10 29
0 1 9 0 7 0 4 0 0
0 5 0 0 0 2 0 0 0
0 0 0 5 4 0 9 0 0
8 2 1 0 0 0 6 0 0
0 3 0 0 1 0 0 8 0
0 0 4 0 0 0 1 3 7
0 0 5 0 2 9 0 0 0
0 0 0 1 0 0 0 5 0
0 0 2 0 6 0 3 1 0

10 30
0 1 0 2 0 8 0 3 0
2 0 3 0 1 0 6 0 9
0 0 4 0 0 0 5 0 0
0 0 6 0 0 0 9 0 0
0 4 0 0 0 0 0 7 0
8 0 0 5 0 2 0 0 4
0 0 9 0 2 0 1 0 0
0 0 0 7 0 3 0 0 0
0 0 0 0 5 0 0 0 0

10 31
0 4 3 0 7 0 1 5 0
0 1 0 0 4 0 0 3 0
6 0 7 0 9 0 2 0 4
0 0 0 7 0 8 0 0 0
0 6 1 0 0 0 9 7 0
0 0 0 9 0 6 0 0 0
1 0 0 0 5 0 0 0 3
0 2 0 0 8 0 0 4 0
0 0 8 0 6 0 7 0 0

10 32
1 7 0 0 0 9 0 0 0
0 5 4 0 0 0 0 1 0
0 0 0 0 8 0 4 5 9
5 0 6 3 0 0 0 0 0
0 2 0 0 0 0 0 3 0
0 0 0 0 0 5 6 0 4
2 8 3 0 7 0 0 0 0
0 1 0 0 0 0 7 8 0
0 0 0 8 0 0 0 6 1

10 33
0 0 3 0 9 0 7 0 0
0 0 1 8 0 3 5 0 0
9 0 0 0 2 0 0 0 6
0 0 0 3 0 2 0 0 0
0 0 5 0 1 0 6 0 0
1 3 0 0 8 0 0 5 4
0 4 7 0 0 0 1 9 0
2 0 0 0 7 0 0 0 8
0 0 0 9 0 5 0 0 0

10 34
0 4 0 0 0 0 5 0 0
0 8 0 0 0 6 0 1 0
9 0 1 7 8 0 6 0 2
0 0 0 0 0 7 0 0 0
0 3 0 0 0 0 0 9 0
0 0 0 5 0 0 0 0 0
7 0 8 0 9 5 4 0 1
0 1 0 2 0 0 0 3 0
0 0 6 0 0 0 0 8 0

10 35
5 2 0 0 0 0 0 6 3
0 7 0 0 0 0 0 1 0
4 0 1 0 8 0 5 0 9
0 9 0 0 0 0 0 8 0
3 0 0 2 0 6 0 0 4
0 0 0 0 0 0 0 0 0
2 0 6 0 5 0 7 0 1
7 0 0 0 0 0 0 0 8
0 1 5 0 0 0 2 3 0

10 36
0 1 0 0 9 0 0 6 0
3 0 0 0 5 0 0 0 1
0 0 0 2 0 4 0 0 0
0 7 2 0 0 0 6 4 0
0 5 0 0 0 0 0 8 0
1 0 0 0 3 0 0 0 5
0 0 0 4 0 8 0 0 0
0 0 6 0 0 0 9 0 0
8 0 0 1 0 9 0 0 7

10 37
9 0 4 0 3 0 1 0 5
6 0 0 0 0 0 0 0 7
7 0 5 0 9 0 4 0 6
0 0 0 2 0 7 0 0 0
0 0 0 0 5 0 0 0 0
0 0 9 3 8 4 7 0 0
4 0 0 0 0 0 0 0 3
1 0 2 0 6 0 5 0 9
8 0 0 0 7 0 0 0 1

10 38
7 0 5 0 0 3 0 0 6
0 0 0 8 7 0 5 0 0
0 0 2 0 0 1 0 9 0
1 2 0 0 0 0 9 5 0
3 0 0 0 0 0 0 0 4
0 5 4 0 0 0 0 1 3
0 7 0 2 0 0 4 0 0
0 0 1 0 8 7 0 0 0
6 0 0 1 0 0 2 0 9

10 39
0 0 3 1 0 5 8 0 0
1 0 8 0 0 0 4 0 5
2 0 0 6 0 4 0 0 1
3 0 0 0 0 0 0 0 9
0 9 0 0 7 0 0 8 0
0 8 6 0 0 0 7 3 0
7 0 0 0 0 0 0 0 3
8 0 0 0 0 0 0 0 6
0 0 1 4 0 2 5 0 0

10 40
0 0 1 0 8 0 9 0 0
0 9 0 1 0 4 0 7 0
0 0 2 0 0 0 0 0 3
0 3 0 0 0 6 0 5 0
5 0 6 0 0 0 1 0 8
0 1 0 5 0 0 0 3 0
7 0 0 0 0 0 5 0 0
0 2 0 8 0 9 0 6 0
0 0 4 0 6 0 7 0 0

10 41
0 3 0 0 1 0 0 9 0
1 0 0 6 0 8 0 0 2
0 0 7 0 0 0 5 0 0
0 7 0 0 6 0 0 3 0
0 0 0 8 0 4 0 0 0
0 0 4 0 0 0 1 0 0
8 0 0 9 0 2 0 0 1
0 5 0 0 4 0 0 6 0
0 0 1 0 0 0 7 0 0

10 42
7 0 0 3 2 4 0 0 9
0 0 0 0 6 0 0 0 0
0 9 0 1 0 5 0 8 0
0 0 6 5 0 8 7 0 0
0 0 0 0 0 0 0 0 0
0 0 8 0 3 0 6 0 0
0 0 7 4 0 2 8 0 0
0 1 0 7 0 6 0 3 0
0 2 4 0 5 0 1 7 0

10 43
0 0 2 0 9 0 1 0 0
6 0 0 0 0 0 0 0 3
1 0 7 0 3 0 8 9 0
0 8 0 2 0 3 0 0 0
4 0 1 0 0 0 3 0 7
0 0 0 4 0 5 0 8 0
0 1 5 0 8 0 9 0 6
9 0 0 0 0 0 0 0 8
0 0 8 0 4 0 7 0 0

10 44
1 0 0 0 4 0 3 6 0
0 4 0 3 0 0 0 5 0
0 0 3 0 0 0 0 2 4
0 0 0 0 0 8 0 0 7
3 0 6 0 1 0 5 0 9
4 0 0 7 0 0 0 0 0
2 3 0 0 0 0 8 0 0
0 8 0 0 0 6 0 7 0
0 9 1 0 7 0 0 0 5

10 45
9 6 0 0 0 0 0 1 3
0 1 0 5 0 6 0 8 0
0 0 4 0 0 0 9 0 0
0 4 0 0 3 0 0 5 0
8 0 0 0 0 0 0 0 2
0 2 0 0 7 0 0 4 0
0 0 6 0 0 0 8 0 0
0 3 0 7 0 9 0 2 0
1 7 0 0 0 0 0 9 5

10 46
0 0 3 0 0 0 1 0 0
0 4 0 0 5 0 0 3 0
1 0 0 8 0 9 0 0 5
0 0 4 0 0 0 5 0 0
6 0 0 2 0 1 0 0 3
0 0 0 0 8 0 0 0 0
0 6 0 0 0 0 0 7 0
2 0 8 0 0 0 4 0 9
0 0 0 6 0 7 0 0 0

10 47
0 0 0 9 0 3 0 0 0
0 0 6 0 0 0 5 0 0
4 1 0 5 0 2 0 7 6
0 0 2 0 0 0 9 0 0
0 7 8 1 0 5 6 4 0
0 0 3 0 2 0 1 0 0
0 0 0 0 0 0 0 0 0
0 0 0 3 0 4 0 0 0
0 3 7 0 0 0 8 5 0

10 48
4 0 8 0 0 0 7 0 9
0 2 0 0 0 0 0 1 0
0 0 1 0 9 0 8 0 0
2 0 0 3 0 5 0 0 7
0 1 0 0 0 0 0 5 0
5 0 0 1 0 4 0 0 8
1 0 5 0 8 0 3 0 6
0 6 0 0 0 0 0 2 0
3 0 2 0 0 0 5 0 1

10 49
1 5 0 0 0 0 0 3 2
3 0 0 0 9 0 0 0 7
0 0 0 0 0 3 1 0 0
4 0 0 0 1 0 6 0 0
0 7 0 3 2 6 0 5 0
0 0 2 0 8 0 0 0 1
0 0 7 4 0 0 0 0 0
2 0 0 0 6 0 0 0 5
8 1 0 0 0 0 0 4 9

10 50
7 6 1 0 0 0 2 3 4
0 0 0 4 0 7 0 0 0
0 8 0 0 6 0 0 7 0
0 0 2 0 0 0 8 0 0
5 0 0 0 0 0 0 0 1
0 0 9 0 0 0 4 0 0
0 3 0 0 5 0 0 1 0
0 0 0 8 0 3 0 0 0
1 2 5 0 0 0 3 8 9

11 1
9 0 0 0 1 0 0 0 4
0 6 0 2 0 7 0 3 0
0 0 3 9 4 5 7 0 0
0 8 0 0 0 0 0 9 0
0 0 0 0 0 0 0 0 0
0 4 0 0 0 0 0 8 0
0 0 2 7 5 3 8 0 0
0 5 0 1 0 4 0 2 0
3 0 0 0 6 0 0 0 7

11 2
0 8 6 0 0 0 2 9 0
0 0 0 0 0 0 0 0 0
0 1 2 0 3 0 8 6 0
1 0 0 0 0 0 0 0 7
0 6 4 0 8 0 9 3 0
0 5 0 0 0 0 0 4 0
4 0 0 7 6 9 0 0 8
0 7 0 0 0 0 0 2 0
0 9 5 0 0 0 7 1 0

11 3
0 9 0 8 0 5 0 1 0
6 1 0 3 2 7 0 9 4
0 0 2 0 0 0 6 0 0
0 7 0 0 0 0 0 3 0
0 0 8 0 0 0 5 0 0
0 3 0 0 0 0 0 8 0
0 0 4 0 0 0 3 0 0
8 2 0 0 5 0 0 6 7
0 5 0 9 0 6 0 4 0

11 4
0 0 6 0 2 0 1 4 0
0 5 1 0 4 0 0 0 0
0 0 0 0 0 7 0 9 3
8 0 9 0 0 0 7 0 0
0 0 7 0 0 0 4 0 0
0 0 5 0 0 0 8 0 1
1 6 0 9 0 0 0 0 0
0 0 0 0 3 0 9 2 0
0 7 2 0 8 0 3 0 0

11 5
0 1 0 9 0 5 0 0 2
5 0 0 0 0 0 7 0 0
0 0 3 0 7 0 0 8 0
8 0 0 0 0 0 4 0 9
0 6 0 5 2 4 0 1 0
1 0 4 0 0 0 0 0 6
0 4 0 0 1 0 6 0 0
0 0 1 0 0 0 0 0 7
6 0 0 3 0 9 0 5 0

11 6
0 7 2 0 0 0 9 8 0
0 0 0 0 6 0 0 0 1
4 6 1 0 0 8 3 7 0
0 0 0 0 3 0 7 0 0
0 0 0 5 0 0 0 2 0
0 0 0 0 7 0 8 0 0
9 2 8 0 0 6 4 5 0
0 0 0 0 2 0 0 0 9
0 3 5 0 0 0 2 1 0

11 7
1 0 0 9 0 2 0 0 3
0 2 0 0 0 0 0 9 0
8 0 3 0 4 0 1 0 5
0 0 0 0 0 0 0 0 0
0 4 0 7 0 3 0 5 0
2 0 0 0 1 0 0 0 8
0 0 2 0 0 0 9 0 0
0 1 0 0 6 0 0 7 0
5 0 7 2 0 4 6 0 1

11 8
0 0 0 0 0 4 0 2 0
1 3 4 0 2 0 9 0 0
0 0 0 0 9 0 0 0 3
0 1 0 4 0 0 3 0 0
8 0 5 0 1 0 0 4 2
0 2 0 5 0 0 6 0 0
0 0 0 0 4 0 0 0 7
7 5 8 0 6 0 1 0 0
0 0 0 0 0 7 0 8 0

11 9
0 1 0 9 0 2 0 6 0
6 0 0 0 5 0 0 0 7
0 0 8 0 0 0 3 0 0
8 0 0 0 4 0 0 0 2
0 5 0 1 0 7 0 3 0
1 0 0 0 0 0 0 0 6
0 2 0 8 0 9 0 4 0
0 0 7 0 1 0 2 0 0
4 0 0 2 0 6 0 0 9

11 10
0 3 0 4 0 0 8 0 0
0 1 0 0 0 2 0 0 5
6 0 0 1 5 0 2 0 0
0 0 0 3 0 0 1 7 0
9 0 1 8 0 6 0 0 0
0 0 0 5 0 0 4 8 0
7 0 0 2 3 0 6 0 0
0 5 0 0 0 1 0 0 2
0 2 0 7 0 0 9 0 0

11 11
2 0 5 0 0 0 3 0 8
0 1 0 5 0 9 0 2 0
7 0 0 0 8 0 0 0 9
0 0 0 1 0 6 0 4 0
0 0 1 0 0 0 9 0 0
0 3 0 4 0 7 0 0 0
1 0 0 0 7 0 0 0 6
0 2 0 8 0 5 0 9 0
9 0 4 0 0 0 5 0 1

11 12
0 1 0 0 2 0 0 9 0
7 0 0 3 0 8 0 0 1
0 6 0 0 0 0 0 8 0
0 0 6 0 7 0 1 0 0
1 0 5 0 8 0 3 0 6
0 8 0 0 0 0 0 2 0
0 0 8 0 4 0 5 0 0
0 0 0 6 0 9 0 0 0
9 0 1 0 3 0 2 0 4

11 13
8 0 0 0 2 0 0 0 3
0 0 0 1 0 4 0 0 0
3 0 1 0 0 0 9 0 4
0 2 0 3 0 7 0 6 0
1 0 4 0 6 0 7 0 5
0 7 0 5 0 1 0 9 0
0 0 3 0 0 0 8 0 0
0 0 0 6 0 3 0 0 0
5 0 0 0 9 0 0 0 6

11 14
8 0 1 0 2 0 9 0 3
0 0 0 0 8 0 0 0 0
4 0 0 6 0 9 0 0 1
0 0 0 0 0 0 0 0 0
1 0 0 2 0 8 0 0 5
0 6 0 9 1 4 0 2 0
0 0 0 1 0 7 0 0 0
7 1 0 0 9 0 0 5 4
0 0 8 0 3 0 7 0 0

11 15
0 1 0 0 2 0 0 4 0
4 0 0 9 0 1 0 0 5
0 0 6 0 5 0 3 0 0
0 3 0 0 0 0 0 5 0
1 0 5 0 4 0 8 0 3
0 7 0 0 0 0 0 9 0
0 0 7 0 3 0 4 0 0
8 0 0 7 0 6 0 0 2
0 6 0 0 1 0 0 8 0

11 16
1 0 0 8 0 0 5 0 7
0 6 0 0 0 2 0 1 0
4 0 0 3 0 0 0 0 0
0 0 4 0 7 0 1 0 3
0 3 0 1 0 8 0 9 0
0 0 9 0 3 0 7 0 4
9 0 0 6 0 0 0 0 0
0 2 0 0 0 3 0 7 0
5 0 0 7 0 0 3 0 6

11 17
0 0 0 2 0 3 0 6 0
1 0 9 0 0 0 4 0 3
0 3 0 1 0 4 0 2 0
0 0 0 0 7 0 9 0 0
4 0 0 0 0 1 0 5 0
0 0 0 0 2 0 8 0 0
0 1 0 8 0 6 0 4 0
8 0 5 0 0 0 2 0 6
0 0 0 7 0 2 0 9 0

11 18
2 0 1 5 0 6 0 4 0
0 3 0 0 0 4 0 1 0
6 0 0 3 0 0 2 0 0
0 0 0 0 6 0 0 0 4
1 7 0 0 0 0 0 5 2
8 0 0 0 5 0 0 0 0
0 0 8 0 0 5 0 0 7
0 1 0 8 0 0 0 6 0
0 9 0 1 0 3 4 0 8

11 19
0 0 8 0 0 2 0 0 6
1 0 0 3 0 0 4 0 0
0 4 0 0 1 0 0 9 0
2 0 0 8 0 1 0 0 5
0 5 0 0 6 0 0 3 0
6 0 0 5 0 4 0 0 1
0 1 0 0 9 0 0 6 0
7 0 0 1 0 0 5 0 0
0 0 9 0 0 3 0 0 7

11 20
2 0 0 3 0 1 0 0 6
0 1 0 0 7 0 0 2 0
6 0 5 0 0 0 4 0 1
0 0 0 8 0 4 0 0 0
0 9 0 0 2 0 0 4 0
0 0 0 5 0 6 0 0 0
3 0 1 0 0 0 7 0 8
0 6 0 0 1 0 0 3 0
4 0 0 7 0 3 0 0 9

11 21
2 0 3 0 8 0 0 1 0
0 1 0 0 0 0 8 7 4
0 0 9 5 0 1 0 0 0
0 3 0 0 1 0 0 5 0
7 0 0 0 0 0 9 0 0
0 9 0 0 6 0 0 8 0
0 0 2 3 0 7 0 0 0
0 6 0 0 0 0 2 9 5
1 0 4 0 2 0 0 3 0

11 22
0 9 0 2 0 0 0 3 0
3 0 0 0 1 0 8 0 0
0 0 0 0 0 6 0 0 9
1 0 9 0 8 0 0 7 0
0 4 0 3 0 1 2 0 5
2 0 7 0 9 0 0 8 0
0 0 0 0 0 3 0 0 7
4 0 0 0 5 0 1 0 0
0 8 0 1 0 0 0 6 0

11 23
0 0 0 2 0 0 4 0 6
3 0 0 0 0 1 7 0 0
0 0 9 6 0 0 0 0 3
5 0 0 0 2 0 3 0 0
0 3 1 4 0 5 2 9 0
0 0 8 0 3 0 0 0 4
7 0 0 0 0 2 8 0 0
0 0 6 3 0 0 0 0 2
1 0 2 0 0 7 0 0 0

11 24
6 0 0 0 0 0 0 3 0
0 0 0 0 2 0 1 0 0
2 0 0 0 9 5 4 0 0
7 0 6 8 0 0 9 0 2
3 8 0 0 0 0 0 4 0
1 0 2 9 0 0 3 0 5
8 0 0 0 1 6 5 0 0
0 0 0 0 3 0 8 0 0
5 0 0 0 0 0 0 7 0

11 25
0 0 1 0 2 0 6 0 0
5 0 0 0 1 0 0 0 2
0 0 3 0 0 0 7 0 0
0 3 0 2 0 8 0 5 0
6 0 2 0 9 0 3 0 7
0 9 0 3 0 4 0 6 0
0 0 9 0 0 0 4 0 0
7 0 0 0 3 0 0 0 9
0 0 4 0 8 0 5 0 0

11 26
0 1 0 0 2 0 0 0 6
7 0 0 0 3 5 0 1 0
0 0 4 0 0 0 0 8 2
2 0 0 3 0 0 0 9 0
8 0 3 0 0 0 1 0 5
0 9 0 0 0 4 0 0 3
1 3 0 0 0 0 6 0 0
0 2 0 5 7 0 0 0 1
9 0 0 0 1 0 0 5 0

11 27
3 0 2 0 1 0 0 0 4
0 0 0 8 0 6 0 1 0
8 0 7 0 2 0 0 0 9
0 4 0 0 0 0 3 0 0
1 0 0 0 8 0 0 0 5
0 7 0 0 0 0 9 0 0
2 0 6 0 3 0 0 0 7
0 0 0 2 0 1 0 5 0
4 0 1 0 9 0 0 0 2

11 28
9 0 0 0 0 8 0 0 5
0 1 3 5 2 0 4 0 0
5 0 2 0 0 0 0 3 0
0 0 0 0 7 0 0 0 1
6 4 0 0 0 0 3 0 0
0 0 0 0 9 0 0 0 4
1 0 7 0 0 0 0 6 0
0 8 6 7 5 0 1 0 0
2 0 0 0 0 6 0 0 8

11 29
0 6 0 0 0 1 0 5 0
1 0 0 3 2 0 0 0 0
0 3 0 5 0 4 1 0 2
5 0 0 0 0 7 0 3 0
0 4 0 8 0 0 0 0 0
3 0 0 0 0 2 0 8 0
0 8 0 6 0 5 9 0 7
9 0 0 2 3 0 0 0 0
0 1 0 0 0 9 0 2 0

11 30
1 0 0 9 0 8 0 7 0
0 4 0 0 5 0 6 0 0
0 0 7 0 0 0 0 0 3
2 0 1 0 0 3 4 0 0
0 6 0 0 2 0 0 3 0
0 0 3 1 0 0 8 0 7
9 0 0 0 0 0 7 0 0
0 0 2 0 1 0 0 8 0
0 1 0 5 0 7 0 0 2

11 31
0 0 0 1 0 8 0 0 0
0 0 7 3 0 5 2 0 0
1 0 0 2 0 9 0 0 4
0 3 0 0 1 0 0 4 0
6 0 4 0 5 0 1 0 9
0 7 0 0 3 0 0 2 0
0 0 0 5 0 7 0 0 0
8 0 9 0 0 0 6 0 7
0 0 0 6 0 1 0 0 0

11 32
0 0 0 0 0 0 6 7 0
0 0 1 9 0 5 0 0 0
4 7 0 0 1 0 5 0 0
9 4 0 0 8 0 0 1 3
0 0 2 3 0 0 0 0 0
8 1 0 0 2 0 0 5 6
7 3 0 0 9 0 1 0 0
0 0 9 8 0 7 0 0 0
0 0 0 0 0 0 9 2 0

11 33
0 0 0 0 6 0 0 0 0
0 0 0 5 0 2 0 0 0
0 0 2 0 0 0 8 0 0
7 9 0 0 0 0 0 8 3
6 1 0 0 3 0 0 7 9
0 0 8 0 0 0 1 0 0
0 4 3 0 0 0 9 2 0
0 0 7 6 0 3 4 0 0
0 0 1 9 4 5 7 0 0

11 34
9 0 0 0 0 0 5 8 0
0 1 6 7 0 5 0 0 0
0 2 0 1 8 0 0 0 0
1 0 0 2 0 4 0 0 9
0 0 0 0 3 0 0 0 0
3 0 0 6 0 1 0 0 8
0 0 0 0 4 6 0 9 0
0 0 0 8 0 7 3 4 0
0 4 8 0 0 0 0 0 7

11 35
0 0 0 6 0 5 0 0 4
5 0 0 0 0 0 0 0 0
0 3 0 1 4 0 0 7 0
0 0 3 7 0 0 4 0 0
9 1 0 0 5 8 6 2 3
0 0 4 3 0 0 9 0 0
0 8 0 2 3 0 0 6 0
3 0 0 0 0 0 0 0 0
0 0 0 8 0 4 0 0 9

11 36
0 4 0 0 3 0 1 0 0
0 0 1 2 0 9 0 3 0
0 7 0 0 0 0 2 0 0
4 0 0 0 2 0 0 0 3
5 0 2 1 0 3 9 0 7
1 0 0 0 6 0 0 0 2
0 0 3 0 0 0 0 4 0
0 1 0 3 0 2 5 0 0
0 0 8 0 1 0 0 2 0

11 37
3 0 0 7 0 2 0 0 4
0 0 0 0 0 3 0 5 0
0 4 0 0 0 0 6 0 0
1 0 8 0 0 5 0 6 3
0 0 0 6 3 1 0 0 0
2 3 0 8 0 0 7 0 5
0 0 7 0 0 0 0 9 0
0 8 0 9 0 0 0 0 0
4 0 0 3 0 6 0 0 2

11 38
0 0 0 3 0 7 0 0 0
4 3 0 0 8 0 0 1 5
8 0 0 0 0 0 0 0 6
0 7 3 0 1 0 6 5 0
0 0 9 0 0 0 8 0 0
0 1 8 0 6 0 2 9 0
3 0 0 0 0 0 0 0 7
7 8 0 0 9 0 0 4 2
0 0 0 2 0 5 0 0 0

11 39
0 0 3 0 0 0 7 0 0
0 2 0 3 7 6 0 5 0
7 5 0 0 1 0 0 3 9
2 0 0 7 0 4 0 0 5
0 1 7 0 8 0 6 9 0
0 0 0 0 9 0 0 0 0
0 8 0 1 0 7 0 4 0
0 0 0 0 6 0 0 0 0
0 0 0 8 0 9 0 0 0

11 40
0 0 0 5 1 0 0 0 0
0 0 0 7 0 9 0 0 0
2 0 0 0 0 6 5 0 7
3 0 0 0 0 0 4 0 8
4 2 1 0 8 0 6 5 9
5 0 7 0 0 0 0 0 3
6 0 8 9 0 0 0 0 4
0 0 0 1 0 8 0 0 0
0 0 0 0 6 2 0 0 0

11 41
4 0 0 0 2 0 0 0 6
0 0 0 7 0 5 0 0 0
0 5 1 0 6 0 7 2 0
0 0 8 0 0 0 3 0 0
0 2 0 0 5 0 0 1 0
1 4 0 0 0 0 0 9 8
0 1 9 0 0 0 8 7 0
0 0 0 6 8 9 0 0 0
3 0 0 0 1 0 0 0 5

11 42
6 3 0 0 2 0 0 7 5
8 0 0 1 3 7 0 0 6
0 0 0 6 0 5 0 0 0
0 0 2 0 0 0 5 0 0
0 8 0 0 0 0 0 4 0
0 0 1 0 0 0 3 0 0
0 0 0 7 0 8 0 0 0
3 0 0 9 1 2 0 0 4
9 1 0 0 4 0 0 5 7

11 43
3 0 0 1 8 5 0 0 7
0 0 0 9 0 2 0 0 0
0 4 8 0 0 0 9 2 0
0 2 0 0 9 0 0 7 0
7 0 0 0 0 0 0 0 2
0 3 0 0 1 0 0 4 0
0 7 3 0 0 0 6 5 0
0 0 0 8 0 9 0 0 0
9 0 0 3 7 6 0 0 8

11 44
0 0 0 0 6 0 0 0 0
8 3 0 0 0 0 0 7 9
4 0 0 9 7 8 0 0 1
0 0 0 5 0 7 0 0 0
7 0 3 0 9 0 8 0 5
0 0 0 1 0 4 0 0 0
1 0 0 8 2 9 0 0 3
3 9 0 0 0 0 0 2 6
0 0 0 0 5 0 0 0 0

11 45
0 0 0 0 0 5 3 0 0
0 5 0 1 8 3 7 0 0
0 7 3 0 0 4 0 0 0
7 0 0 0 0 0 0 0 2
9 0 4 0 6 0 8 0 1
5 0 0 0 0 0 0 0 9
0 0 0 9 0 0 6 2 0
0 0 5 4 1 2 0 8 0
0 0 9 7 0 0 0 0 0

11 46
0 0 0 6 2 4 0 0 0
0 0 0 0 9 0 0 0 0
2 9 4 0 0 0 7 6 8
0 0 5 1 0 8 3 0 0
0 0 8 0 0 0 2 0 0
0 0 6 0 3 0 5 0 0
0 7 0 0 0 0 0 3 0
0 0 1 7 8 2 9 0 0
4 0 0 0 6 0 0 0 2

11 47
0 0 0 0 8 0 1 0 0
5 0 0 2 1 0 4 0 0
0 1 0 7 0 0 0 6 0
0 3 5 0 7 0 0 0 0
0 2 4 5 0 6 3 7 0
0 0 0 0 2 0 9 5 0
0 9 0 0 0 7 0 4 0
0 0 2 0 4 5 0 0 9
0 0 8 0 3 0 0 0 0

11 48
0 0 0 0 8 0 0 0 0
0 0 9 3 7 5 1 0 0
0 2 3 1 0 9 6 8 0
3 5 0 0 0 0 0 1 7
0 9 0 0 0 0 0 6 0
0 0 8 0 0 0 9 0 0
0 0 0 4 0 3 0 0 0
0 0 4 6 0 7 2 0 0
0 0 1 5 0 8 7 0 0

11 49
0 8 0 3 0 5 0 7 0
0 0 1 0 0 0 2 0 0
0 6 0 0 0 0 0 1 0
8 0 7 5 0 4 1 0 6
0 0 0 0 7 0 0 0 0
5 0 9 1 0 2 7 0 3
0 9 0 0 0 0 0 4 0
0 0 5 0 0 0 8 0 0
0 1 0 7 0 9 0 6 0

11 50
0 0 0 8 3 0 0 0 0
0 0 0 6 5 0 4 9 0
2 5 0 0 0 1 7 0 0
6 9 3 0 0 0 0 0 8
0 0 0 0 0 0 0 0 9
8 1 5 0 0 0 0 0 6
1 7 0 0 0 8 3 0 0
0 0 0 1 4 0 8 6 0
0 0 0 7 2 0 0 0 0

12 1
2 0 3 0 0 0 0 0 8
0 9 0 3 0 0 0 4 0
0 0 0 0 8 2 9 0 0
0 6 0 0 1 9 0 0 0
0 7 1 0 0 0 3 8 0
0 0 0 5 3 0 0 1 0
0 0 5 1 7 0 0 0 0
0 8 0 0 0 5 0 9 0
6 0 0 0 0 0 7 0 4

12 2
0 0 3 0 1 0 9 0 0
1 0 0 2 0 7 0 0 6
0 4 5 0 0 0 7 1 0
0 3 0 0 0 0 0 9 0
0 0 7 6 0 1 8 0 0
0 2 0 0 0 0 0 4 0
3 0 8 0 9 0 2 0 5
0 9 0 7 5 3 0 8 0
0 0 0 0 2 0 0 0 0

12 3
7 0 0 0 3 0 0 0 4
0 0 0 9 0 5 0 0 0
8 0 3 0 7 0 1 0 5
0 3 9 0 0 0 8 2 0
6 0 0 0 0 0 0 0 1
2 8 1 0 0 0 7 5 9
0 0 4 0 1 0 5 0 0
0 0 0 3 0 7 0 0 0
9 0 0 0 6 0 0 0 7

12 4
0 0 0 6 0 3 0 0 0
6 0 0 8 9 0 0 0 0
3 8 1 0 0 0 0 0 4
7 1 0 0 8 0 5 0 0
0 0 9 0 5 0 3 0 0
0 0 3 0 7 0 0 8 2
2 0 0 0 0 0 4 3 7
0 0 0 0 3 2 0 0 9
0 0 0 9 0 8 0 0 0

12 5
0 0 0 0 0 0 6 0 0
0 0 3 1 0 4 2 0 0
0 0 0 2 5 0 0 4 0
9 3 0 0 0 0 8 2 0
0 0 1 9 0 6 0 3 7
7 8 0 0 0 0 5 9 0
0 0 0 8 3 0 0 7 0
0 0 5 7 0 2 3 0 0
0 0 0 0 0 0 9 0 0

12 6
0 0 5 0 0 6 0 0 0
0 0 1 3 2 0 4 0 0
9 2 0 0 0 8 0 1 6
6 0 9 0 0 0 0 0 0
0 7 0 0 0 0 0 3 0
0 0 0 0 0 0 1 0 4
8 3 0 9 0 0 0 7 1
0 0 7 0 6 1 5 0 0
0 0 0 8 0 0 2 0 0

12 7
0 0 0 0 8 0 0 0 0
0 1 0 7 0 4 0 6 0
8 0 6 0 0 0 3 0 2
0 0 0 6 0 9 0 0 0
7 4 1 0 2 0 6 8 9
0 0 0 8 0 7 0 0 0
3 0 4 0 0 0 9 0 6
0 5 0 4 0 8 0 2 0
0 0 0 0 5 0 0 0 0

12 8
9 0 0 0 0 7 2 0 0
0 6 0 0 8 0 0 4 0
0 0 8 0 0 0 0 5 9
6 0 0 5 0 0 7 0 1
0 7 0 0 9 0 0 2 0
1 0 2 0 0 4 0 0 3
3 8 0 0 0 0 5 0 0
0 2 0 0 3 0 0 1 0
0 0 6 4 0 0 0 0 2

12 9
0 0 0 8 5 3 0 0 0
0 0 3 0 0 0 2 0 0
0 7 0 0 0 0 9 8 3
3 0 2 9 0 0 0 0 6
6 0 0 0 4 0 5 0 0
7 0 4 5 0 0 0 0 2
0 2 0 0 0 0 8 7 1
0 0 8 0 0 0 4 0 0
0 0 0 1 9 8 0 0 0

12 10
0 0 0 9 0 8 5 7 1
0 0 7 0 1 0 0 0 8
0 3 0 0 0 7 0 0 6
3 0 0 0 0 0 9 0 0
0 9 0 0 8 0 0 5 0
0 0 6 0 0 0 0 0 4
2 0 0 8 0 0 0 3 0
1 0 0 0 7 0 6 0 0
7 4 5 3 0 2 0 0 0

12 11
0 0 0 4 0 0 6 7 5
1 0 5 0 0 3 0 8 9
0 6 0 0 5 0 0 0 0
0 0 0 9 0 0 0 0 0
9 3 0 0 0 5 0 1 4
0 0 0 1 0 0 0 0 0
0 2 0 0 8 0 0 0 0
7 0 1 0 0 6 0 3 8
0 0 0 2 0 0 9 6 7

12 12
0 0 2 9 4 0 0 3 0
0 0 3 0 5 0 9 0 0
0 7 0 1 0 0 0 8 0
0 0 1 6 0 0 0 0 2
0 8 0 0 7 0 0 5 0
2 0 0 0 0 1 6 0 0
0 1 0 0 0 9 0 6 0
0 0 7 0 1 0 8 0 0
0 2 0 0 6 4 3 0 0

12 13
0 0 0 0 7 0 0 0 0
0 0 0 4 0 6 0 0 0
0 0 3 0 9 0 4 0 0
2 1 0 9 4 8 0 6 7
7 0 0 0 2 0 0 0 8
6 8 0 7 3 1 0 9 5
0 0 8 0 1 0 9 0 0
0 0 0 5 0 7 0 0 0
0 0 0 0 6 0 0 0 0

12 14
0 0 0 0 8 5 1 6 0
0 0 9 3 0 0 4 2 0
0 0 0 6 0 0 0 0 0
7 0 0 0 0 0 3 4 2
3 0 0 0 2 0 0 0 1
8 9 2 0 0 0 0 0 5
0 0 0 0 0 9 0 0 0
0 2 1 0 0 3 7 0 0
0 7 8 2 4 0 0 0 0

12 15
0 0 0 7 6 1 0 0 0
0 2 9 0 0 0 5 1 0
0 1 0 0 0 0 0 3 0
3 0 0 1 0 6 0 0 2
6 0 0 0 2 0 0 0 5
9 0 0 5 0 8 0 0 3
0 6 0 0 0 0 0 2 0
0 7 8 0 0 0 4 5 0
0 0 0 4 1 2 0 0 0

12 16
3 4 5 0 0 0 0 6 0
0 0 0 4 3 0 9 0 0
0 0 0 0 7 2 4 0 0
9 0 0 0 0 5 3 0 0
4 0 0 0 8 0 0 0 5
0 0 1 3 0 0 0 0 6
0 0 8 7 4 0 0 0 0
0 0 2 0 5 8 0 0 0
0 1 0 0 0 0 8 7 9

12 17
0 8 1 0 0 0 9 0 0
0 0 2 0 4 0 5 0 0
3 0 4 0 0 0 7 1 8
2 0 0 9 0 7 0 0 0
0 0 0 0 1 0 0 0 0
7 0 0 6 0 4 0 0 0
8 0 9 0 0 0 1 3 7
0 0 6 0 8 0 2 0 0
0 5 7 0 0 0 6 0 0

12 18
0 0 8 0 0 0 5 0 0
0 9 0 0 0 0 0 6 0
3 0 1 0 0 0 2 0 7
0 0 3 0 0 0 7 0 0
0 1 0 7 2 5 0 4 0
0 0 2 0 9 0 6 0 0
0 0 0 0 3 0 0 0 0
7 0 6 0 8 0 4 0 2
9 8 0 0 4 0 0 7 6

12 19
0 5 1 0 0 0 0 7 2
0 4 3 0 0 0 0 8 6
9 0 0 0 0 8 1 0 0
7 0 0 1 3 0 0 0 0
0 0 0 4 0 0 0 0 0
4 0 0 9 5 0 0 0 0
5 0 0 0 0 1 7 0 0
0 7 6 0 0 0 0 4 1
0 8 2 0 0 0 0 5 9

12 20
0 0 0 8 1 4 0 0 0
0 0 7 0 6 0 1 0 0
3 0 0 0 0 0 0 0 4
4 2 0 0 8 0 0 7 1
0 8 0 5 0 1 0 9 0
6 5 0 0 9 0 0 3 2
8 0 0 0 0 0 0 0 5
0 0 5 0 4 0 9 0 0
0 0 0 2 7 5 0 0 0

12 21
0 0 0 9 0 0 1 5 0
0 0 0 2 0 0 7 6 0
9 6 0 8 0 0 0 0 0
0 7 2 3 0 0 0 0 0
8 3 0 0 5 0 0 9 7
0 0 0 0 0 2 8 1 0
0 0 0 0 0 3 0 2 4
0 4 6 0 0 7 0 0 0
0 9 3 0 0 8 0 0 0

12 22
0 8 0 0 0 4 0 0 0
0 0 3 0 9 0 2 0 7
7 0 0 6 0 0 0 9 0
0 6 1 0 4 0 7 0 2
0 2 0 0 0 0 0 0 0
0 9 7 0 5 0 4 0 1
8 0 0 5 0 0 0 7 0
0 0 2 0 8 0 6 0 3
0 4 0 0 0 3 0 0 0

12 23
0 0 0 0 0 0 0 5 7
0 0 0 0 3 0 4 0 0
0 0 6 9 0 5 0 0 0
2 8 0 4 0 9 7 0 1
3 0 0 0 1 0 0 8 5
7 1 0 3 0 8 6 0 4
0 0 2 8 0 1 0 0 0
0 0 0 0 7 0 1 0 0
0 0 0 0 0 0 0 9 6

12 24
0 9 0 5 0 4 7 0 0
0 7 8 0 0 0 6 0 0
3 0 0 0 0 0 0 9 0
0 3 0 0 7 0 0 0 2
6 0 2 0 9 0 1 0 7
0 8 0 0 1 0 0 0 5
7 0 0 0 0 0 0 4 0
0 6 9 0 0 0 2 0 0
0 1 0 9 0 2 8 0 0

12 25
0 0 9 2 1 3 4 0 0
1 0 0 0 0 0 0 0 6
5 2 0 0 7 0 0 9 1
0 0 5 0 0 0 7 0 0
0 0 0 3 8 1 0 0 0
0 0 6 0 0 0 1 0 0
8 9 0 0 5 0 0 3 4
4 0 0 0 0 0 0 0 7
0 0 1 7 3 4 8 0 0

12 26
0 0 0 5 0 0 0 7 0
9 0 1 0 0 0 0 5 0
0 7 2 0 0 0 4 0 1
8 0 0 9 1 3 0 4 0
0 0 0 0 5 0 0 0 0
6 0 0 7 8 2 0 1 0
0 9 5 0 0 0 7 0 6
4 0 8 0 0 0 0 3 0
0 0 0 8 0 0 0 9 0

12 27
0 3 0 0 0 0 0 9 8
0 8 0 0 3 1 0 0 0
0 0 2 8 7 4 0 0 0
7 0 0 0 0 0 4 0 2
4 0 0 0 0 0 9 8 0
6 0 0 0 0 0 1 0 3
0 0 5 4 6 9 0 0 0
0 4 0 0 8 5 0 0 0
0 7 0 0 0 0 0 4 9

12 28
0 0 0 7 0 0 5 0 0
0 0 2 0 4 0 0 0 0
0 0 0 5 9 2 4 8 0
0 9 6 0 8 0 1 0 0
4 3 0 0 0 0 0 5 2
0 0 1 0 2 0 3 9 0
0 8 5 1 7 3 0 0 0
0 0 0 0 6 0 7 0 0
0 0 9 0 0 4 0 0 0

12 29
0 0 0 5 0 7 0 0 1
0 0 7 0 1 0 0 8 5
9 1 0 6 0 0 4 0 0
0 0 3 0 0 6 0 0 0
2 0 0 1 8 0 0 0 0
0 0 9 0 0 2 0 0 0
3 4 0 8 0 0 7 0 0
0 0 1 0 6 0 0 3 9
0 0 0 2 0 1 0 0 6

12 30
0 0 0 1 5 3 0 0 0
7 0 0 4 0 9 0 0 6
0 9 3 0 0 0 5 1 0
0 0 1 0 0 0 6 0 0
8 0 0 7 0 4 0 0 3
0 0 4 0 0 0 8 0 0
0 2 9 0 0 0 4 8 0
1 0 0 9 0 5 0 0 2
0 0 0 8 7 2 0 0 0

12 31
0 0 7 0 0 0 3 9 5
0 9 0 0 0 0 1 0 0
8 0 5 0 0 3 4 6 0
7 0 0 1 6 0 0 0 0
0 0 0 2 0 0 0 0 0
2 0 0 4 3 0 0 0 0
9 0 2 0 0 7 5 8 0
0 6 0 0 0 0 2 0 0
0 0 8 0 0 0 6 1 9

12 32
0 5 0 0 0 0 7 0 3
8 0 2 0 0 0 0 6 0
0 7 0 0 0 6 4 0 0
0 0 0 4 8 0 2 0 5
0 0 0 0 2 5 1 0 0
0 0 0 9 7 0 8 0 6
0 1 0 0 0 8 3 0 0
9 0 3 0 0 0 0 7 0
0 8 0 0 0 0 9 0 1

12 33
0 1 0 0 3 8 4 0 0
0 0 0 1 0 0 0 0 9
5 0 4 0 0 2 0 3 0
0 0 0 8 0 0 9 0 0
2 7 0 0 6 0 0 1 5
0 0 0 3 0 0 6 0 0
4 0 5 0 0 3 0 6 0
0 0 0 2 0 0 0 0 3
0 3 0 0 7 4 1 0 0

12 34
4 0 0 0 1 0 0 0 2
0 0 0 6 0 3 0 0 0
1 0 9 0 4 0 6 0 3
0 9 0 0 0 0 0 3 0
0 1 0 7 6 4 0 2 0
5 2 0 0 0 0 0 4 8
0 0 0 0 8 0 0 0 0
0 0 7 0 5 0 2 0 0
9 0 0 2 0 7 0 0 5

12 35
0 0 4 0 1 0 8 0 0
6 0 0 0 0 0 0 0 9
0 7 0 0 6 0 0 2 0
0 5 0 3 0 7 0 4 0
1 3 0 0 4 0 0 5 2
0 0 6 0 0 0 3 0 0
3 0 1 0 2 0 7 0 4
0 0 0 1 0 8 0 0 0
0 0 9 0 3 0 2 0 0

12 36
0 0 7 0 2 0 3 0 0
0 3 0 1 0 7 0 4 0
0 0 0 0 6 0 0 0 0
1 0 3 0 0 0 5 0 6
7 6 0 0 8 0 0 2 3
9 0 4 0 0 0 8 0 1
0 0 0 0 1 0 0 0 0
0 7 0 0 3 0 0 6 0
2 0 0 8 0 5 0 0 9

12 37
0 0 1 8 0 5 4 0 0
4 0 7 0 2 0 5 0 6
0 0 5 0 0 0 8 0 0
8 5 0 2 0 1 0 3 4
0 0 0 7 0 9 0 0 0
6 0 2 0 0 0 9 0 5
0 0 0 0 0 0 0 0 0
5 0 8 0 9 0 3 0 7
0 0 3 0 0 0 1 0 0

12 38
3 0 9 1 0 2 4 0 7
0 1 0 0 0 0 0 8 0
0 0 7 0 3 0 2 0 0
4 0 0 0 0 0 0 0 6
0 0 1 3 0 7 8 0 0
5 0 0 0 0 0 0 0 9
0 0 5 0 2 0 6 0 0
0 4 0 0 0 0 0 5 0
9 0 2 4 0 6 1 0 8

12 39
0 9 0 7 0 4 0 3 0
2 0 0 6 0 0 8 0 4
4 0 7 0 1 0 0 0 0
0 0 0 5 0 6 0 0 0
0 7 0 0 9 0 0 8 0
0 0 0 3 0 8 0 0 0
6 0 4 0 2 0 0 0 0
5 0 0 4 0 0 9 0 1
0 8 0 1 0 5 0 4 0

12 40
1 0 0 4 0 5 0 0 2
0 0 3 0 0 0 9 0 0
0 6 0 3 0 9 0 5 0
3 0 0 0 7 0 0 0 5
0 5 4 0 3 0 8 1 0
0 0 0 0 4 0 0 0 0
0 1 0 6 0 3 0 2 0
0 0 9 0 0 0 5 0 0
8 0 0 1 0 7 0 0 3

12 41
0 2 0 0 0 0 0 6 0
6 0 8 0 0 0 1 0 9
0 9 0 6 0 1 0 8 0
4 0 1 0 0 0 5 0 3
0 7 0 0 4 0 0 1 0
8 3 0 0 0 0 0 2 7
0 0 0 0 3 0 0 0 0
2 0 7 0 0 0 9 0 1
0 1 0 2 0 8 0 5 0

12 42
0 3 0 0 1 0 0 5 0
0 1 0 5 0 2 0 6 0
0 0 4 0 3 0 1 0 0
7 0 0 0 0 0 0 0 1
1 0 5 0 2 0 3 0 6
4 0 0 0 9 0 0 0 8
0 8 0 0 0 0 0 9 0
0 7 0 0 6 0 0 1 0
6 0 0 1 0 9 0 0 7

12 43
0 0 4 0 0 3 0 5 1
0 2 0 0 1 0 0 4 3
0 8 0 0 5 0 2 0 0
0 0 0 1 0 0 0 0 0
3 0 1 0 7 0 5 0 6
0 0 0 0 0 2 0 0 0
0 0 5 0 2 0 0 9 0
2 7 0 0 6 0 0 1 0
9 1 0 8 0 0 3 0 0

12 44
0 3 0 0 0 1 0 9 0
5 0 0 4 0 0 0 0 3
1 0 0 0 3 0 8 2 0
4 0 3 7 0 0 0 0 0
0 6 0 1 0 2 0 4 0
0 0 0 0 0 3 5 0 7
0 5 1 0 7 0 0 0 6
9 0 0 0 0 8 0 0 1
0 7 0 9 0 0 0 3 0

12 45
6 0 0 0 0 2 0 1 0
0 8 0 5 0 0 0 0 0
4 0 5 0 0 3 8 0 6
0 1 0 0 5 0 0 4 0
0 6 0 0 7 0 0 9 0
0 2 0 0 4 0 0 6 0
9 0 7 0 0 5 3 0 1
0 3 0 9 0 0 0 0 0
2 0 0 0 0 8 0 7 0

12 46
6 0 0 5 0 4 0 0 2
1 0 0 0 2 0 0 0 7
0 9 2 0 0 0 4 1 0
7 0 0 0 9 0 0 0 1
0 2 0 8 0 5 0 3 0
5 0 9 0 3 0 8 0 4
0 7 0 0 0 0 0 4 0
2 0 0 0 0 0 0 0 6
0 0 8 0 4 0 1 0 0

12 47
7 0 0 5 0 2 4 0 1
0 1 5 0 3 0 0 8 0
3 0 0 0 0 0 0 0 0
0 0 4 0 6 0 8 0 0
8 0 0 9 0 5 0 0 6
0 0 6 0 4 0 3 0 0
6 0 0 0 0 0 0 0 0
0 2 3 0 1 0 0 9 0
9 0 0 8 0 7 6 0 3

12 48
2 0 0 7 3 0 6 0 0
3 0 0 2 5 0 0 4 1
0 8 0 0 0 0 2 0 0
0 3 0 0 0 0 0 0 0
9 0 7 0 1 0 3 0 6
0 0 0 0 0 0 0 1 0
0 0 3 0 0 0 0 5 0
1 9 0 0 8 4 0 0 2
0 0 8 0 2 6 0 0 9

12 49
6 0 5 0 1 0 0 0 9
0 0 0 0 0 0 0 1 0
3 1 0 4 0 2 5 0 0
0 0 8 0 9 0 0 0 2
0 9 0 7 0 8 0 4 0
1 0 0 0 2 0 8 0 0
0 0 1 2 0 5 0 3 8
0 2 0 0 0 0 0 0 0
8 0 0 0 7 0 1 0 6

12 50
0 5 0 9 0 0 2 0 1
3 0 0 0 4 0 0 0 0
0 8 0 0 0 0 3 0 0
1 0 5 0 3 0 0 7 0
0 7 8 0 0 6 0 2 3
2 0 4 0 8 0 0 9 0
0 4 0 0 0 0 6 0 0
5 0 0 0 1 0 0 0 0
0 1 0 8 0 0 7 0 5

13 1
3 2 0 0 0 0 0 4 6
0 0 5 0 0 0 9 0 0
0 8 9 2 0 4 3 1 0
0 0 7 0 9 0 0 0 0
8 3 0 0 0 0 0 2 9
0 0 2 0 4 0 0 0 0
0 9 3 4 0 6 2 7 0
0 0 8 0 0 0 4 0 0
7 4 0 0 0 0 0 9 8

13 2
0 4 0 9 0 0 0 0 0
9 0 5 0 7 0 0 0 3
0 3 0 0 0 4 6 0 9
0 2 0 3 0 0 0 5 0
0 0 9 1 0 5 7 0 0
0 5 0 0 0 2 0 9 0
4 0 8 5 0 0 0 3 0
5 0 0 0 6 0 9 0 4
0 0 0 0 0 9 0 8 0

13 3
0 1 0 6 0 9 0 3 0
0 0 6 0 3 0 9 0 0
0 3 0 0 8 0 0 5 0
3 2 0 0 4 0 0 8 5
0 0 0 5 0 7 0 0 0
9 0 0 0 0 0 0 0 7
0 8 0 0 5 0 0 9 0
0 0 1 0 9 0 8 0 0
0 9 0 8 0 2 0 6 0

13 4
2 0 0 0 0 0 0 0 5
0 9 6 0 0 0 1 2 0
0 0 0 8 0 2 0 0 0
0 3 0 9 0 8 0 4 0
0 0 9 0 7 0 2 0 0
0 8 0 5 0 6 0 7 0
0 0 8 3 0 7 9 0 0
0 0 4 0 0 0 5 0 0
9 2 0 0 0 0 0 8 7

13 5
0 0 0 3 1 6 0 0 0
1 6 0 0 0 0 0 2 9
0 0 0 9 8 2 0 0 0
0 1 5 0 0 0 8 9 0
0 0 0 0 9 0 0 0 0
0 9 7 0 0 0 2 6 0
0 0 0 1 4 9 0 0 0
9 2 0 0 0 0 0 7 4
0 0 0 2 7 5 0 0 0

13 6
2 0 0 9 4 1 0 0 6
0 0 0 7 0 3 0 0 0
0 0 7 0 0 0 9 0 0
7 2 0 5 0 9 0 4 3
3 0 0 0 0 0 0 0 5
8 5 0 4 0 2 0 6 7
0 0 2 0 0 0 3 0 0
0 0 0 2 0 6 0 0 0
4 0 0 3 8 7 0 0 2

13 7
0 0 8 4 0 0 7 9 6
0 0 7 0 0 9 0 0 0
0 9 0 0 2 0 0 0 5
7 0 0 9 0 2 0 1 0
0 6 0 0 0 0 9 0 0
9 0 0 7 0 3 0 2 0
0 7 0 0 9 0 0 0 2
0 0 4 0 0 6 0 0 0
0 0 9 2 0 0 8 7 4

13 8
1 8 0 0 9 0 0 6 4
0 0 5 0 1 0 0 0 0
3 0 0 0 0 0 1 2 0
0 1 0 2 0 9 0 0 0
0 0 0 0 4 0 0 0 3
0 5 0 8 0 7 0 0 0
2 0 0 0 0 0 5 8 0
0 0 4 0 8 0 0 0 0
8 7 0 0 2 0 0 1 6

13 9
2 7 0 0 0 0 0 0 0
3 0 8 0 7 0 9 0 0
0 0 0 0 3 1 0 0 2
0 4 0 7 0 6 2 0 0
0 0 0 0 0 0 7 8 0
0 1 0 2 0 5 4 0 0
0 0 0 0 2 7 0 0 9
7 0 6 0 5 0 3 0 0
9 5 0 0 0 0 0 0 0

13 10
0 0 4 2 0 0 0 0 0
0 0 6 8 0 0 4 1 0
0 0 0 0 0 0 8 2 0
0 2 0 0 1 0 0 0 5
8 3 0 0 2 9 0 7 6
0 9 0 0 3 0 0 0 8
0 0 0 0 0 0 7 8 0
0 0 8 7 0 0 5 9 0
0 0 2 9 0 0 0 0 0

13 11
0 0 0 6 0 3 0 0 0
0 2 8 0 0 0 6 1 0
6 0 0 5 0 8 0 0 3
9 0 0 0 5 0 0 0 2
7 0 2 0 6 0 4 0 9
4 0 6 2 0 9 5 0 1
0 7 0 0 9 0 0 5 0
0 0 9 0 0 0 2 0 0
0 0 0 4 7 2 0 0 0

13 12
0 0 0 2 1 4 0 0 9
0 0 3 0 0 0 0 4 0
0 0 0 0 5 0 7 0 8
9 0 5 0 0 0 0 2 0
0 7 0 4 0 8 0 0 0
4 0 2 0 0 0 0 7 0
0 0 0 0 3 0 9 0 4
0 0 9 0 0 0 0 1 0
0 0 0 6 7 9 0 0 2

13 13
0 1 0 0 0 0 0 8 0
2 0 5 0 9 0 1 0 4
0 9 0 1 0 7 0 2 0
0 0 4 0 0 0 3 0 0
0 0 0 3 0 2 0 0 0
0 3 0 0 6 0 0 1 0
1 0 9 0 0 0 4 0 7
0 2 0 7 0 8 0 9 0
0 0 7 0 0 0 2 0 0

13 14
5 2 0 0 0 0 0 7 4
3 0 0 4 0 8 0 0 0
0 0 9 0 0 0 3 0 0
9 0 4 0 0 0 5 0 3
0 1 0 5 0 6 0 8 0
2 0 6 0 0 0 9 0 7
0 0 5 0 0 0 2 0 0
4 0 0 2 0 5 0 0 0
8 3 0 0 0 0 0 5 9

13 15
0 3 0 0 0 0 2 0 0
8 1 7 0 0 0 4 5 0
0 0 0 3 5 0 8 0 0
0 5 0 0 7 0 0 2 0
2 0 0 0 3 0 0 0 9
0 6 0 0 2 0 0 4 0
0 0 5 0 4 6 0 0 0
0 2 6 0 0 0 5 3 4
0 0 9 0 0 0 0 6 0

13 16
0 0 0 6 0 4 0 0 0
0 0 7 0 3 0 8 0 0
0 1 0 0 8 0 0 5 0
0 0 1 0 0 0 7 0 0
0 2 0 8 4 7 0 3 0
7 0 0 0 0 0 0 0 5
3 8 0 0 7 0 0 1 6
0 4 0 0 9 0 0 8 0
0 0 6 3 5 8 4 0 0

13 17
3 0 0 0 8 0 0 0 9
8 0 2 0 0 0 3 0 4
0 7 0 2 0 3 0 8 0
0 0 7 5 0 9 8 0 0
0 0 0 0 6 0 0 0 0
0 0 8 3 0 2 5 0 0
0 8 4 0 0 0 2 1 0
0 1 0 0 0 0 0 4 0
2 0 0 0 9 0 0 0 8

13 18
0 9 0 2 0 8 0 1 0
3 0 0 0 4 0 0 0 8
8 0 5 0 0 0 9 0 3
0 0 0 9 0 5 0 0 0
0 5 0 0 0 0 0 9 0
9 0 8 0 6 0 4 0 5
0 8 0 0 0 0 0 6 0
2 0 0 6 0 4 0 0 7
0 3 0 0 9 0 0 5 0

13 19
7 0 0 0 8 0 0 0 0
0 4 0 0 0 0 2 8 0
8 0 2 5 0 1 0 7 0
0 0 0 0 5 0 0 0 4
2 0 4 0 0 0 1 0 0
0 0 0 0 6 0 0 0 8
1 0 7 3 0 8 0 9 0
0 9 0 0 0 0 5 3 0
3 0 0 0 9 0 0 0 0

13 20
0 0 0 0 2 0 0 0 0
0 6 0 5 0 7 0 3 0
0 0 3 0 6 0 2 0 0
0 3 0 2 0 8 0 9 0
0 0 8 0 7 0 6 0 0
0 2 0 4 0 6 0 1 0
0 0 6 0 4 0 9 0 0
0 9 0 6 0 2 0 5 0
0 0 2 0 3 0 8 0 0

13 21
0 0 4 8 0 2 9 0 0
0 2 0 6 0 7 0 8 0
6 0 0 0 0 0 0 0 2
0 6 0 0 0 0 0 5 0
0 0 8 0 5 0 6 0 0
0 0 0 3 6 8 0 0 0
0 0 9 0 0 0 2 0 0
0 4 6 2 0 5 8 3 0
8 0 0 0 1 0 0 0 7

13 22
2 6 0 0 0 0 0 8 4
4 0 1 0 7 0 6 0 3
0 9 0 2 0 6 0 5 0
0 0 0 0 0 0 0 0 0
0 0 0 4 0 1 0 0 0
6 0 0 0 0 0 0 0 8
0 2 0 7 0 4 0 6 0
7 0 3 0 6 0 8 0 2
9 4 0 0 0 0 0 7 5

13 23
0 1 8 6 0 0 0 0 3
0 9 6 0 0 0 2 0 0
0 0 0 0 0 3 1 0 0
0 7 0 2 0 1 8 0 0
8 0 0 0 0 0 0 0 5
0 0 3 8 0 7 0 1 0
0 0 2 4 0 0 0 0 0
0 0 4 0 0 0 7 5 0
5 0 0 0 0 8 3 2 0

13 24
0 0 0 1 0 7 0 0 0
0 0 0 0 2 0 0 0 0
0 5 7 0 0 0 2 3 0
0 3 2 0 0 0 4 8 0
0 1 8 0 7 0 5 2 0
0 9 4 0 0 0 3 1 0
0 2 9 0 0 0 7 5 0
0 0 0 0 9 0 0 0 0
0 0 0 4 0 1 0 0 0

13 25
0 0 2 3 0 1 7 0 0
0 1 0 0 9 0 0 2 0
5 0 0 0 0 0 0 0 8
0 8 0 0 3 0 0 0 5
0 0 7 0 0 2 0 3 0
0 4 0 0 5 0 0 0 1
6 0 0 0 0 0 0 0 9
0 2 0 0 8 0 0 6 0
0 0 5 6 0 4 1 0 0

13 26
9 0 0 0 0 5 1 0 0
0 0 1 9 0 0 0 0 3
0 6 0 0 1 0 0 7 0
4 0 0 0 0 3 8 0 0
5 0 0 0 0 0 0 0 2
0 0 8 2 0 0 0 0 6
0 3 0 0 9 0 0 4 0
1 0 0 0 0 7 5 0 0
0 0 2 5 0 0 0 0 9

13 27
0 3 1 0 0 0 4 6 8
0 0 0 3 0 0 1 0 0
0 0 0 0 7 0 9 0 0
6 0 0 0 0 3 5 0 0
9 0 0 0 0 0 0 0 6
0 0 2 5 0 0 0 0 3
0 0 8 0 1 0 0 0 0
0 0 4 0 0 7 0 0 0
5 1 9 0 0 0 2 7 0

13 28
0 0 0 0 0 0 0 0 0
0 0 1 8 0 3 7 0 0
7 8 0 0 0 0 0 3 4
0 0 6 0 3 0 4 0 0
9 0 0 2 0 5 0 0 1
0 0 3 0 4 0 2 0 0
1 7 0 0 0 0 0 6 2
0 0 2 9 0 1 8 0 0
0 0 0 0 0 0 0 0 0

13 29
0 0 0 9 0 8 0 0 0
1 3 0 0 4 0 0 2 8
0 8 0 2 0 1 0 9 0
0 5 2 0 0 0 1 8 0
0 0 7 8 0 3 2 0 0
0 0 0 7 0 2 0 0 0
0 0 4 0 0 0 9 0 0
0 9 0 0 6 0 0 1 0
0 1 0 3 0 9 0 5 0

13 30
0 0 0 9 0 5 0 0 0
0 8 0 0 6 0 0 9 0
6 0 3 0 0 0 5 0 4
0 0 0 6 0 1 0 0 0
5 7 0 0 2 0 0 6 1
0 0 0 3 0 7 0 0 0
7 0 4 0 0 0 2 0 8
0 1 0 0 7 0 0 3 0
0 0 0 1 0 8 0 0 0

13 31
0 0 0 5 9 0 0 8 0
0 0 7 0 0 0 5 0 0
0 3 0 0 0 2 0 0 4
0 0 1 0 2 0 0 7 0
8 0 0 1 0 5 0 0 9
0 4 0 0 3 0 1 0 0
6 0 0 2 0 0 0 3 0
0 0 3 0 0 0 8 0 0
0 7 0 0 6 4 0 0 0

13 32
0 0 0 8 0 7 0 0 0
1 0 6 0 3 0 9 0 8
0 3 0 0 0 0 0 4 0
9 0 0 0 7 0 2 0 0
0 8 0 0 0 0 0 3 0
0 0 1 0 4 0 0 0 5
0 5 0 0 0 0 0 1 0
2 0 8 0 1 0 6 0 9
0 0 0 4 0 6 0 0 0

13 33
0 0 0 2 0 1 0 0 0
0 1 0 0 8 0 0 4 0
0 2 0 4 0 5 0 3 0
3 0 6 0 2 0 4 0 9
0 8 0 7 0 3 0 6 0
2 0 7 0 5 0 3 0 1
0 3 0 5 0 9 0 1 0
0 7 0 0 1 0 0 9 0
0 0 0 3 0 7 0 0 0

13 34
0 1 0 0 9 0 0 2 0
0 0 4 0 0 0 7 0 0
0 6 7 2 0 3 1 8 0
0 8 0 0 3 0 0 7 0
4 0 0 0 0 0 0 0 3
0 3 0 0 8 0 0 1 0
0 4 1 6 0 9 5 3 0
0 0 2 0 0 0 9 0 0
0 9 0 0 1 0 0 4 0

13 35
0 5 1 0 0 0 0 4 0
0 0 0 2 4 9 0 0 0
9 0 0 0 0 0 2 0 0
6 0 0 9 0 1 0 7 0
3 0 0 0 2 0 0 0 8
0 7 0 8 0 3 0 0 1
0 0 6 0 0 0 0 0 3
0 0 0 6 8 5 0 0 0
0 9 0 0 0 0 5 6 0

13 36
0 0 6 4 0 0 0 0 0
9 0 0 0 7 0 0 0 3
0 1 0 0 0 6 0 2 0
0 0 2 0 5 0 0 0 8
0 3 0 1 0 2 0 5 0
1 0 0 0 9 0 2 0 0
0 5 0 9 0 0 0 7 0
6 0 0 0 1 0 0 0 9
0 0 0 0 0 4 8 0 0

13 37
1 2 0 0 0 0 0 8 0
0 6 0 0 0 0 9 2 5
0 0 5 4 0 0 1 0 0
0 0 0 3 9 6 0 0 0
0 0 7 0 0 0 3 0 0
0 0 0 1 8 7 0 0 0
0 0 2 0 0 5 4 0 0
3 1 6 0 0 0 0 7 0
0 4 0 0 0 0 0 6 1

13 38
0 0 0 0 0 0 0 0 0
0 1 2 5 0 4 7 3 0
0 9 0 0 1 0 0 5 0
0 4 7 0 0 0 3 2 0
0 2 0 0 6 0 0 9 0
0 0 3 0 0 0 1 0 0
0 0 1 0 0 0 2 0 0
0 3 0 1 0 8 0 7 0
0 0 4 0 3 0 5 0 0

13 39
1 0 0 0 0 0 0 0 7
0 0 7 0 0 0 2 0 0
0 2 0 9 0 7 0 5 0
7 0 5 0 3 0 1 0 8
0 0 0 2 0 6 0 0 0
2 0 4 0 8 0 3 0 5
0 4 0 8 0 5 0 1 0
0 0 6 0 0 0 9 0 0
8 0 0 0 0 0 0 0 6

13 40
3 0 0 0 9 0 0 0 0
0 6 0 0 0 5 0 0 0
0 0 1 0 0 0 9 0 5
1 0 0 7 8 6 0 2 0
0 8 0 0 0 0 0 3 0
0 4 0 1 2 3 0 0 7
8 0 7 0 0 0 3 0 0
0 0 0 6 0 0 0 9 0
0 0 0 0 4 0 0 0 8

13 41
0 0 0 0 0 3 0 0 0
0 0 1 4 0 0 7 0 0
0 9 0 0 6 0 0 1 0
7 0 0 1 0 4 0 0 9
4 0 2 0 0 0 1 0 5
8 0 0 7 0 2 0 0 3
0 6 0 0 7 0 0 8 0
0 0 3 0 0 9 5 0 0
0 0 0 8 0 0 0 0 0

13 42
0 0 8 0 0 0 3 0 0
0 1 0 0 0 0 5 4 0
3 0 0 2 0 9 7 0 0
0 2 6 1 0 0 0 0 7
0 0 0 0 0 0 0 0 0
7 0 0 0 0 5 2 3 0
0 0 3 8 0 1 0 0 2
0 4 2 0 0 0 0 6 0
0 0 1 0 0 0 9 0 0

13 43
0 0 0 0 4 0 9 0 0
0 3 0 1 0 9 0 0 2
6 0 1 0 8 0 0 4 0
0 1 0 4 0 0 7 0 0
0 0 6 0 0 0 0 0 0
0 2 0 7 0 0 3 0 0
1 0 3 0 2 0 0 5 0
0 7 0 5 0 8 0 0 9
0 0 0 0 7 0 1 0 0

13 44
0 0 1 0 0 9 0 0 2
0 3 0 7 0 0 5 0 6
0 0 4 0 0 0 0 7 0
0 8 0 0 2 0 0 0 0
4 0 0 9 0 1 0 0 7
0 0 0 0 5 0 0 3 0
0 1 0 0 0 0 9 0 0
9 0 5 0 0 8 0 2 0
6 0 0 4 0 0 8 0 0

13 45
0 0 0 0 0 8 0 0 9
3 0 0 0 6 0 5 0 0
0 5 0 3 0 0 0 2 0
9 0 4 0 0 1 0 0 7
0 8 0 0 2 0 0 1 0
1 0 0 8 0 0 3 0 5
0 3 0 0 0 2 0 9 0
0 0 2 0 7 0 0 0 3
6 0 0 4 0 0 0 0 0

13 46
0 1 0 0 0 0 0 3 0
3 0 8 0 2 0 6 0 5
0 5 0 3 0 4 0 8 0
0 0 0 0 5 0 0 0 0
0 0 0 7 0 1 0 0 0
0 6 0 0 0 0 0 4 0
9 0 4 0 1 0 7 0 2
0 3 0 8 0 2 0 1 0
0 0 0 0 7 0 0 0 0

13 47
0 0 9 0 0 0 0 2 4
5 0 3 0 6 0 0 1 0
0 1 2 7 0 0 6 0 0
8 0 0 0 0 4 0 0 0
0 3 0 0 0 0 0 9 0
0 0 0 5 0 0 0 0 8
0 0 8 0 0 1 2 3 0
0 7 0 0 2 0 9 0 1
2 5 0 0 0 0 8 0 0

13 48
1 0 5 0 0 0 4 0 7
0 3 0 0 0 0 0 5 0
2 0 7 0 4 0 6 0 1
0 0 0 2 0 1 0 0 0
0 0 3 0 0 0 7 0 0
0 0 0 8 0 9 0 0 0
6 0 1 0 8 0 5 0 9
0 7 0 0 0 0 0 6 0
9 0 2 0 0 0 1 0 3

13 49
0 0 0 0 0 9 0 0 0
0 8 0 5 0 0 9 0 0
0 0 2 0 7 1 0 6 0
0 4 0 0 3 5 6 0 0
0 7 0 0 0 0 0 4 0
0 0 8 1 2 0 0 9 0
0 5 0 6 1 0 3 0 0
0 0 7 0 0 2 0 8 0
0 0 0 8 0 0 0 0 0

13 50
7 0 0 0 6 0 0 0 2
0 2 9 0 0 0 8 1 0
0 1 5 0 0 0 7 3 0
0 0 0 5 0 7 0 0 0
1 0 0 0 2 0 0 0 3
0 0 0 4 0 9 0 0 0
0 4 1 0 0 0 6 8 0
0 5 3 0 0 0 9 2 0
9 0 0 0 8 0 0 0 1

14 1
0 2 0 0 0 0 0 7 0
9 0 0 5 0 4 0 0 8
3 0 4 0 6 0 2 0 9
0 0 9 0 0 0 7 0 0
7 0 0 0 0 0 0 0 4
0 0 5 0 0 0 8 0 0
1 0 2 0 9 0 3 0 6
6 0 0 4 0 1 0 0 7
0 9 0 0 0 0 0 8 0

14 2
0 0 0 0 0 0 2 6 0
8 1 0 2 0 4 0 0 0
5 0 0 0 1 0 7 0 0
0 0 0 5 0 0 0 3 0
2 4 0 0 0 0 0 1 5
0 5 0 0 0 1 0 0 0
0 0 3 0 9 0 0 0 8
0 0 0 6 0 3 0 2 9
0 7 5 0 0 0 0 0 0

14 3
0 0 0 0 9 0 0 0 0
3 0 0 0 1 0 0 0 6
0 6 0 7 0 3 0 8 0
5 0 6 0 2 0 3 0 8
0 0 0 0 0 0 0 0 0
8 0 2 0 3 0 1 0 4
0 8 0 2 0 5 0 7 0
9 0 0 0 4 0 0 0 3
0 0 0 0 7 0 0 0 0

14 4
0 0 8 0 0 5 6 0 1
0 0 0 0 6 0 0 0 0
0 1 2 0 3 0 0 5 4
7 0 0 0 0 0 0 1 0
0 0 0 4 0 2 0 0 0
0 3 0 0 0 0 0 0 9
4 7 0 0 1 0 3 8 0
0 0 0 0 7 0 0 0 0
1 0 9 8 0 0 5 0 0

14 5
7 0 3 0 0 0 6 0 4
0 0 0 3 0 5 0 0 0
0 6 0 0 9 0 0 3 0
0 0 2 0 7 0 8 0 0
1 0 0 0 0 0 0 0 6
0 0 9 0 8 0 4 0 0
0 1 0 0 5 0 0 7 0
0 0 0 1 0 2 0 0 0
8 0 5 0 0 0 1 0 9

14 6
2 0 0 0 6 0 0 0 1
3 0 0 1 0 8 0 0 5
0 0 5 0 4 0 8 0 0
0 0 4 0 0 0 9 0 0
0 3 0 0 0 0 0 7 0
0 0 0 7 0 4 0 0 0
0 0 2 0 0 0 3 0 0
0 9 0 4 0 2 0 1 0
1 8 0 0 3 0 0 6 2

14 7
0 0 2 5 0 1 0 0 0
0 8 0 0 0 3 0 5 0
3 0 0 2 0 0 4 0 0
4 0 0 0 0 0 0 0 6
0 2 0 7 0 8 0 1 0
8 0 0 0 0 0 0 0 5
0 0 7 0 0 9 0 0 3
0 5 0 1 0 0 0 9 0
0 0 0 3 0 6 7 0 0

14 8
2 5 0 0 0 0 0 6 3
1 9 0 0 0 0 0 4 8
0 0 6 0 9 0 7 0 0
0 0 0 3 0 7 0 0 0
0 0 5 0 0 0 6 0 0
0 0 0 8 0 4 0 0 0
0 0 9 0 1 0 8 0 0
3 6 0 0 0 0 0 5 9
5 2 0 0 0 0 0 7 4

14 9
0 0 0 0 0 6 7 0 0
0 0 1 4 0 0 5 2 3
8 0 0 1 0 0 0 6 0
0 0 8 0 7 0 0 0 0
0 7 0 0 0 0 0 9 0
0 0 0 0 4 0 1 0 0
0 2 0 0 0 5 0 0 8
9 1 4 0 0 2 3 0 0
0 0 6 3 0 0 0 0 0

14 10
5 0 0 0 7 0 9 3 0
0 0 0 3 0 0 5 0 0
8 0 1 0 0 0 0 2 0
0 0 0 0 6 0 8 0 0
0 2 0 8 0 1 0 7 0
0 0 9 0 3 0 0 0 0
0 5 0 0 0 0 1 0 4
0 0 3 0 0 4 0 0 0
0 1 6 0 8 0 0 0 7

14 11
0 0 2 0 5 0 0 0 0
4 1 0 0 0 8 0 0 0
0 0 0 0 0 4 6 0 0
0 0 5 3 0 2 0 6 0
0 7 0 4 1 0 0 3 8
0 0 1 8 0 5 0 9 0
0 0 0 0 0 3 2 0 0
7 6 0 0 0 9 0 0 0
0 0 4 0 6 0 0 0 0

14 12
3 0 0 0 5 0 0 0 8
0 2 0 0 0 0 0 4 0
0 0 0 0 0 0 5 0 0
7 0 0 4 2 0 0 0 9
0 1 4 0 9 0 6 8 0
8 0 0 0 1 3 0 0 2
0 0 6 0 0 0 0 0 0
0 3 0 0 0 0 0 2 0
9 0 0 0 8 0 0 0 7

14 13
0 5 0 0 0 0 0 4 0
0 2 0 0 5 0 6 7 0
0 6 0 4 9 0 0 5 0
0 0 0 0 0 0 5 0 0
6 9 4 0 1 0 8 2 7
0 0 2 0 0 0 0 0 0
0 3 0 0 8 2 0 6 0
0 1 7 0 4 0 0 8 0
0 4 0 0 0 0 0 3 0

14 14
0 0 6 0 0 0 0 0 0
0 0 8 0 0 9 4 0 0
0 0 0 0 2 6 0 1 5
0 3 0 0 8 0 1 0 0
4 0 7 0 0 0 2 0 6
0 0 1 0 4 0 0 7 0
5 7 0 1 3 0 0 0 0
0 0 2 7 0 0 9 0 0
0 0 0 0 0 0 8 0 0

14 15
3 0 0 0 6 0 0 0 0
0 0 6 0 0 0 0 8 0
0 0 0 3 0 7 9 0 0
8 0 3 0 0 9 0 2 6
0 9 0 0 0 0 1 0 0
6 0 2 0 0 8 0 5 9
0 0 0 4 0 1 3 0 0
0 0 7 0 0 0 0 1 0
4 0 0 0 5 0 0 0 0

14 16
4 0 0 0 1 0 0 0 6
0 1 0 0 2 0 0 9 0
5 0 0 6 0 3 0 0 1
0 0 8 0 0 0 9 0 0
0 2 0 0 0 0 0 3 0
0 0 5 0 0 0 4 0 0
9 0 0 2 0 4 0 0 7
0 8 0 0 3 0 0 6 0
1 0 0 0 7 0 0 0 9

14 17
6 0 7 0 8 0 0 0 0
0 1 0 9 0 2 0 0 3
0 0 0 0 0 0 2 0 0
8 0 0 7 0 9 0 0 4
0 0 2 0 0 0 9 0 0
5 0 0 1 0 8 0 0 6
0 0 3 0 0 0 0 0 0
1 0 0 3 0 4 0 5 0
0 0 0 0 1 0 6 0 7

14 18
0 8 6 9 0 3 4 1 0
0 7 0 8 0 1 0 5 0
1 0 0 0 0 0 0 0 3
7 0 0 0 0 0 0 0 8
0 0 0 4 2 5 0 0 0
9 0 0 0 0 0 0 0 4
4 0 0 0 0 0 0 0 9
0 2 0 6 0 4 0 7 0
0 1 9 2 0 7 8 4 0

14 19
0 9 0 0 0 0 0 7 0
0 0 0 1 0 5 0 0 0
5 0 4 0 6 0 9 0 1
0 5 0 0 0 0 0 1 0
8 0 3 0 0 0 2 0 9
0 6 0 0 0 0 0 8 0
9 0 2 0 3 0 1 0 5
0 0 0 7 0 2 0 0 0
0 3 0 0 0 0 0 4 0

14 20
8 1 7 0 0 0 4 3 2
0 0 0 4 0 8 0 0 0
0 0 2 0 0 0 9 0 0
0 6 0 0 5 0 0 1 0
3 0 0 0 0 0 0 0 5
0 2 0 0 3 0 0 9 0
0 0 8 0 0 0 1 0 0
0 0 0 2 0 9 0 0 0
5 9 6 0 0 0 7 2 4

14 21
0 0 0 0 3 0 0 0 0
0 0 3 2 0 5 1 0 0
9 0 2 0 1 0 6 0 7
0 1 0 0 6 0 0 4 0
5 0 0 0 0 0 0 0 1
0 7 0 0 4 0 0 6 0
8 0 7 0 2 0 4 0 5
0 0 6 9 0 7 8 0 0
0 0 0 0 8 0 0 0 0

14 22
0 0 0 0 7 0 0 0 0
0 0 0 2 0 6 0 0 0
0 0 8 0 1 0 6 0 0
0 5 3 0 4 0 1 2 0
0 6 0 0 5 0 0 9 0
1 0 0 9 0 2 0 0 5
0 3 5 0 0 0 2 4 0
0 0 0 4 2 5 0 0 0
0 8 0 0 9 0 0 7 0

14 23
0 0 1 7 0 8 3 0 0
0 5 0 0 3 0 0 1 0
0 8 0 0 0 0 0 6 0
2 0 0 0 8 0 0 0 4
5 0 0 0 1 0 0 0 2
4 0 0 0 5 0 0 0 6
0 2 0 0 0 0 0 5 0
0 4 0 0 7 0 0 9 0
0 0 5 9 0 1 6 0 0

14 24
0 1 9 0 0 0 3 7 0
5 0 0 0 1 0 0 0 2
0 0 0 7 2 6 0 0 0
0 0 8 0 9 0 6 0 0
9 0 0 0 0 0 0 0 5
0 0 5 0 6 0 7 0 0
0 0 0 1 4 2 0 0 0
3 0 0 0 8 0 0 0 7
0 4 1 0 0 0 2 8 0

14 25
0 0 2 3 0 8 1 0 0
0 0 9 0 0 0 7 0 0
0 1 0 0 5 0 0 2 0
7 0 0 0 0 0 0 0 6
0 4 0 0 0 0 0 8 0
2 0 0 4 9 3 0 0 1
9 0 4 7 0 5 6 0 8
0 5 0 0 0 0 0 3 0
0 0 1 0 6 0 9 0 0

14 26
0 0 0 0 4 9 0 0 0
0 0 7 6 0 2 0 0 0
0 0 0 1 0 0 5 0 0
0 1 3 8 0 0 0 6 4
5 7 0 0 0 0 0 3 1
6 2 0 0 0 4 9 7 0
0 0 6 0 0 5 0 0 0
0 0 0 2 0 8 1 0 0
0 0 0 7 3 0 0 0 0

14 27
0 0 0 1 0 2 0 0 0
0 0 0 0 7 0 0 0 0
0 0 9 3 0 6 5 0 0
0 0 6 0 2 0 9 0 0
3 9 0 0 1 0 0 5 4
0 0 1 5 0 3 2 0 0
0 0 5 0 0 0 6 0 0
0 6 0 0 8 0 0 7 0
0 0 8 9 0 4 1 0 0

14 28
8 0 0 0 0 0 0 0 0
0 5 0 0 1 0 3 0 9
1 2 9 0 0 3 0 4 0
0 0 0 7 0 0 1 0 0
0 0 0 0 4 6 0 3 0
0 0 0 8 0 0 5 0 0
9 4 5 0 0 1 0 2 0
0 1 0 0 7 0 6 0 5
2 0 0 0 0 0 0 0 0

14 29
0 0 8 6 0 5 9 0 0
0 0 0 0 9 0 0 0 0
9 0 0 1 0 2 0 0 3
3 0 2 0 0 0 6 0 4
0 5 0 0 0 0 0 9 0
4 0 1 0 0 0 7 0 5
8 0 0 7 0 1 0 0 6
0 0 0 0 8 0 0 0 0
0 0 5 2 0 4 1 0 0

14 30
2 4 3 1 0 0 0 0 0
0 0 0 0 3 0 0 0 0
0 0 8 0 9 0 7 0 0
0 5 0 0 0 1 0 0 8
8 1 0 5 0 3 0 7 9
0 2 0 0 0 9 0 0 6
0 0 5 0 1 0 8 0 0
0 0 0 0 4 0 0 0 0
9 3 2 6 0 0 0 0 0

14 31
1 2 3 0 0 0 8 7 0
0 5 0 0 0 0 0 6 9
0 0 0 0 2 8 0 0 0
0 0 8 0 0 4 0 0 0
0 0 2 6 0 9 5 0 0
0 0 0 1 0 0 3 0 0
0 0 0 7 4 0 0 0 0
9 4 0 0 0 0 0 1 0
0 3 1 0 0 0 4 5 7

14 32
5 0 0 0 0 0 0 8 0
3 0 0 0 4 9 0 0 1
0 9 0 7 0 0 6 0 0
0 0 6 0 0 0 0 4 0
8 0 0 0 7 0 0 0 2
0 1 0 0 0 0 7 0 0
0 0 1 0 0 4 0 7 0
2 0 0 8 3 0 0 0 5
0 5 0 0 0 0 0 0 9

14 33
0 0 5 9 0 0 0 7 0
0 0 3 4 0 0 2 0 6
0 4 0 0 8 0 0 9 0
0 0 6 1 0 0 0 0 8
5 0 0 0 0 0 0 0 3
2 0 0 0 0 4 1 0 0
0 2 0 0 7 0 0 3 0
3 0 1 0 0 2 9 0 0
0 8 0 0 0 5 4 0 0

14 34
0 0 0 0 5 0 0 0 0
0 0 7 4 0 3 5 0 0
0 8 0 6 1 7 0 9 0
0 0 1 0 0 0 9 0 0
6 0 2 0 0 0 1 0 4
0 0 3 0 0 0 8 0 0
0 4 0 8 2 6 0 3 0
0 0 5 9 0 1 6 0 0
0 0 0 0 7 0 0 0 0

14 35
0 0 6 0 5 0 4 0 0
0 0 2 0 0 0 5 0 0
0 3 8 4 0 1 7 6 0
0 0 9 0 0 0 2 0 0
0 0 0 5 0 9 0 0 0
0 0 0 0 8 0 0 0 0
3 0 0 0 1 0 0 0 5
2 4 1 0 6 0 3 7 8
9 0 0 0 0 0 0 0 1

14 36
0 0 3 0 0 0 9 5 0
0 0 0 0 0 0 0 0 8
8 7 4 0 1 0 0 3 0
0 0 1 3 6 0 4 0 0
0 0 0 0 0 2 7 0 0
0 0 6 8 7 0 5 0 0
6 9 2 0 8 0 0 4 0
0 0 0 0 0 0 0 0 5
0 0 5 0 0 0 8 9 0

14 37
4 3 0 0 0 0 0 5 2
2 1 0 0 5 0 0 8 7
0 6 0 0 0 0 0 0 0
0 0 2 5 0 0 0 0 0
0 0 1 3 0 9 4 0 0
0 0 0 0 0 6 8 0 0
0 0 0 0 0 0 0 7 0
3 9 0 0 4 0 0 1 8
1 2 0 0 0 0 0 3 6

14 38
0 0 0 0 9 0 0 0 0
0 3 0 7 1 4 0 2 0
0 0 1 0 8 0 9 0 0
0 2 0 0 0 0 0 7 0
1 0 0 0 5 0 0 0 8
0 6 0 0 0 0 0 1 0
0 0 4 0 2 0 5 0 0
0 8 0 5 7 9 0 3 0
0 0 0 0 3 0 0 0 0

14 39
0 2 1 0 0 0 7 4 0
0 5 0 0 0 0 0 9 0
0 0 0 0 5 0 0 0 0
0 0 8 2 0 1 3 0 0
0 3 9 0 0 0 2 8 0
0 0 0 8 3 6 0 0 0
0 0 7 0 0 0 4 0 0
2 0 0 1 0 9 0 0 7
6 1 0 0 0 0 0 3 2

14 40
0 0 0 0 5 0 0 0 0
7 4 0 0 1 0 0 3 9
0 0 5 4 0 7 6 0 0
0 9 0 0 6 0 0 4 0
0 8 0 0 0 0 0 5 0
0 1 0 0 7 0 0 6 0
0 0 8 9 0 2 7 0 0
2 5 0 0 3 0 0 9 8
0 0 0 0 8 0 0 0 0

14 41
0 3 0 0 0 0 0 0 0
0 0 0 0 0 0 0 1 0
0 0 1 3 5 9 6 0 4
2 0 0 0 1 0 4 0 5
8 7 0 2 0 5 0 0 0
1 0 0 0 9 0 8 0 3
0 0 7 1 6 2 9 0 8
0 0 0 0 0 0 0 4 0
0 6 0 0 0 0 0 0 0

14 42
0 0 1 0 0 0 8 0 0
0 0 0 8 0 1 0 0 0
8 4 3 5 0 6 1 2 9
0 0 0 0 0 0 0 0 0
0 0 4 1 0 9 6 0 0
0 7 0 0 0 0 0 5 0
0 6 9 0 0 0 2 3 0
1 3 0 6 0 4 0 7 8
0 0 0 0 0 0 0 0 0

14 43
0 9 8 0 0 0 6 1 0
0 1 0 0 0 0 0 3 0
3 0 0 4 8 1 0 0 7
0 0 0 8 0 5 0 0 0
0 0 0 0 6 0 0 0 0
0 0 0 3 0 2 0 0 0
2 0 0 1 7 6 0 0 3
0 6 0 0 0 0 0 4 0
0 3 9 0 0 0 5 7 0

14 44
6 0 3 0 0 0 4 0 1
4 0 7 0 0 0 3 0 2
0 1 0 0 4 0 0 5 0
0 0 0 5 0 9 0 0 0
0 9 0 0 0 0 0 8 0
0 0 0 8 0 2 0 0 0
0 7 0 0 1 0 0 4 0
5 0 6 0 0 0 7 0 9
8 0 1 0 0 0 2 0 3

14 45
7 0 3 0 5 0 1 0 9
0 1 0 0 9 0 0 6 0
0 0 6 0 0 0 7 0 0
2 0 0 0 0 0 0 0 6
0 0 0 4 2 8 0 0 0
9 0 0 0 0 0 0 0 3
0 0 5 0 0 0 6 0 0
0 2 0 0 4 0 0 5 0
3 0 9 0 1 0 8 0 2

14 46
4 0 0 5 3 0 0 0 0
0 0 0 0 8 0 3 0 0
0 0 9 0 0 0 0 1 0
0 2 7 9 6 0 4 0 0
0 0 0 0 1 7 0 0 8
0 6 3 8 2 0 5 0 0
0 0 2 0 0 0 0 4 0
0 0 0 0 5 0 6 0 0
7 0 0 6 9 0 0 0 0

14 47
0 5 4 0 0 8 1 2 9
0 0 0 0 4 9 0 0 0
8 1 0 0 0 7 0 0 0
0 0 3 0 0 0 0 0 1
0 0 7 0 0 0 5 0 0
1 0 0 0 0 0 4 0 0
0 0 0 3 0 0 0 9 6
0 0 0 4 7 0 0 0 0
6 2 5 8 0 0 3 4 0

14 48
0 0 9 3 0 1 8 0 0
0 0 0 0 0 7 6 0 0
0 2 0 0 4 0 0 0 0
1 5 0 0 0 4 0 7 0
8 0 0 0 5 0 0 0 3
0 9 0 7 0 0 0 6 8
0 0 0 0 3 0 0 9 0
0 0 6 1 0 0 0 0 0
0 0 8 2 0 5 1 0 0

14 49
0 0 9 0 0 0 1 0 0
0 2 0 0 9 0 0 4 0
0 0 1 7 0 6 5 0 0
0 0 6 0 0 0 3 0 0
1 3 0 0 5 0 0 9 8
0 0 5 0 0 0 2 0 0
0 0 7 2 0 1 4 0 0
0 1 0 0 6 0 0 3 0
0 0 8 0 0 0 9 0 0

14 50
0 0 0 3 0 2 0 0 0
0 0 6 0 0 0 1 0 0
0 8 7 0 1 0 9 2 0
0 4 0 0 0 0 0 5 0
8 0 0 1 2 5 0 0 6
0 7 0 0 0 0 0 1 0
0 1 8 0 3 0 4 7 0
0 0 2 0 0 0 8 0 0
0 0 0 2 0 9 0 0 0

15 1
0 0 0 5 0 3 0 0 0
0 0 7 0 9 0 3 0 0
0 0 8 0 0 0 4 0 0
0 5 0 0 0 0 0 7 0
6 2 0 7 0 1 0 8 4
0 0 3 6 0 5 1 0 0
0 0 0 2 0 7 0 0 0
0 0 0 9 0 4 0 0 0
4 0 6 0 0 0 9 0 2

15 2
0 0 0 0 8 0 4 0 0
0 3 0 1 0 0 0 0 7
0 4 0 0 0 5 0 1 0
8 0 3 6 0 0 1 2 0
0 6 0 0 2 0 0 0 0
2 0 5 4 0 0 8 9 0
0 1 0 0 0 4 0 5 0
0 5 0 3 0 0 0 0 9
0 0 0 0 7 0 3 0 0

15 3
0 4 2 5 0 3 1 0 0
0 0 9 0 0 0 6 0 0
0 0 0 2 0 0 0 0 0
0 0 0 3 4 0 0 6 0
6 3 0 0 1 0 0 9 2
0 5 0 0 8 2 0 0 0
0 0 0 0 0 7 0 0 0
0 0 7 0 0 0 9 0 0
0 0 6 8 0 1 7 3 0

15 4
0 0 0 0 0 2 0 3 0
0 0 8 0 0 4 0 0 0
1 0 0 6 9 0 0 5 7
0 2 5 0 0 0 0 9 0
4 0 0 0 0 3 6 0 0
0 9 7 0 0 0 0 8 0
5 0 0 7 1 0 0 2 8
0 0 3 0 0 5 0 0 0
0 0 0 0 0 6 0 1 0

15 5
0 0 0 4 0 1 0 0 0
0 9 8 0 3 0 5 0 0
0 0 7 0 0 0 0 0 0
0 0 1 7 0 0 0 0 2
3 4 0 1 8 6 0 5 7
8 0 0 0 0 2 4 0 0
0 0 0 0 0 0 7 0 0
0 0 5 0 1 0 6 9 0
0 0 0 5 0 9 0 0 0

15 6
0 0 0 2 7 0 0 0 0
3 0 0 0 0 0 0 4 0
0 5 2 0 0 1 7 0 0
0 1 0 0 8 5 0 3 9
0 0 0 6 0 0 0 0 0
0 9 0 0 1 4 0 5 6
0 6 3 0 0 2 4 0 0
1 0 0 0 0 0 0 8 0
0 0 0 1 4 0 0 0 0

15 7
0 0 0 5 0 1 0 0 0
0 0 0 2 8 6 0 0 0
8 0 0 0 0 0 0 0 7
0 0 0 1 4 3 0 0 0
0 5 0 0 9 0 0 6 0
0 2 1 8 0 5 3 4 0
0 3 0 0 1 0 0 2 0
1 0 0 4 0 7 0 0 6
0 0 9 0 0 0 4 0 0

15 8
0 0 0 6 0 0 0 0 0
0 0 6 9 0 0 0 1 0
7 0 0 0 5 0 8 2 0
0 5 0 0 0 3 0 4 0
6 2 3 0 0 0 1 0 7
0 4 0 0 0 9 0 5 0
4 0 0 0 2 0 5 3 0
0 0 1 8 0 0 0 6 0
0 0 0 5 0 0 0 0 0

15 9
0 0 0 4 0 2 0 0 0
0 0 0 0 3 0 0 0 0
0 0 2 1 8 9 3 0 0
4 3 0 0 0 0 0 6 5
1 2 0 0 0 0 0 9 8
0 0 0 9 0 5 0 0 0
0 0 7 0 0 0 2 0 0
0 5 0 6 0 1 0 7 0
0 0 3 0 2 0 8 0 0

15 10
3 0 0 0 7 0 0 0 0
0 2 5 0 0 6 0 7 1
0 0 1 0 9 0 0 0 4
0 0 0 3 0 0 0 6 0
0 0 3 0 1 0 5 0 0
0 5 0 0 0 4 0 0 0
8 0 0 0 6 0 2 0 0
1 9 0 2 0 0 6 3 0
0 0 0 0 8 0 0 0 7

15 11
4 0 0 0 0 0 0 0 8
0 0 7 0 0 0 4 0 0
0 6 0 0 0 0 0 7 0
0 2 0 1 0 4 0 3 0
8 0 0 0 5 0 0 0 4
0 7 0 3 0 6 0 2 0
2 0 0 0 1 0 0 0 3
1 4 0 9 0 3 0 8 5
0 0 8 0 0 0 9 0 0

15 12
0 0 4 0 0 6 0 0 0
0 0 7 0 0 0 0 0 0
6 8 0 0 3 0 5 4 1
0 0 6 0 1 0 0 9 0
0 2 0 4 0 0 7 0 0
0 0 1 0 2 0 0 6 0
1 7 0 0 9 0 8 5 6
0 0 9 0 0 0 0 0 0
0 0 5 0 0 3 0 0 0

15 13
0 0 6 0 0 0 2 0 0
0 1 4 2 0 5 7 6 0
3 0 0 1 6 7 0 0 5
0 0 0 4 0 6 0 0 0
0 0 9 0 0 0 3 0 0
0 0 8 0 0 0 9 0 0
1 0 0 0 8 0 0 0 3
0 4 0 0 7 0 0 9 0
0 0 7 0 0 0 1 0 0

15 14
0 0 7 0 0 4 0 0 0
0 0 0 3 0 0 0 0 6
4 2 0 1 0 0 0 8 3
0 0 0 2 6 0 7 3 0
0 0 0 0 5 3 0 0 0
0 0 0 9 4 0 6 5 0
9 8 0 5 0 0 0 4 1
0 0 0 4 0 0 0 0 5
0 0 1 0 0 9 0 0 0

15 15
6 0 0 0 8 0 0 0 9
0 0 5 1 0 2 4 0 0
0 0 3 0 0 0 7 0 0
0 2 0 3 0 8 0 7 0
1 0 0 0 0 0 0 0 2
0 4 0 5 0 7 0 9 0
0 0 1 0 0 0 9 0 0
0 0 2 4 0 1 3 0 0
4 0 0 0 5 0 0 0 6

15 16
0 0 5 1 0 0 4 0 0
0 0 8 0 3 9 0 0 0
0 0 3 0 0 0 0 5 0
7 0 0 0 0 0 0 8 2
1 0 9 4 0 2 5 0 3
6 3 0 0 0 0 0 0 7
0 2 0 0 0 0 8 0 0
0 0 0 8 5 0 6 0 0
0 0 1 0 0 6 3 0 0

15 17
0 0 0 4 0 0 0 3 0
2 0 4 0 5 0 0 1 7
0 0 0 0 1 0 6 0 0
0 5 0 0 2 0 0 4 0
9 0 0 5 0 3 0 0 8
0 1 0 0 7 0 0 2 0
0 0 0 0 6 0 8 0 0
8 0 6 0 3 0 0 9 1
0 0 0 7 0 0 0 5 0

15 18
0 0 0 2 5 6 0 4 3
0 0 0 4 0 0 6 0 0
0 0 0 3 0 0 5 0 1
0 0 0 6 3 0 0 5 8
0 0 0 0 0 0 0 0 0
7 8 0 0 1 2 0 0 0
9 0 8 0 0 7 0 0 0
0 0 2 0 0 3 0 0 0
3 5 0 1 2 9 0 0 0

15 19
0 0 6 0 0 0 4 0 0
0 0 5 0 0 0 7 0 0
0 0 0 8 4 3 0 0 0
5 2 0 0 0 0 0 7 1
0 1 0 3 0 8 0 4 0
0 0 4 0 0 0 6 0 0
0 6 0 0 0 0 0 2 0
0 9 0 7 0 6 0 1 0
0 0 1 2 9 4 8 0 0

15 20
0 0 2 0 3 0 9 0 0
0 0 3 0 6 0 5 0 0
7 0 1 0 0 0 6 0 2
0 1 9 0 0 0 7 4 0
0 0 0 8 0 5 0 0 0
0 0 5 4 0 1 8 0 0
1 2 0 0 0 0 0 6 8
6 0 0 0 4 0 0 0 7
0 0 0 0 1 0 0 0 0

15 21
0 7 0 0 0 0 0 8 0
0 0 3 0 0 7 0 1 0
6 0 1 0 5 3 0 0 0
0 1 0 3 0 0 7 0 2
0 0 0 5 0 0 0 9 0
0 9 0 4 0 0 8 0 6
9 0 4 0 2 6 0 0 0
0 0 8 0 0 5 0 4 0
0 2 0 0 0 0 0 6 0

15 22
0 0 0 0 6 0 0 0 0
0 0 2 0 8 0 4 0 0
0 1 3 0 0 5 6 7 0
4 0 0 5 0 0 0 1 2
0 3 0 0 0 0 0 0 5
8 0 0 1 0 0 0 3 6
0 4 9 0 0 8 5 6 0
0 0 7 0 9 0 1 0 0
0 0 0 0 5 0 0 0 0

15 23
0 0 0 7 0 8 0 0 0
4 0 0 0 1 0 0 0 2
3 1 0 0 6 0 0 5 9
8 0 0 0 0 0 0 0 3
0 2 3 0 0 0 8 6 0
1 0 0 0 0 0 0 0 7
9 3 0 0 8 0 0 7 4
2 0 0 0 5 0 0 0 1
0 0 0 3 0 4 0 0 0

15 24
0 0 0 5 0 8 0 0 0
0 6 0 3 0 1 0 0 0
0 0 9 0 0 0 7 0 0
0 3 8 0 5 0 1 2 6
2 0 0 0 0 0 0 0 8
9 1 7 0 6 0 5 4 0
0 0 2 0 0 0 4 0 0
0 0 0 2 0 7 0 5 0
0 0 0 9 0 5 0 0 0

15 25
0 7 0 0 0 0 0 6 0
0 0 1 0 4 0 8 0 0
0 2 0 0 0 0 0 5 0
1 0 0 0 0 0 0 0 5
0 6 0 7 0 5 0 4 0
8 0 7 0 0 0 6 0 9
0 0 2 0 0 0 3 0 0
0 0 5 8 3 6 9 0 0
0 1 9 0 0 0 5 8 0

15 26
0 0 1 0 7 0 2 0 0
0 4 2 0 0 0 7 3 0
0 9 3 0 6 0 4 8 0
0 0 0 4 0 6 0 0 0
0 0 5 0 9 0 1 0 0
0 0 8 0 0 0 6 0 0
9 0 0 0 1 0 0 0 2
1 0 0 5 0 8 0 0 7
0 3 0 0 0 0 0 1 0

15 27
0 4 0 0 8 0 0 3 0
0 0 7 5 0 3 4 0 0
3 1 0 0 0 0 0 9 6
0 6 0 0 5 0 0 8 0
0 0 2 0 7 0 1 0 0
5 0 0 0 9 0 0 0 7
0 2 0 0 0 0 0 6 0
0 7 6 0 0 0 9 2 0
0 0 0 8 0 6 0 0 0

15 28
3 0 0 0 9 0 0 0 6
0 0 0 3 0 5 0 0 0
0 0 1 0 7 0 8 0 0
0 4 7 0 6 0 1 2 0
1 0 0 0 0 0 0 0 9
0 8 5 0 4 0 7 6 0
0 0 9 0 3 0 6 0 0
0 0 0 2 0 6 0 0 0
4 0 0 0 1 0 0 0 8

15 29
0 0 7 1 0 4 9 0 0
0 0 1 0 0 0 8 0 0
0 0 0 3 2 5 0 0 0
2 3 0 0 0 0 0 5 8
0 4 0 0 0 0 0 6 0
1 8 0 0 0 0 0 4 9
0 0 0 9 6 1 0 0 0
0 0 2 0 0 0 5 0 0
0 0 8 2 0 7 6 0 0

15 30
0 0 9 4 8 5 1 0 0
0 0 5 0 0 0 7 0 0
4 0 0 0 0 0 0 0 6
0 5 0 3 0 1 0 7 0
0 0 1 0 0 0 3 0 0
0 6 0 9 0 4 0 1 0
7 0 0 0 0 0 0 0 9
0 0 8 0 0 0 2 0 0
0 0 6 5 9 2 4 0 0

15 31
5 0 7 0 0 2 1 0 4
0 1 0 0 0 6 0 3 0
0 0 8 0 4 0 0 0 0
0 0 9 7 1 0 0 0 0
0 0 6 0 0 0 5 0 0
0 0 0 0 2 9 3 0 0
0 0 0 0 3 0 4 0 0
0 8 0 1 0 0 0 5 0
6 0 1 9 0 0 2 0 3

15 32
0 0 0 3 7 2 0 0 0
0 0 8 0 0 0 7 0 0
0 0 5 0 0 0 3 0 0
1 4 0 0 0 0 0 2 8
3 0 0 7 8 6 0 0 1
0 0 6 0 0 0 9 0 0
6 0 9 0 0 0 8 0 3
2 0 0 5 0 8 0 0 9
0 0 4 0 0 0 2 0 0

15 33
0 0 0 4 2 9 0 0 0
0 8 3 0 0 0 2 6 0
0 9 0 0 0 0 0 1 0
1 0 0 0 8 0 0 0 6
0 3 0 1 0 7 0 5 0
5 0 0 0 9 0 0 0 7
0 5 0 0 0 0 0 7 0
0 6 4 0 0 0 9 2 0
0 0 0 8 1 6 0 0 0

15 34
0 4 1 0 0 0 7 9 0
0 0 0 8 0 3 0 0 0
0 0 3 0 0 0 2 0 0
0 0 0 4 0 7 0 0 0
0 7 0 9 0 6 0 2 0
0 5 0 0 0 0 0 8 0
0 0 7 5 0 9 1 0 0
4 3 0 0 1 0 0 5 2
0 1 0 0 6 0 0 7 0

15 35
0 0 7 0 0 0 5 9 0
0 0 5 0 3 9 0 0 0
0 0 0 0 0 4 0 0 6
5 3 0 0 4 0 7 1 0
4 0 0 0 0 0 0 0 2
0 2 1 0 7 0 0 6 8
7 0 0 1 0 0 0 0 0
0 0 0 8 5 0 1 0 0
0 1 2 0 0 0 9 0 0

15 36
4 8 0 0 5 0 0 1 6
0 0 0 3 0 6 0 0 0
0 0 1 0 4 0 5 0 0
0 0 9 0 0 0 8 0 0
0 7 0 6 0 4 0 9 0
0 0 2 0 0 0 4 0 0
0 0 5 0 6 0 3 0 0
0 0 0 5 0 3 0 0 0
1 3 0 0 2 0 0 5 7

15 37
0 0 0 4 0 3 0 0 0
0 4 0 0 1 0 0 9 0
0 6 3 0 5 0 1 2 0
0 2 1 0 0 0 4 8 0
3 0 0 0 0 0 0 0 5
4 0 0 0 0 0 0 0 7
0 0 8 0 7 0 3 0 0
0 9 0 0 6 0 0 7 0
0 0 2 5 0 1 8 0 0

15 38
3 0 0 6 5 7 4 0 9
0 0 0 0 0 0 1 0 0
0 4 0 2 1 9 0 0 0
0 2 7 0 0 0 0 0 0
6 0 0 0 0 0 0 0 3
0 0 0 0 0 0 8 9 0
0 0 0 9 6 5 0 3 0
0 0 5 0 0 0 0 0 0
8 0 2 1 4 3 0 0 7

15 39
0 0 0 1 0 5 0 0 0
0 0 0 8 0 7 0 0 0
0 8 3 0 4 0 7 6 0
8 0 0 0 2 0 0 0 4
0 7 0 9 0 4 0 5 0
0 0 0 3 0 6 0 0 0
0 0 5 6 0 2 8 0 0
0 9 0 0 1 0 0 4 0
2 0 0 0 9 0 0 0 7

15 40
7 0 0 6 5 0 0 0 4
0 0 0 0 1 0 0 0 0
0 4 0 3 0 9 1 0 8
0 2 4 0 0 0 7 0 0
8 0 0 0 0 0 0 5 0
0 9 3 0 0 0 2 0 0
0 5 0 9 0 1 6 0 2
0 0 0 0 2 0 0 0 0
1 0 0 7 8 0 0 0 9

15 41
0 0 0 0 4 3 0 0 0
0 5 0 0 1 8 0 0 0
7 1 0 9 0 0 2 3 0
0 0 0 3 0 0 0 0 9
0 8 4 0 0 0 7 1 0
9 0 0 0 0 1 0 0 0
0 7 6 0 0 9 0 5 2
0 0 0 1 8 0 0 6 0
0 0 0 6 2 0 0 0 0

15 42
3 0 9 0 8 0 4 0 7
0 8 0 0 0 0 0 1 0
2 0 0 0 7 0 0 0 8
0 0 0 7 0 3 0 0 0
4 3 0 0 0 0 0 8 9
0 0 0 8 0 5 0 0 0
9 0 0 0 6 0 0 0 5
0 5 0 0 0 0 0 3 0
1 0 6 0 5 0 9 0 2

15 43
0 0 0 3 1 0 0 0 4
0 0 1 0 0 0 0 7 0
0 0 7 2 9 0 0 8 1
0 7 0 0 0 4 0 0 5
0 0 6 0 3 0 9 0 0
9 0 0 6 0 0 0 3 0
7 2 0 0 6 8 4 0 0
0 8 0 0 0 0 5 0 0
3 0 0 0 2 9 0 0 0

15 44
0 0 2 0 0 0 9 0 0
7 0 0 0 0 0 0 0 6
0 5 0 7 1 4 0 8 0
0 0 5 0 0 0 8 0 0
1 3 6 0 8 0 4 5 7
0 0 4 0 0 0 6 0 0
0 8 0 2 9 6 0 3 0
9 0 0 0 0 0 0 0 8
0 0 3 0 0 0 7 0 0

15 45
0 0 0 5 0 8 0 0 0
8 2 0 0 1 0 7 0 0
0 3 1 0 0 4 0 6 0
0 0 0 8 0 0 2 0 7
0 0 0 0 9 0 0 8 0
0 0 0 4 0 0 6 0 9
0 7 5 0 0 6 0 3 0
6 1 0 0 8 0 9 0 0
0 0 0 1 0 9 0 0 0

15 46
0 0 5 1 0 3 0 0 0
0 8 0 0 0 0 0 3 0
9 0 0 0 4 0 1 0 7
0 2 0 3 1 6 0 0 0
0 0 9 0 0 0 7 0 0
0 0 0 2 7 9 0 8 0
1 0 8 0 5 0 0 0 4
0 9 0 0 0 0 0 7 0
0 0 0 9 0 4 6 0 0

15 47
0 0 1 5 3 6 7 0 0
0 0 5 0 4 0 3 0 0
3 0 0 0 0 0 0 0 5
0 6 0 9 0 5 0 3 0
0 0 3 0 0 0 2 0 0
0 7 0 0 1 0 0 8 0
0 2 0 7 9 1 0 4 0
0 0 4 0 0 0 6 0 0
1 0 0 0 0 0 0 0 8

15 48
0 0 0 5 3 8 0 0 0
0 9 0 0 0 0 3 0 0
3 0 7 0 0 0 0 6 0
0 5 0 0 8 0 6 0 2
0 0 0 1 2 0 4 0 8
0 4 0 0 5 0 1 0 9
5 0 3 0 0 0 0 1 0
0 1 0 0 0 0 7 0 0
0 0 0 2 1 7 0 0 0

15 49
0 0 1 0 0 0 6 0 0
0 0 0 3 0 4 0 0 0
5 0 3 0 2 0 1 0 7
0 1 0 2 0 5 0 3 0
9 0 0 0 0 0 0 0 1
0 4 0 8 0 1 0 6 0
1 0 9 0 4 0 3 0 2
0 0 0 9 0 7 0 0 0
0 0 8 0 0 0 9 0 0

15 50
0 0 0 7 6 4 0 0 0
0 0 0 2 0 5 0 0 0
0 4 9 0 0 0 6 7 0
7 0 0 0 0 0 0 0 6
0 2 8 0 0 0 5 1 0
0 0 4 9 3 1 8 0 0
0 3 0 0 0 0 0 5 0
1 0 0 0 0 0 0 0 2
0 9 6 0 0 0 3 8 0

16 1
0 0 0 8 0 0 0 0 0
0 0 5 0 2 3 9 0 0
0 7 0 1 0 4 0 0 6
0 0 7 0 0 0 1 0 8
9 0 0 0 7 0 6 3 0
0 0 4 0 0 0 2 0 5
0 1 0 4 0 5 0 0 2
0 0 3 0 1 7 5 0 0
0 0 0 6 0 0 0 0 0

16 2
0 0 5 0 0 0 4 0 0
0 8 0 0 0 0 0 9 0
2 0 0 9 0 4 0 0 7
3 9 0 0 6 0 0 4 5
0 0 6 0 0 0 1 0 0
1 7 0 0 2 0 0 3 8
7 0 0 8 0 6 0 0 3
0 3 0 0 0 0 0 8 0
0 0 8 0 0 0 9 0 0

16 3
0 7 0 0 8 0 0 2 0
5 0 8 0 3 0 6 0 4
0 9 0 1 0 2 0 7 0
0 0 9 0 0 0 4 0 0
0 3 0 0 0 0 0 5 0
1 0 0 0 7 0 0 0 9
8 0 0 0 1 0 0 0 7
0 1 0 6 0 9 0 4 0
0 0 5 0 0 0 1 0 0

16 4
0 0 0 4 0 0 6 0 8
0 0 2 0 5 0 0 0 9
0 3 0 0 0 1 0 0 4
1 0 3 0 0 0 5 0 7
0 0 0 3 0 6 0 0 0
8 0 9 0 0 0 3 0 2
5 0 0 9 0 0 0 1 0
2 0 0 0 8 0 7 0 0
3 0 4 0 0 7 0 0 0

16 5
0 6 0 0 3 0 0 7 0
0 0 2 0 1 0 8 0 0
0 0 0 9 0 4 0 0 0
0 0 5 7 0 6 1 0 0
0 3 0 0 0 0 0 4 0
8 1 0 0 0 0 0 9 7
0 2 4 0 0 0 9 8 0
0 0 8 0 5 0 2 0 0
0 0 0 2 4 8 0 0 0

16 6
0 0 7 0 0 0 0 0 5
0 0 0 0 0 0 2 7 0
5 0 0 7 1 0 0 4 8
0 9 4 0 0 6 0 1 0
6 0 1 0 0 0 0 0 0
0 2 3 0 0 9 0 8 0
1 0 0 9 4 0 0 2 3
0 0 0 0 0 0 8 9 0
0 0 8 0 0 0 0 0 4

16 7
0 7 0 0 1 0 0 6 0
9 0 0 6 0 4 0 0 3
0 0 1 0 0 0 4 0 0
2 0 3 0 0 0 5 0 8
0 0 0 8 0 3 0 0 0
1 0 8 0 0 0 2 0 7
0 0 9 0 0 0 3 0 0
7 0 0 1 0 8 0 0 5
0 3 0 0 9 0 0 7 0

16 8
0 0 4 0 0 0 7 0 0
0 6 0 0 0 4 0 9 0
7 0 0 3 1 0 0 0 5
0 0 2 9 0 0 0 7 0
0 1 3 0 0 0 8 5 0
0 7 0 0 0 5 9 0 0
1 0 0 0 7 6 0 0 9
0 9 0 8 0 0 0 6 0
0 0 8 0 0 0 2 0 0

16 9
0 0 0 2 0 7 0 0 0
3 0 0 0 1 0 0 0 7
0 4 0 5 0 8 0 9 0
0 0 4 0 9 0 7 0 0
0 1 0 7 0 6 0 8 0
0 0 8 0 2 0 6 0 0
0 5 0 4 0 1 0 3 0
9 0 0 0 8 0 0 0 6
0 0 0 9 0 2 0 0 0

16 10
0 8 0 0 4 0 0 3 0
0 0 7 0 8 0 9 0 0
0 0 0 7 0 1 0 0 0
0 7 0 0 2 0 0 8 0
2 1 0 0 6 0 0 5 3
0 0 9 0 0 0 4 0 0
0 0 1 0 0 0 8 0 0
0 0 6 2 0 4 5 0 0
5 2 0 0 0 0 0 9 6

16 11
0 0 0 6 0 0 0 0 0
0 0 6 0 7 0 9 3 5
0 0 0 9 0 8 0 0 1
1 0 8 0 0 0 5 0 3
3 0 0 0 9 0 0 0 8
7 0 2 0 0 0 6 0 4
2 0 0 8 0 4 0 0 0
8 3 9 0 1 0 7 0 0
0 0 0 0 0 9 0 0 0

16 12
0 0 0 9 0 0 0 6 0
3 0 1 0 0 0 2 0 0
6 5 0 0 0 3 0 0 0
0 0 8 0 2 0 0 1 3
4 0 0 1 0 7 0 0 5
1 6 0 0 8 0 4 0 0
0 0 0 4 0 0 0 2 7
0 0 2 0 0 0 9 0 4
0 7 0 0 0 2 0 0 0

16 13
0 0 0 7 0 6 0 0 0
7 1 8 5 4 0 6 0 0
0 9 0 8 0 0 0 4 0
0 0 4 0 0 0 0 0 6
0 2 0 0 0 8 0 0 0
0 0 3 0 0 0 0 0 5
0 4 0 6 0 0 0 5 0
2 7 1 3 5 0 9 0 0
0 0 0 1 0 7 0 0 0

16 14
0 9 0 0 0 0 0 3 0
0 1 6 0 0 0 2 5 0
3 4 0 7 0 2 0 8 9
4 0 0 0 0 0 0 0 5
0 0 1 8 0 5 3 0 0
0 0 7 0 0 0 8 0 0
0 6 0 0 0 0 0 2 0
5 3 0 0 4 0 0 1 6
0 0 0 0 5 0 0 0 0

16 15
6 0 3 0 0 0 7 0 9
2 0 0 0 0 0 0 0 1
0 1 0 3 9 7 0 5 0
0 0 0 4 0 3 0 0 0
8 0 0 0 0 0 0 0 3
0 0 0 6 0 9 0 0 0
0 8 0 2 1 4 0 3 0
1 0 0 0 0 0 0 0 4
9 0 6 0 0 0 2 0 5

16 16
8 0 4 9 0 0 0 0 0
0 0 0 2 5 0 0 0 0
0 0 0 0 6 1 0 3 2
0 0 0 0 0 7 3 0 5
6 7 0 0 0 0 0 8 4
1 0 5 8 0 0 0 0 0
4 9 0 3 1 0 0 0 0
0 0 0 0 2 9 0 0 0
0 0 0 0 0 4 9 0 7

16 17
2 6 0 0 0 0 0 7 5
3 1 0 0 0 0 0 2 9
0 0 4 0 8 0 0 0 0
0 0 0 1 0 5 2 0 0
0 2 0 0 0 0 0 4 0
0 0 7 4 0 6 0 0 0
0 0 0 0 7 0 3 0 0
1 4 0 0 0 0 0 5 2
7 9 0 0 0 0 0 8 1

16 18
0 0 0 1 2 0 0 0 0
8 7 0 5 0 4 0 0 0
0 0 1 0 0 7 6 9 0
0 0 0 0 0 0 0 4 6
0 0 0 8 4 0 5 0 2
0 0 0 0 0 0 0 3 7
0 0 3 0 0 9 2 5 0
2 9 0 4 0 1 0 0 0
0 0 0 2 3 0 0 0 0

16 19
0 0 0 7 0 5 0 0 0
5 0 1 0 0 0 9 0 8
0 2 0 4 0 8 0 3 0
0 0 9 0 4 0 7 0 0
0 0 0 6 0 1 0 0 0
0 0 6 0 5 0 2 0 0
0 7 0 1 0 9 0 4 0
1 0 3 0 0 0 8 0 9
0 0 0 3 0 2 0 0 0

16 20
2 0 0 0 7 0 0 0 9
5 8 0 6 0 3 0 7 4
0 0 4 0 0 0 6 0 0
0 0 0 8 0 1 0 0 0
0 0 0 9 0 7 0 0 0
0 0 0 5 0 4 0 0 0
0 0 5 0 0 0 7 0 0
4 1 0 3 0 6 0 8 2
3 0 0 0 8 0 0 0 6

16 21
7 0 0 3 0 0 0 0 0
0 4 2 0 1 0 0 0 8
0 1 9 0 0 6 0 4 0
9 0 0 4 0 0 6 0 0
0 3 0 0 0 0 0 1 0
0 0 7 0 0 1 0 0 5
0 2 0 1 0 0 7 8 0
8 0 0 0 3 0 2 5 0
0 0 0 0 0 2 0 0 6

16 22
9 0 0 0 0 5 8 0 0
0 3 0 0 9 6 1 0 0
0 0 8 1 0 0 0 5 0
0 0 1 2 0 0 0 0 3
0 2 0 0 0 0 0 9 0
4 0 0 0 0 3 2 0 0
0 6 0 0 0 2 7 0 0
0 0 4 6 7 0 0 1 0
0 0 5 3 0 0 0 0 4

16 23
0 0 8 0 1 0 0 0 0
0 1 0 6 0 0 5 0 4
7 0 3 0 0 4 2 0 6
0 0 0 7 0 0 0 4 0
0 0 0 0 0 0 0 5 7
0 0 0 8 0 0 0 3 0
9 0 6 0 0 5 4 0 8
0 7 0 2 0 0 3 0 5
0 0 2 0 9 0 0 0 0

16 24
0 0 0 4 6 5 0 0 0
0 0 6 0 0 0 3 0 0
0 0 1 0 0 0 7 0 0
4 6 0 0 5 0 0 9 3
0 0 3 6 0 1 2 0 0
8 1 0 0 2 0 0 7 6
0 0 9 0 0 0 8 0 0
0 0 4 0 0 0 5 0 0
0 0 0 8 9 2 0 0 0

16 25
1 9 4 0 0 0 0 0 0
0 0 0 4 9 0 0 0 0
8 0 0 0 1 0 0 4 5
9 0 0 8 0 0 0 5 0
6 0 2 0 0 0 3 0 1
0 1 0 0 0 7 0 0 9
3 5 0 0 2 0 0 0 4
0 0 0 0 7 6 0 0 0
0 0 0 0 0 0 2 3 6

16 26
0 0 6 0 1 0 0 0 0
0 1 0 6 0 5 0 0 0
8 0 2 0 7 0 6 0 0
0 5 0 1 0 0 0 3 0
4 0 9 0 0 0 1 0 2
0 3 0 0 0 7 0 4 0
0 0 4 0 3 0 9 0 8
0 0 0 4 0 9 0 1 0
0 0 0 0 2 0 3 0 0

16 27
0 0 5 8 2 0 0 0 3
0 0 0 3 0 7 0 0 0
0 3 2 1 0 0 4 0 0
0 1 6 0 0 0 0 7 0
9 0 0 0 0 0 0 0 1
0 2 0 0 0 0 8 5 0
0 0 8 0 0 9 1 6 0
0 0 0 4 0 2 0 0 0
2 0 0 0 6 1 7 0 0

16 28
0 0 8 0 0 0 0 0 0
0 9 0 4 0 0 0 0 0
2 0 1 3 5 9 0 8 0
0 6 0 0 0 8 3 0 2
0 2 7 0 0 0 0 0 0
0 8 0 0 0 6 1 0 9
7 0 2 1 6 4 0 5 0
0 1 0 2 0 0 0 0 0
0 0 5 0 0 0 0 0 0

16 29
0 0 0 9 6 8 0 0 0
0 0 4 0 0 0 5 0 0
0 0 0 5 0 1 0 0 0
0 3 1 0 0 0 8 5 0
4 5 0 3 0 2 0 6 9
0 8 2 0 0 0 4 7 0
0 0 0 7 0 6 0 0 0
0 0 5 0 0 0 2 0 0
0 0 0 4 9 5 0 0 0

16 30
0 0 1 0 6 0 0 0 4
0 5 0 1 0 4 0 3 0
0 0 4 0 0 0 9 0 0
0 6 0 0 0 5 0 1 0
7 0 9 0 0 0 8 0 3
0 1 0 8 0 0 0 7 0
0 0 5 0 0 0 7 0 0
0 2 0 5 0 7 0 4 0
3 0 0 0 2 0 1 0 0

16 31
0 1 9 0 0 0 0 6 8
0 0 3 0 8 0 0 9 0
4 0 0 1 0 2 7 0 0
0 0 0 0 7 0 6 0 0
6 0 0 0 0 0 0 0 5
0 0 0 0 5 0 9 0 0
2 0 0 3 0 5 4 0 0
0 0 5 0 6 0 0 1 0
0 8 1 0 0 0 0 2 6

16 32
0 0 0 3 2 5 0 0 0
0 2 0 0 1 0 0 9 0
0 0 0 6 0 4 0 0 0
2 0 1 0 0 0 7 0 4
0 0 0 2 0 1 0 0 0
0 8 0 0 6 0 0 2 0
0 0 9 0 0 0 1 0 0
1 0 0 8 0 9 0 0 3
0 6 3 0 7 0 5 8 0

16 33
0 0 7 2 0 5 6 0 0
0 0 3 0 0 0 4 0 0
1 2 0 0 0 0 0 5 3
9 0 0 0 8 0 0 0 6
0 4 0 0 0 0 0 1 0
8 0 0 0 7 0 0 0 4
3 1 0 0 0 0 0 7 9
0 0 9 0 0 0 1 0 0
0 0 2 7 0 9 3 0 0

16 34
0 0 0 0 6 0 5 0 4
0 0 0 1 0 4 0 6 0
0 0 0 0 9 0 2 0 3
7 0 0 0 0 0 4 8 1
2 0 0 0 0 0 0 0 6
1 8 4 0 0 0 0 0 5
3 0 8 0 7 0 0 0 0
0 1 0 2 0 3 0 0 0
9 0 7 0 1 0 0 0 0

16 35
1 0 0 3 0 0 5 0 9
0 2 0 0 0 6 0 1 0
0 0 3 0 1 0 2 0 0
0 0 0 4 0 1 0 0 0
3 4 0 0 0 0 0 8 5
0 0 0 2 0 5 0 0 0
0 0 4 0 7 0 6 0 0
0 9 0 6 0 0 0 7 0
2 0 7 0 0 4 0 0 8

16 36
0 0 6 0 0 4 0 0 0
0 3 5 0 1 0 0 0 4
0 0 0 6 0 9 0 3 8
0 0 7 0 0 0 3 0 5
0 9 0 0 0 0 0 1 0
1 0 3 0 0 0 7 0 0
7 2 0 8 0 1 0 0 0
5 0 0 0 7 0 8 6 0
0 0 0 2 0 0 9 0 0

16 37
0 5 0 0 0 0 0 7 0
1 0 0 4 0 6 0 0 3
0 0 3 0 5 0 1 0 0
0 0 0 7 0 1 0 0 0
0 0 2 0 8 0 4 0 0
0 0 0 2 0 3 0 0 0
0 0 9 0 0 0 5 0 0
8 1 7 0 0 0 9 6 2
0 0 0 1 7 9 0 0 0

16 38
0 0 7 2 0 5 1 0 0
0 0 2 4 0 1 6 0 0
1 3 0 0 0 0 0 4 2
5 2 0 0 0 0 0 9 7
0 1 0 8 0 2 0 6 0
0 0 9 0 0 0 3 0 0
0 0 0 3 0 4 0 0 0
0 0 0 0 8 0 0 0 0
0 0 0 7 5 9 0 0 0

16 39
3 0 0 8 0 0 0 0 1
0 1 0 0 9 0 0 2 0
4 0 2 0 0 1 3 0 0
0 0 0 0 4 0 0 0 7
0 6 0 1 0 3 0 9 0
7 0 0 0 5 0 0 0 0
0 0 7 6 0 0 4 0 2
0 8 0 0 1 0 0 5 0
9 0 0 0 0 5 0 0 6

16 40
0 0 1 5 8 0 2 0 0
8 2 0 0 0 7 0 6 0
0 0 0 0 2 0 0 0 0
1 0 5 9 0 4 0 3 0
0 0 0 0 0 0 0 0 0
0 4 0 2 0 8 7 0 1
0 0 0 0 4 0 0 0 0
0 3 0 7 0 0 0 4 6
0 0 4 0 5 1 9 0 0

16 41
6 0 0 1 0 5 0 0 7
0 0 0 8 0 4 0 0 0
0 3 0 0 2 0 0 8 0
0 0 6 0 0 0 8 0 0
0 2 0 4 0 1 0 3 0
0 0 4 0 6 0 1 0 0
0 8 2 0 0 0 7 1 0
0 0 9 0 0 0 5 0 0
1 0 0 2 0 8 0 0 9

16 42
0 0 5 0 1 0 3 0 0
0 0 0 8 4 6 0 0 0
9 0 0 0 7 0 0 0 1
0 0 1 0 0 0 6 0 0
4 6 0 0 5 0 0 2 3
0 0 2 0 0 0 5 0 0
7 0 0 0 9 0 0 0 4
0 0 0 3 8 7 0 0 0
0 0 9 0 2 0 7 0 0

16 43
5 0 0 3 2 8 0 0 6
0 0 3 0 0 0 4 0 0
0 9 0 0 0 0 0 8 0
0 0 5 0 4 0 7 0 0
1 2 0 0 0 0 0 4 3
0 0 7 0 9 0 2 0 0
0 4 0 0 0 0 0 3 0
0 0 1 0 0 0 6 0 0
6 0 0 4 1 5 0 0 7

16 44
0 9 0 2 6 8 0 3 0
0 0 3 0 0 0 5 0 0
0 0 0 7 3 5 0 0 0
0 0 8 0 0 0 3 0 0
9 7 0 0 0 0 0 2 4
0 0 6 0 0 0 9 0 0
0 0 0 9 8 6 0 0 0
0 0 1 0 0 0 8 0 0
0 8 0 1 7 4 0 5 0

16 45
0 2 0 0 7 0 0 8 0
0 1 0 3 0 0 4 0 9
4 0 0 0 5 1 0 0 0
0 0 1 0 0 0 0 0 0
2 7 0 5 0 8 0 1 3
0 0 0 0 0 0 2 0 0
0 0 0 4 6 0 0 0 5
5 0 8 0 0 9 0 6 0
0 3 0 0 1 0 0 9 0

16 46
0 5 0 7 0 4 0 2 0
1 0 2 0 0 0 6 0 3
0 4 0 0 6 0 0 5 0
8 0 0 0 0 0 0 0 6
0 0 7 0 0 0 9 0 0
4 0 0 0 0 0 0 0 5
0 8 0 0 3 0 0 6 0
7 0 1 0 0 0 5 0 2
0 2 0 1 0 9 0 8 0

16 47
0 3 0 0 0 0 5 0 0
0 0 6 0 9 0 2 0 0
0 0 0 1 0 3 0 4 0
0 0 1 0 0 0 0 5 4
0 0 5 9 1 2 6 0 0
8 9 0 0 0 0 1 0 0
0 8 0 5 0 9 0 0 0
0 0 9 0 2 0 7 0 0
0 0 7 0 0 0 0 8 0

16 48
0 0 0 0 5 0 1 8 0
9 5 0 2 0 0 0 0 4
1 6 2 0 0 0 0 0 5
0 7 0 0 0 0 0 0 9
2 0 0 0 0 0 0 0 7
8 0 0 0 0 0 0 1 0
3 0 0 0 0 0 9 7 6
4 0 0 0 0 1 0 3 8
0 8 6 0 3 0 0 0 0

16 49
0 0 0 6 0 0 8 0 0
0 0 1 0 7 0 0 2 5
0 6 0 0 0 5 0 1 0
0 0 3 0 6 0 0 7 8
0 0 0 8 0 3 0 0 0
9 1 0 0 5 0 4 0 0
0 7 0 9 0 0 0 4 0
4 8 0 0 1 0 3 0 0
0 0 9 0 0 2 0 0 0

16 50
1 0 2 0 3 0 4 0 5
0 7 0 0 1 0 0 0 0
0 9 0 0 0 5 0 1 0
9 0 0 6 0 0 0 0 0
0 8 0 9 0 1 0 3 0
0 0 0 0 0 7 0 0 2
0 4 0 1 0 0 0 2 0
0 0 0 0 9 0 0 6 0
8 0 1 0 5 0 7 0 9

17 1
0 0 0 0 4 0 6 0 0
0 0 8 0 0 0 0 1 0
0 2 4 0 6 0 7 0 0
8 0 0 5 0 9 0 6 0
0 9 1 0 2 0 0 0 5
5 0 0 7 0 3 0 9 0
0 8 7 0 3 0 5 0 0
0 0 3 0 0 0 0 4 0
0 0 0 0 9 0 8 0 0

17 2
0 0 0 2 0 3 0 0 0
6 3 9 0 0 0 1 2 4
0 0 2 0 0 0 3 0 0
0 1 0 0 4 0 0 9 0
0 0 0 1 0 8 0 0 0
0 5 0 0 6 0 0 4 0
0 0 3 0 0 0 9 0 0
2 4 1 0 0 0 5 7 3
0 0 0 7 0 1 0 0 0

17 3
0 0 0 7 1 2 0 0 0
0 1 2 0 0 0 5 4 0
9 3 0 0 0 0 0 1 2
0 0 0 0 9 0 0 0 0
2 0 6 0 4 0 1 0 3
0 0 0 0 3 0 0 0 0
1 4 0 0 0 0 0 7 5
0 6 3 0 0 0 8 2 0
0 0 0 4 5 3 0 0 0

17 4
3 0 0 8 0 6 0 0 0
0 0 8 0 0 0 5 6 0
1 6 0 0 0 9 0 8 0
0 0 7 4 0 0 3 0 8
0 3 0 0 0 0 0 9 0
8 0 9 0 0 3 7 0 0
0 8 0 9 0 0 0 2 4
0 9 1 0 0 0 8 0 0
0 0 0 5 0 8 0 0 9

17 5
7 0 0 8 0 4 0 0 2
6 0 0 0 3 0 0 0 9
0 2 0 9 0 5 0 6 0
0 0 8 0 9 0 5 0 0
0 0 0 0 0 0 0 0 0
0 0 3 0 1 0 8 0 0
0 9 0 3 0 7 0 8 0
4 0 0 0 8 0 0 0 7
8 0 0 6 0 9 0 0 3

17 6
3 0 0 0 4 0 5 0 0
0 7 0 5 0 0 0 3 0
0 0 0 0 8 0 2 0 9
0 6 0 0 0 5 0 0 0
5 0 3 0 2 0 1 0 8
0 0 0 9 0 0 0 5 0
2 0 7 0 5 0 0 0 0
0 5 0 0 0 4 0 6 0
0 0 6 0 7 0 0 0 5

17 7
0 0 1 0 0 0 4 0 0
6 0 0 5 0 1 0 0 9
9 0 7 0 0 0 1 0 3
0 9 0 0 0 0 0 2 0
0 0 3 0 0 0 9 0 0
1 0 0 6 0 8 0 0 4
0 0 9 0 0 0 5 0 0
3 0 0 4 0 6 0 0 1
4 0 0 0 7 0 0 0 8

17 8
0 0 0 9 0 0 3 5 0
0 2 0 0 7 1 0 0 0
4 0 8 0 0 3 0 0 7
0 3 0 0 0 5 0 0 6
0 0 7 0 0 0 9 0 0
6 0 0 7 0 0 0 3 0
3 0 0 6 0 0 7 0 9
0 0 0 3 4 0 0 2 0
0 1 4 0 0 7 0 0 0

17 9
0 0 0 0 4 0 0 0 0
0 2 6 0 0 0 3 5 0
5 9 0 0 0 0 0 2 4
0 0 0 0 5 0 0 0 0
0 0 4 9 0 8 5 0 0
0 3 5 0 0 0 6 4 0
0 0 0 0 7 0 0 0 0
0 5 2 0 0 0 4 1 0
7 4 0 0 3 0 0 6 2

17 10
0 2 0 0 0 0 0 9 0
1 0 0 4 0 2 0 0 3
0 0 7 0 0 0 1 0 0
2 0 0 1 0 3 0 0 8
0 5 1 0 0 0 3 2 0
3 0 0 2 0 9 0 0 1
0 0 6 0 0 0 4 0 0
4 0 0 3 0 8 0 0 7
0 1 0 0 0 0 0 3 0

17 11
0 0 0 2 0 5 0 0 0
8 0 5 0 6 0 2 0 3
0 1 0 0 3 0 0 5 0
0 6 0 9 0 3 0 4 0
0 0 0 0 0 0 0 0 0
0 2 0 6 0 4 0 9 0
0 3 0 0 4 0 0 6 0
6 0 2 0 9 0 7 0 8
0 0 0 3 0 6 0 0 0

17 12
2 0 0 0 0 0 0 0 0
4 3 8 0 5 6 2 0 0
0 0 0 8 0 0 0 6 0
0 0 2 0 1 0 0 0 5
8 4 0 0 0 0 0 2 7
0 0 9 0 8 0 0 0 4
0 0 0 7 0 0 0 5 0
1 8 5 0 2 9 7 0 0
3 0 0 0 0 0 0 0 0

17 13
0 0 0 2 8 7 0 0 0
0 0 9 0 0 0 7 0 0
0 2 0 0 0 0 0 1 6
0 7 6 0 0 5 0 2 0
4 0 0 7 2 0 0 6 0
0 3 2 0 0 6 0 4 0
0 1 0 0 0 0 0 7 9
0 0 7 0 0 0 5 0 0
0 0 0 9 7 3 0 0 0

17 14
0 0 0 0 8 0 0 1 3
0 9 0 0 0 1 7 0 0
0 3 1 0 0 0 0 2 0
0 0 0 8 1 0 3 6 0
0 0 0 6 0 5 0 0 0
0 1 5 0 2 4 0 0 0
0 6 0 0 0 0 1 9 0
0 0 4 1 0 0 0 7 0
1 2 0 0 7 0 0 0 0

17 15
0 0 5 0 3 0 0 0 0
0 0 0 8 6 2 0 0 0
0 0 0 4 0 1 9 0 0
0 2 0 1 0 0 0 8 5
9 0 1 0 0 6 0 0 2
0 6 0 3 0 0 0 9 1
0 0 0 6 0 3 4 0 0
0 0 0 9 8 7 0 0 0
0 0 8 0 4 0 0 0 0

17 16
0 0 0 0 0 1 0 9 0
0 0 8 0 9 0 7 0 0
0 9 2 0 4 0 0 0 0
0 2 0 7 5 6 0 4 0
9 0 0 0 0 0 0 0 6
0 6 0 3 2 9 0 8 0
0 0 0 0 1 0 9 5 0
0 0 7 0 3 0 6 0 0
0 3 0 5 0 0 0 0 0

17 17
4 0 0 2 0 0 5 0 0
0 0 0 4 0 0 6 0 3
9 0 6 0 0 3 0 0 2
0 1 0 0 3 0 0 7 0
0 0 3 0 0 2 0 0 0
0 8 0 0 7 0 0 3 0
3 0 5 0 0 9 0 0 6
0 0 0 5 0 0 3 0 8
2 0 0 3 0 0 1 0 0

17 18
0 0 2 0 4 6 0 0 7
0 8 0 0 3 0 0 2 0
5 0 1 0 0 0 4 0 0
0 0 0 8 0 0 0 0 4
2 4 0 0 0 0 0 3 5
8 0 0 0 0 4 0 0 0
0 0 9 0 0 0 3 0 2
0 2 0 0 7 0 0 4 0
4 0 0 2 5 0 6 0 0

17 19
0 0 0 0 9 0 0 0 0
7 4 0 1 0 3 0 5 2
0 0 6 0 0 0 9 0 0
0 2 0 9 0 8 0 1 0
0 0 0 0 1 0 0 0 0
0 8 0 3 0 2 0 4 0
0 0 2 0 0 0 3 0 0
9 1 0 2 0 4 0 7 5
0 0 0 0 3 0 0 0 0

17 20
0 0 0 0 0 0 0 4 0
0 2 0 1 0 0 0 8 0
0 0 9 0 8 0 0 7 0
0 0 8 0 9 5 0 0 2
2 7 0 8 0 6 4 0 9
0 0 5 0 2 3 0 0 6
0 0 2 0 3 0 0 9 0
0 8 0 6 0 0 0 2 0
0 0 0 0 0 0 0 6 0

17 21
9 2 0 0 1 0 0 3 7
0 0 0 8 0 6 0 0 1
0 0 1 0 0 0 9 0 0
0 5 0 0 0 3 0 1 0
0 1 0 0 0 0 0 6 0
0 4 0 7 0 0 0 5 0
0 0 2 0 0 0 1 0 0
5 0 0 1 0 2 0 0 0
1 3 0 0 6 0 0 9 2

17 22
1 0 0 0 0 0 0 0 7
0 0 9 1 0 8 3 0 0
0 0 8 0 2 0 1 0 0
0 0 0 0 3 0 0 0 0
0 1 0 8 5 4 0 6 0
0 5 0 0 0 0 0 2 0
6 0 3 0 0 0 7 0 9
0 8 0 0 1 0 0 3 0
0 0 1 7 0 3 8 0 0

17 23
0 0 1 0 4 0 2 0 0
0 0 9 0 0 0 7 0 0
0 2 3 0 0 0 8 9 0
9 0 0 7 0 6 0 0 2
2 0 5 0 0 0 9 0 8
0 8 0 2 0 9 0 3 0
0 0 0 0 0 0 0 0 0
0 5 0 0 9 0 0 8 0
0 0 2 6 0 8 3 0 0

17 24
2 0 0 0 0 0 0 0 0
1 7 0 0 8 0 9 0 0
3 0 9 0 0 7 0 4 0
0 0 3 5 6 0 0 0 2
0 0 0 0 0 0 3 5 0
0 0 5 2 9 0 0 0 8
4 0 2 0 0 9 0 8 0
9 3 0 0 1 0 7 0 0
5 0 0 0 0 0 0 0 0

17 25
0 3 0 0 0 0 0 7 0
0 1 9 0 0 0 5 8 0
0 2 0 0 8 0 0 4 0
4 9 0 0 1 0 0 2 7
0 0 0 4 0 6 0 0 0
0 6 5 0 0 0 9 1 0
0 4 0 0 0 0 0 3 0
0 5 6 0 0 0 7 9 0
0 0 0 7 0 1 0 0 0

17 26
0 0 0 1 9 0 0 0 0
3 0 7 2 0 0 0 0 0
9 8 0 0 0 3 0 0 0
8 3 4 6 0 0 7 2 0
0 0 0 0 0 0 0 0 0
2 5 6 8 0 0 4 3 0
6 2 0 0 0 5 0 0 0
4 0 8 3 0 0 0 0 0
0 0 0 7 8 0 0 0 0

17 27
0 9 0 0 6 0 0 0 0
0 0 2 8 0 0 0 0 0
6 5 0 0 0 0 7 2 8
0 7 0 6 0 0 4 0 0
0 6 0 0 1 7 2 0 0
0 3 0 2 0 0 5 0 0
5 2 0 0 0 0 6 4 3
0 0 6 9 0 0 0 0 0
0 4 0 0 2 0 0 0 0

17 28
0 0 9 0 0 0 7 0 0
0 0 0 7 0 8 0 0 0
0 7 2 3 0 4 6 1 0
1 2 0 0 7 0 0 3 6
7 0 0 0 0 0 0 0 8
9 0 0 0 0 0 0 0 4
0 6 7 0 0 0 5 2 0
0 0 0 6 0 7 0 0 0
0 0 0 5 1 2 0 0 0

17 29
0 0 0 2 8 5 0 0 0
0 0 9 0 0 0 5 0 0
0 5 0 3 0 4 0 7 0
0 1 0 0 0 0 0 5 0
0 0 5 0 0 0 6 0 0
2 0 0 1 0 9 0 0 8
0 0 2 0 0 0 7 0 0
0 8 0 5 0 2 0 9 0
5 0 0 7 3 6 0 0 4

17 30
0 0 0 0 8 0 0 0 7
9 0 0 0 2 0 0 0 8
0 7 0 0 3 4 0 6 0
0 0 7 5 0 3 1 0 0
0 3 0 0 0 0 0 7 0
0 0 6 7 0 1 4 0 0
0 5 0 2 7 0 0 9 0
2 0 0 0 5 0 0 0 3
7 0 0 0 1 0 0 0 0

17 31
0 0 9 0 0 0 1 0 0
0 0 0 0 0 0 0 0 0
0 7 2 3 0 8 4 5 0
0 3 0 7 0 5 0 2 0
2 0 5 0 0 0 7 0 6
7 0 0 0 8 0 0 0 4
0 6 0 2 0 7 0 8 0
0 0 7 0 0 0 2 0 0
0 0 0 1 9 3 0 0 0

17 32
0 0 0 0 0 0 7 0 0
0 0 8 0 9 0 1 3 0
0 3 2 0 1 8 0 6 0
0 0 3 6 0 0 0 0 0
9 1 5 8 0 0 0 0 0
0 0 6 5 0 0 0 0 0
0 6 4 0 8 3 0 1 0
0 0 1 0 7 0 8 4 0
0 0 0 0 0 0 2 0 0

17 33
0 0 0 0 8 0 7 0 9
0 9 2 0 0 7 0 0 0
7 0 0 0 2 4 0 8 0
0 0 0 2 0 5 0 0 3
0 0 7 0 0 0 6 0 0
0 0 0 7 0 6 0 0 5
6 0 0 0 5 2 0 9 0
0 7 8 0 0 3 0 0 0
0 0 0 0 7 0 4 0 8

17 34
0 0 0 0 0 0 0 0 0
1 0 0 3 0 7 0 0 6
0 3 0 0 1 0 0 5 0
0 0 5 0 0 0 8 0 0
6 7 0 5 0 2 0 9 1
0 0 8 0 6 0 3 0 0
0 6 0 0 7 0 0 3 0
2 0 0 6 0 3 0 0 9
0 0 4 0 0 0 6 0 0

17 35
0 0 0 2 0 6 0 0 0
8 0 4 0 0 0 9 0 1
0 5 0 0 9 0 0 3 0
0 0 0 0 0 0 0 0 0
7 9 0 0 8 0 0 4 6
0 0 1 9 0 2 5 0 0
0 4 0 0 2 0 0 6 0
3 0 9 0 0 0 7 0 5
0 0 0 3 0 5 0 0 0

17 36
0 4 0 8 0 0 2 0 3
6 0 0 0 0 0 0 8 0
0 0 3 4 9 0 0 0 1
8 0 6 0 0 0 0 0 0
0 0 7 0 0 0 8 0 0
0 0 0 0 0 0 1 0 9
2 0 0 0 3 1 5 0 0
0 5 0 0 0 0 0 0 6
1 0 8 0 0 5 0 9 0

17 37
0 0 1 0 0 0 5 0 0
7 0 0 4 0 5 0 0 8
0 0 5 0 0 0 9 0 0
0 4 0 2 0 7 0 9 0
5 0 0 0 8 0 0 0 4
0 2 0 9 0 4 0 5 0
0 0 7 0 0 0 4 0 0
8 0 0 5 0 6 0 0 7
0 0 2 0 0 0 3 0 0

17 38
8 0 0 2 0 6 0 0 0
0 9 0 1 0 5 0 0 0
0 0 1 8 0 0 7 0 0
0 0 6 0 1 0 0 3 8
5 1 0 0 0 0 0 0 0
0 0 8 0 5 0 0 9 2
0 0 3 5 0 0 2 0 0
0 8 0 4 0 7 0 0 0
4 0 0 9 0 1 0 0 0

17 39
0 0 0 0 9 0 0 0 0
0 0 9 0 1 0 7 0 0
0 1 7 3 0 2 4 9 0
6 0 0 1 0 7 0 0 5
0 0 0 0 5 0 0 0 0
0 0 3 2 0 4 1 0 0
0 7 0 8 0 1 0 3 0
0 3 0 0 2 0 0 7 0
0 0 1 0 0 0 8 0 0

17 40
0 3 9 1 0 2 8 4 0
0 0 0 7 0 4 0 0 0
0 0 7 3 0 9 1 0 0
0 0 0 0 4 0 0 0 0
0 0 0 0 0 0 0 0 0
8 0 0 2 0 6 0 0 5
1 0 3 0 0 0 7 0 9
0 9 0 5 0 1 0 2 0
2 0 0 0 9 0 0 0 4

17 41
0 0 9 0 0 0 2 0 0
0 0 2 3 8 9 7 0 0
0 1 0 0 0 0 0 9 0
9 0 0 2 0 6 0 0 5
0 5 0 0 0 0 0 4 0
6 0 0 5 0 3 0 0 8
0 9 0 0 0 0 0 3 0
0 0 8 9 2 1 5 0 0
0 0 5 0 0 0 9 0 0

17 42
0 0 0 8 3 0 0 0 0
0 9 1 0 0 2 0 0 0
0 0 0 0 1 0 7 0 0
0 0 5 0 4 3 0 9 6
6 0 0 0 0 0 0 0 4
0 0 2 0 9 5 0 7 3
0 0 0 0 8 0 9 0 0
0 2 7 0 0 1 0 0 0
0 0 0 2 6 0 0 0 0

17 43
0 0 9 0 8 0 1 0 0
0 7 0 0 0 0 0 4 0
0 1 0 0 0 0 0 2 0
0 0 6 0 0 0 7 0 0
7 0 1 3 0 5 6 0 2
0 0 0 7 0 9 0 0 0
0 5 3 0 0 0 2 1 0
0 0 7 0 0 0 8 0 0
0 0 4 6 0 3 9 0 0

17 44
0 0 1 0 2 0 0 6 0
0 0 2 5 8 0 9 0 0
0 9 0 0 0 0 7 0 0
0 2 0 0 0 5 0 8 0
9 0 0 2 0 3 0 0 6
0 5 0 8 0 0 0 4 0
0 0 9 0 0 0 0 7 0
0 0 3 0 1 2 6 0 0
0 6 0 0 9 0 4 0 0

17 45
0 6 0 0 0 0 0 4 0
0 5 0 1 7 4 0 3 0
8 0 0 0 5 0 0 0 2
0 0 3 0 0 0 7 0 0
1 0 0 0 4 0 0 0 5
0 0 5 0 0 0 2 0 0
5 0 0 0 9 0 0 0 7
0 7 0 6 2 5 0 8 0
0 9 0 0 0 0 0 5 0

17 46
6 3 0 0 0 0 0 8 2
9 0 0 0 3 0 0 0 7
0 0 1 8 0 7 3 0 0
4 0 8 0 0 0 7 0 3
0 0 0 0 9 0 0 0 0
0 0 6 3 0 8 9 0 0
0 0 2 0 0 0 1 0 0
0 5 0 0 8 0 0 4 0
0 0 0 0 6 0 0 0 0

17 47
4 0 0 0 2 0 0 0 8
0 0 0 3 0 0 0 5 0
0 0 9 7 0 0 2 3 0
0 0 5 0 0 0 8 0 0
7 1 0 0 6 0 0 0 5
0 0 2 0 0 0 1 0 0
0 0 7 2 0 0 5 4 0
0 0 0 8 0 0 0 1 0
3 0 0 0 7 0 0 0 9

17 48
0 0 0 0 7 0 0 0 0
0 0 5 2 0 9 8 0 0
4 0 0 0 8 0 0 0 2
5 9 0 0 0 0 0 8 6
0 0 0 0 3 0 0 0 0
0 0 8 6 0 1 2 0 0
8 0 0 0 6 0 0 0 3
3 6 0 0 0 0 0 7 8
0 0 9 0 0 0 5 0 0

17 49
0 0 0 0 6 0 0 0 0
0 5 0 0 0 0 0 4 0
0 0 4 1 0 7 2 0 0
0 0 2 4 0 3 5 0 0
8 0 0 0 1 0 0 0 6
0 1 0 0 8 0 0 9 0
0 0 0 0 2 0 0 0 0
0 2 0 7 0 1 0 5 0
1 9 0 0 0 0 0 2 4

17 50
0 0 8 0 0 0 0 0 2
2 0 0 0 7 6 0 0 0
0 0 3 5 0 0 9 0 0
4 0 1 7 0 0 0 5 0
7 0 0 0 0 0 0 0 4
0 9 0 0 0 2 7 0 3
0 0 7 0 0 5 6 0 0
0 0 0 2 3 0 0 0 8
8 0 0 0 0 0 5 0 0

18 1
7 0 4 0 1 0 6 0 2
0 0 0 0 5 0 0 0 0
0 2 0 3 0 6 0 9 0
0 8 0 0 0 0 0 7 0
0 0 1 0 0 0 3 0 0
0 6 0 0 0 0 0 1 0
0 9 0 6 0 1 0 2 0
0 0 0 0 2 0 0 0 0
2 0 6 0 4 0 1 0 5

18 2
0 1 0 0 7 0 0 5 0
7 0 0 0 4 0 0 0 8
0 5 0 3 0 2 0 4 0
0 0 9 0 0 0 6 0 0
6 0 0 0 0 0 0 0 3
0 0 8 0 0 0 4 0 0
0 8 0 4 0 6 0 7 0
4 0 1 0 8 0 9 0 6
0 6 0 0 1 0 0 2 0

18 3
0 6 0 7 0 4 0 0 2
0 3 8 0 9 0 0 7 0
0 0 0 5 0 0 6 0 3
4 0 3 0 0 0 0 0 0
0 7 0 0 0 0 0 0 0
1 0 2 0 0 0 0 0 0
0 0 0 4 0 0 8 0 7
0 8 7 0 2 0 0 3 0
0 2 0 3 0 8 0 0 9

18 4
0 9 0 0 0 0 0 0 8
0 8 0 0 2 7 0 1 0
0 0 1 3 8 0 5 7 0
0 0 5 0 0 0 0 0 6
0 3 0 0 0 0 0 8 0
4 0 0 0 0 0 2 0 0
0 4 7 0 1 3 8 0 0
0 1 0 8 6 0 0 9 0
6 0 0 0 0 0 0 3 0

18 5
0 9 2 0 0 7 0 0 0
0 6 0 8 0 0 0 0 0
0 0 8 4 0 0 0 9 2
5 0 0 0 0 4 0 0 7
0 0 4 0 5 0 9 0 0
7 0 0 6 0 0 0 0 4
2 4 0 0 0 3 8 0 0
0 0 0 0 0 1 0 4 0
0 0 0 2 0 0 3 7 0

18 6
0 0 2 1 0 3 7 0 0
0 0 0 8 0 0 0 0 4
0 3 0 0 9 0 0 1 0
3 0 0 0 0 0 0 0 1
0 2 0 6 0 1 5 0 0
8 0 0 0 0 0 0 0 7
0 1 0 0 4 0 0 7 0
0 0 0 7 0 0 0 0 9
0 0 7 5 0 6 2 0 0

18 7
0 0 3 0 0 0 9 0 0
8 0 0 0 1 0 0 0 2
9 0 0 4 0 6 0 0 5
0 0 4 0 0 0 5 0 0
0 1 0 0 0 0 0 8 0
5 0 6 0 0 0 4 0 3
0 0 0 5 0 2 0 0 0
2 0 5 0 7 0 1 0 9
0 7 0 0 0 0 0 5 0

18 8
0 0 0 7 0 6 0 0 0
0 9 0 0 5 0 0 3 0
0 0 8 0 0 0 6 0 0
9 0 0 0 2 0 0 0 3
4 0 0 0 3 0 0 0 9
7 2 0 0 0 0 0 6 1
0 0 6 0 0 0 5 0 0
0 3 0 0 6 0 0 8 0
0 0 9 4 0 1 3 0 0

18 9
0 0 0 7 0 0 0 0 6
0 0 4 0 0 1 0 2 0
0 3 0 8 0 9 1 0 0
5 0 2 0 0 0 0 1 0
0 0 0 0 0 0 0 0 0
0 6 0 0 0 0 8 0 4
0 0 1 9 0 6 0 7 0
0 9 0 1 0 0 3 0 0
6 0 0 0 0 8 0 0 0

18 10
6 0 0 5 0 0 7 0 9
0 8 0 0 9 0 0 6 0
0 4 9 0 0 7 0 0 2
0 0 0 0 2 0 0 0 0
0 0 0 7 0 5 3 0 0
0 0 0 0 6 0 0 0 0
0 7 6 0 0 4 0 0 3
0 2 0 0 1 0 0 7 0
9 0 0 2 0 0 8 0 6

18 11
0 0 0 0 0 0 0 0 0
0 1 0 0 0 0 0 7 0
6 0 0 7 2 9 0 0 4
1 0 5 0 4 0 8 0 7
0 0 0 0 0 0 0 0 0
2 0 0 0 9 0 0 0 5
4 0 0 8 5 6 0 0 1
0 8 7 0 0 0 5 3 0
0 0 1 0 0 0 2 0 0

18 12
0 4 9 0 0 0 3 1 0
0 0 3 5 1 8 4 0 0
6 0 0 0 3 0 0 0 2
0 7 0 0 0 0 0 6 0
0 0 0 0 0 0 0 0 0
0 9 0 0 2 0 0 4 0
3 0 0 0 8 0 0 0 1
0 0 0 3 0 1 0 0 0
0 1 2 0 4 0 5 3 0

18 13
0 2 0 0 7 0 0 0 0
0 1 0 0 0 0 0 4 0
6 0 0 4 5 9 0 0 8
0 0 1 0 0 0 5 0 2
0 5 0 0 0 0 0 1 0
9 0 8 0 0 0 4 0 0
5 0 0 2 8 1 0 0 3
0 8 0 0 0 0 0 6 0
0 0 0 0 3 0 0 5 0

18 14
7 0 2 0 0 0 9 0 5
0 0 0 0 0 0 0 0 0
0 6 3 0 0 0 1 2 0
1 0 6 0 7 0 4 0 0
0 0 0 3 0 4 0 0 0
0 0 7 0 5 0 8 0 1
0 7 4 0 0 0 5 9 0
0 0 0 0 0 0 0 0 0
9 0 8 0 4 0 2 0 7

18 15
9 0 0 0 6 0 0 0 7
6 3 5 0 0 0 1 8 4
0 2 0 0 4 0 0 5 0
0 0 0 0 0 0 0 0 0
4 0 0 7 0 5 0 0 6
0 0 3 0 1 0 5 0 0
0 7 0 9 0 6 0 4 0
1 0 0 0 0 0 0 0 5
0 0 4 0 0 0 8 0 0

18 16
0 0 0 8 0 0 0 0 1
0 0 9 0 0 0 0 0 7
0 3 0 0 0 4 9 0 0
2 0 0 0 0 1 5 0 0
7 0 0 6 0 0 0 0 2
1 0 0 0 0 5 4 0 0
0 2 0 0 0 9 3 0 0
0 0 8 0 0 0 0 0 5
0 0 0 1 0 0 0 0 4

18 17
9 0 0 0 6 0 0 0 7
0 0 0 8 0 2 0 0 0
8 0 0 0 1 0 0 0 4
0 9 0 0 7 0 0 6 0
0 5 0 0 0 0 0 2 0
4 0 0 1 0 5 0 0 9
5 0 7 0 0 0 9 0 1
0 0 0 0 0 0 0 0 0
1 0 0 0 8 0 0 0 6

18 18
5 0 0 9 0 0 0 0 0
0 0 8 0 5 0 7 0 0
0 2 0 0 0 6 0 1 0
3 0 0 1 0 0 0 0 8
0 0 0 0 0 0 0 0 6
6 0 0 5 0 0 0 0 3
0 7 0 0 0 1 0 6 0
0 0 5 0 3 0 9 0 0
2 0 0 8 0 0 0 0 0

18 19
0 8 0 1 0 0 0 0 4
0 0 2 0 3 8 0 7 0
9 0 0 0 0 0 0 0 0
0 0 7 8 0 0 2 0 0
0 0 0 0 0 5 0 6 0
0 0 1 2 0 0 7 0 0
6 0 0 0 0 0 0 0 0
0 0 8 0 9 2 0 1 0
0 5 0 3 0 0 0 0 9

18 20
8 0 0 9 0 0 0 0 5
0 0 2 0 0 1 0 4 0
0 0 0 0 5 0 7 0 0
0 0 0 1 0 0 5 0 6
5 6 0 0 0 0 0 0 0
0 0 0 3 0 0 8 0 1
0 0 0 0 8 0 2 0 0
0 0 5 0 0 6 0 9 0
7 0 0 5 0 0 0 0 3

18 21
0 0 9 0 0 0 4 0 0
0 2 0 0 0 0 0 1 0
1 0 0 0 8 0 0 0 7
0 7 0 0 0 0 0 6 0
2 0 0 5 0 9 0 0 1
0 0 0 0 3 0 0 0 0
0 6 0 0 0 0 0 9 0
4 0 0 8 0 7 0 0 2
0 0 3 0 6 0 5 0 0

18 22
0 1 0 0 0 0 0 3 0
0 3 0 4 0 7 0 2 0
8 0 0 3 0 5 0 0 7
0 0 2 0 0 0 0 8 0
0 9 0 0 0 0 0 4 0
0 7 0 0 0 0 3 0 0
3 0 0 7 0 2 0 0 9
0 2 0 9 0 8 0 6 0
0 4 0 0 0 0 0 7 0

18 23
4 0 0 0 0 0 0 0 1
0 0 1 4 0 8 9 0 0
0 0 0 0 7 0 0 0 0
3 0 0 0 0 0 0 0 6
0 0 5 6 0 2 4 0 0
7 0 0 0 3 0 0 0 2
0 0 0 0 4 0 0 0 0
0 0 2 9 0 5 8 0 0
6 0 0 0 1 0 0 0 9

18 24
0 9 0 0 0 0 0 4 0
0 0 3 0 0 6 8 0 0
2 0 5 0 3 0 1 0 7
0 0 6 0 0 0 0 0 0
1 7 0 0 0 0 0 6 9
0 0 0 0 0 0 3 0 0
5 0 1 0 7 0 9 0 4
0 0 7 2 0 0 5 0 0
0 4 0 0 0 0 0 1 0

18 25
0 0 8 0 0 0 0 7 0
0 0 0 0 5 0 4 6 0
0 9 0 2 3 0 0 0 0
2 4 0 0 0 0 0 0 1
0 0 0 9 0 0 0 3 0
1 7 0 0 0 0 0 0 9
0 5 0 6 4 0 0 0 0
0 0 0 0 7 0 3 2 0
0 0 1 0 0 0 0 4 0

18 26
0 6 0 0 7 0 0 2 0
0 0 0 0 0 0 0 0 0
0 0 9 4 0 1 8 0 0
0 0 4 9 0 2 5 0 0
0 5 0 0 0 0 0 4 0
0 0 0 0 8 0 0 0 0
3 4 0 0 0 0 0 8 5
1 8 0 0 0 0 0 3 6
0 0 0 1 0 8 0 0 0

18 27
0 5 0 0 0 0 0 1 0
0 0 0 7 0 0 4 0 0
0 6 0 9 0 3 0 8 0
0 0 8 0 3 0 2 0 0
3 0 0 0 0 0 0 0 6
0 0 2 0 1 0 8 0 0
0 8 0 2 0 5 0 7 0
0 0 9 0 0 8 0 0 0
0 2 0 0 0 0 0 4 0

18 28
0 0 4 1 0 8 3 0 0
0 9 0 0 0 0 0 0 0
6 0 0 2 0 7 0 0 1
1 0 6 0 0 0 0 0 8
0 0 0 0 0 0 0 0 0
3 0 0 0 0 0 2 0 6
7 0 0 4 0 5 0 0 2
0 0 0 0 0 0 0 7 0
0 0 5 9 0 6 4 0 0

18 29
6 0 0 0 0 0 0 5 0
1 0 3 0 7 0 0 0 0
0 0 0 4 0 0 9 1 2
0 0 2 0 5 0 0 7 0
0 0 0 0 0 0 0 0 0
0 9 0 0 4 0 8 0 0
3 6 4 0 0 8 0 0 0
0 0 0 0 1 0 4 0 6
0 8 0 0 0 0 0 0 7

18 30
5 0 0 4 0 0 0 0 2
0 7 0 9 0 0 0 3 0
0 0 0 2 0 0 6 0 0
9 2 1 0 0 4 0 0 0
0 0 0 0 0 0 0 0 0
0 0 0 3 0 0 9 5 7
0 0 7 0 0 3 0 0 0
0 4 0 0 0 6 0 9 0
1 0 0 0 0 2 0 0 8

18 31
7 0 0 4 0 5 0 0 6
0 6 0 0 3 0 0 4 0
0 0 4 0 0 0 8 0 0
8 0 0 9 0 4 0 0 1
0 5 0 0 2 0 0 8 0
4 0 0 8 0 6 0 0 2
0 0 2 0 0 0 9 0 0
0 4 0 0 1 0 0 6 0
9 0 0 2 0 7 0 0 3

18 32
0 0 0 0 4 7 0 0 0
0 5 2 6 0 0 8 0 0
0 0 3 8 0 0 0 6 0
0 3 0 0 0 6 0 0 4
6 0 0 0 8 0 0 0 7
8 0 0 3 0 0 0 9 0
0 6 0 0 0 8 1 0 0
0 0 8 0 0 1 4 5 0
0 0 0 9 6 0 0 0 0

18 33
0 3 9 0 2 0 7 8 0
4 0 0 0 7 0 0 0 3
7 0 1 0 0 0 2 0 5
0 5 0 0 0 0 0 3 0
0 0 0 8 0 4 0 0 0
0 7 0 0 0 0 0 2 0
2 0 7 0 0 0 9 0 6
3 0 0 0 9 0 0 0 2
0 4 6 0 1 0 3 7 0

18 34
0 0 2 8 0 0 5 0 0
0 4 0 0 5 0 0 1 0
1 0 0 0 4 0 0 0 7
0 0 0 3 0 1 0 0 8
0 1 6 0 0 0 2 9 0
4 0 0 6 0 5 0 0 0
9 0 0 0 3 0 0 0 2
0 7 0 0 6 0 0 8 0
0 0 1 0 0 4 3 0 0

18 35
0 0 0 4 0 5 0 0 0
0 9 0 3 0 1 0 6 0
1 0 0 0 0 0 0 0 4
0 0 6 0 4 0 8 0 0
0 3 0 1 0 2 0 7 0
0 0 7 0 9 0 4 0 0
8 0 0 0 0 0 0 0 5
0 2 0 7 0 4 0 9 0
0 0 0 8 0 6 0 0 0

18 36
0 6 0 0 9 0 0 7 0
4 7 0 0 0 0 0 6 1
0 0 5 2 0 6 8 0 0
0 0 4 0 0 0 9 0 0
6 0 0 0 0 0 0 0 7
0 0 2 0 0 0 6 0 0
0 0 3 1 0 7 5 0 0
8 4 0 0 0 0 0 9 2
0 5 0 0 8 0 0 3 0

18 37
0 0 0 0 4 0 0 0 0
0 8 1 7 0 3 6 2 0
0 3 0 5 0 2 0 7 0
1 0 0 0 0 0 0 0 7
0 4 0 0 7 0 0 1 0
6 0 0 0 0 0 0 0 9
0 7 0 1 0 8 0 9 0
0 1 9 3 0 7 5 4 0
0 0 0 0 5 0 0 0 0

18 38
0 3 0 0 0 0 0 8 0
0 7 0 6 0 9 0 5 0
1 0 0 0 0 0 0 0 6
2 0 6 0 0 0 3 0 7
0 0 0 5 3 6 0 0 0
8 0 3 0 0 0 4 0 5
9 0 0 0 0 0 0 0 8
0 6 0 7 0 2 0 9 0
0 2 0 0 0 0 0 7 0

18 39
8 0 4 0 0 0 0 0 9
0 0 0 0 7 6 1 0 0
1 2 0 0 5 0 0 0 6
0 7 0 0 1 0 0 0 0
0 3 1 0 0 0 6 9 0
0 0 0 0 9 0 0 8 0
4 0 0 0 8 0 0 6 5
0 0 3 5 6 0 0 0 0
6 0 0 0 0 0 3 0 7

18 40
0 0 0 0 1 0 0 0 0
0 1 0 5 0 3 0 2 0
0 0 7 0 0 0 5 0 0
0 3 0 0 4 0 0 1 0
1 0 8 0 0 0 4 0 6
0 2 0 1 0 8 0 5 0
0 7 0 0 0 0 0 8 0
0 4 1 0 7 0 2 6 0
0 5 0 0 0 0 0 3 0

18 41
0 0 0 4 0 0 0 0 0
2 0 0 0 0 0 6 3 0
0 3 0 0 8 0 2 0 1
8 0 7 0 0 0 0 0 4
0 5 0 3 0 8 0 1 0
3 0 0 0 0 0 5 0 9
9 0 5 0 1 0 0 7 0
0 7 6 0 0 0 0 0 3
0 0 0 0 0 9 0 0 0

18 42
3 1 0 0 0 0 0 2 8
7 8 0 0 4 0 0 6 3
0 0 0 0 0 0 0 0 0
0 0 5 2 0 6 3 0 0
0 0 8 1 0 4 2 0 0
0 0 1 8 0 3 9 0 0
0 0 0 0 0 0 0 0 0
5 6 0 0 1 0 0 3 9
0 9 0 0 0 0 0 7 0

18 43
0 0 0 0 1 0 0 0 0
0 0 0 3 0 2 0 0 0
0 2 6 0 8 0 3 1 0
0 3 0 4 0 5 0 6 0
8 0 1 0 0 0 9 0 4
0 7 0 1 0 8 0 2 0
0 0 9 0 3 0 4 0 0
0 0 8 2 0 9 7 0 0
0 0 0 0 4 0 0 0 0

18 44
0 0 7 0 4 0 1 0 0
0 1 0 0 0 0 0 5 0
8 0 0 3 0 1 0 0 6
0 0 0 2 7 3 0 0 0
0 2 0 0 0 0 0 9 0
0 0 0 5 9 4 0 0 0
2 0 0 1 0 6 0 0 9
0 8 0 0 0 0 0 7 0
0 0 1 0 5 0 2 0 0

18 45
3 0 0 0 7 0 0 0 9
4 0 0 0 0 0 0 1 0
0 1 0 4 0 9 0 7 0
0 8 0 2 0 0 1 0 0
0 0 4 0 0 0 6 0 0
0 0 5 0 0 3 0 2 0
0 2 0 7 0 1 0 6 0
0 3 0 0 0 0 0 0 5
5 0 0 0 8 0 0 0 1

18 46
0 0 6 0 0 0 5 0 0
0 7 0 0 8 0 0 6 0
5 0 0 1 0 6 0 0 7
0 0 1 0 0 8 7 0 0
9 0 0 0 0 0 0 0 6
0 0 8 9 0 0 1 0 0
4 0 0 5 0 7 0 0 2
0 3 0 0 1 0 0 4 0
0 0 2 0 0 0 3 0 0

18 47
0 7 0 3 0 0 0 0 0
1 0 0 0 2 8 0 7 0
0 5 0 0 9 0 3 4 0
0 1 0 0 0 3 0 0 0
9 0 5 0 0 0 8 0 7
0 0 0 9 0 0 0 1 0
0 6 2 0 8 0 0 9 0
0 3 0 5 1 0 0 0 4
0 0 0 0 0 9 0 6 0

18 48
0 5 0 4 0 6 0 0 7
0 1 0 3 0 2 0 5 0
8 0 0 0 1 0 0 3 0
1 0 0 0 0 0 0 0 0
7 3 0 0 0 0 0 9 8
0 0 0 0 0 0 0 0 3
0 7 0 0 3 0 0 0 2
0 6 0 2 0 1 0 4 0
5 0 0 9 0 8 0 7 0

18 49
0 0 7 0 0 0 5 0 0
0 1 0 3 0 7 0 6 0
0 0 2 0 1 0 8 0 0
6 0 3 0 0 0 1 0 4
4 0 1 0 0 0 9 0 2
0 5 0 0 9 0 0 3 0
0 0 4 0 8 0 7 0 0
5 0 0 0 0 0 0 0 8
0 0 6 0 0 0 3 0 0

18 50
9 0 0 8 0 1 0 0 2
1 2 4 0 0 0 6 3 8
3 0 8 0 0 0 1 0 9
0 0 0 1 0 6 0 0 0
0 0 0 2 0 3 0 0 0
0 8 0 0 0 0 0 5 0
5 0 0 0 1 0 0 0 7
0 1 0 0 6 0 0 8 0
0 0 0 9 0 7 0 0 0

19 1
0 0 9 0 0 7 0 0 0
0 7 5 0 0 2 0 0 0
0 0 0 0 8 0 1 0 7
2 0 7 6 0 0 0 9 3
0 5 0 0 0 0 0 6 0
3 4 0 0 0 8 7 0 5
6 0 3 0 2 0 0 0 0
0 0 0 7 0 0 9 3 0
0 0 0 1 0 0 2 0 0

19 2
0 9 0 0 0 0 0 6 0
8 0 2 3 0 6 1 0 4
0 1 0 0 0 0 0 7 0
0 0 0 0 4 0 0 0 0
0 0 0 0 0 0 0 0 0
0 0 7 1 2 5 6 0 0
9 3 8 0 0 0 2 1 6
0 0 4 9 0 8 5 0 0
0 0 1 0 0 0 9 0 0

19 3
0 0 9 0 0 0 0 7 0
0 7 0 0 0 0 1 0 0
0 0 0 7 8 4 0 0 0
2 3 0 0 5 0 0 6 7
0 0 7 3 0 6 2 0 0
6 5 0 0 7 0 0 3 4
0 0 0 2 9 5 0 0 0
0 0 6 0 0 0 0 8 0
0 2 0 0 0 0 5 0 0

19 4
2 0 0 0 1 0 0 0 4
0 1 0 8 0 5 0 9 0
0 0 9 0 0 0 7 0 0
0 9 0 0 5 0 0 4 0
5 0 0 3 0 6 0 0 9
0 3 0 0 9 0 0 6 0
0 0 3 0 0 0 8 0 0
0 6 0 1 0 9 0 5 0
1 0 0 0 7 0 0 0 6

19 5
0 0 0 0 8 0 0 0 0
7 0 9 0 1 0 2 0 6
0 0 1 0 2 0 7 0 0
0 0 5 2 0 8 1 0 0
0 2 0 1 0 6 0 3 0
9 0 0 5 0 4 0 0 2
0 3 2 0 0 0 9 6 0
0 0 0 8 0 9 0 0 0
0 0 0 0 4 0 0 0 0

19 6
0 3 4 0 0 0 1 2 0
0 9 1 0 0 0 5 8 0
0 0 0 7 0 1 0 0 0
0 1 0 0 5 0 0 9 0
0 0 7 0 1 0 6 0 0
0 0 0 9 8 7 0 0 0
0 0 0 0 3 0 0 0 0
8 0 0 1 0 2 0 0 6
0 2 9 0 0 0 4 5 0

19 7
0 0 0 0 0 7 0 0 0
0 3 0 0 0 2 0 0 0
0 0 7 9 1 0 0 0 2
0 0 5 0 0 6 1 2 8
8 9 1 0 0 5 0 0 0
0 0 2 0 0 1 5 9 7
0 0 8 1 5 0 0 0 6
0 7 0 0 0 3 0 0 0
0 0 0 0 0 4 0 0 0

19 8
1 0 0 5 0 2 0 0 8
0 8 0 0 0 0 0 9 0
0 5 4 0 8 0 1 3 0
0 0 2 0 0 0 8 0 0
5 0 0 0 0 0 0 0 1
0 0 3 0 0 0 9 0 0
0 3 5 0 2 0 7 1 0
0 9 0 0 0 0 0 5 0
6 0 0 1 0 5 0 0 4

19 9
0 0 0 0 0 0 0 0 0
8 0 0 0 6 0 0 0 7
0 6 1 0 0 0 2 3 0
3 0 0 9 4 2 0 0 6
0 2 0 0 1 0 0 4 0
9 0 0 0 0 0 0 0 2
0 4 6 0 7 0 5 8 0
0 3 0 4 0 5 0 6 0
0 0 7 0 0 0 3 0 0

19 10
6 0 8 0 0 0 5 0 2
0 2 0 0 0 0 0 9 0
7 0 0 6 0 2 0 0 3
0 0 6 9 0 5 2 0 0
0 7 0 0 0 0 0 5 0
0 0 2 3 0 4 6 0 0
2 0 0 4 0 3 0 0 8
0 6 0 0 0 0 0 1 0
3 0 1 0 0 0 4 0 5

19 11
0 0 7 8 0 0 0 0 0
8 9 0 2 0 0 0 3 0
2 0 0 3 7 0 1 0 0
0 0 2 4 0 5 0 0 0
0 0 6 0 0 0 4 0 0
0 0 0 7 0 2 6 0 0
0 0 1 0 2 7 0 0 9
0 7 0 0 0 3 0 5 1
0 0 0 0 0 8 7 0 0

19 12
0 0 0 0 1 0 0 2 8
0 0 9 2 0 8 0 7 0
0 0 0 4 0 3 0 5 0
0 0 0 0 2 7 5 0 0
0 0 0 5 0 6 0 0 0
0 0 5 8 3 0 0 0 0
0 8 0 7 0 5 0 0 0
0 6 0 3 0 2 1 0 0
9 2 0 0 8 0 0 0 0

19 13
0 0 0 0 0 0 7 0 1
0 0 0 0 8 3 6 0 0
0 0 9 6 1 0 0 8 0
1 5 0 3 0 6 0 0 2
0 0 0 0 0 0 0 0 0
8 4 0 1 0 5 0 0 6
0 0 5 4 7 0 0 1 0
0 0 0 0 6 2 5 0 0
0 0 0 0 0 0 4 0 8

19 14
2 0 0 5 0 6 0 0 7
0 0 3 7 0 4 8 0 0
0 6 0 0 3 0 0 9 0
7 0 0 3 0 0 0 0 4
0 0 0 0 0 0 0 0 0
1 0 0 0 0 9 0 0 5
0 7 0 0 5 0 0 4 0
0 0 4 9 0 8 7 0 0
5 0 0 4 0 2 0 0 9

19 15
2 7 0 0 0 0 0 9 6
0 0 0 1 0 6 0 0 0
0 0 6 0 0 0 8 0 0
3 6 0 9 0 0 0 5 2
0 0 9 0 0 0 6 0 0
5 2 0 6 0 0 0 3 4
0 0 5 0 0 0 2 0 0
0 0 0 2 0 4 0 0 0
6 3 0 0 0 0 0 4 1

19 16
0 0 0 0 0 0 0 0 0
0 1 2 0 7 0 0 4 8
0 8 0 1 0 0 0 0 6
0 0 8 0 0 5 9 0 0
0 5 0 0 8 0 3 0 0
0 0 0 6 0 2 0 0 7
0 0 0 2 9 0 0 8 0
0 9 0 0 0 0 2 0 5
0 2 7 0 0 4 0 1 9

19 17
0 0 8 0 0 0 7 0 0
0 9 0 1 0 5 0 8 0
0 0 3 0 0 0 6 0 0
0 0 5 0 4 0 8 0 0
7 8 0 2 0 3 0 6 5
0 0 6 0 5 0 2 0 0
0 0 2 0 0 0 1 0 0
0 6 0 8 0 9 0 2 0
0 0 9 0 0 0 4 0 0

19 18
0 4 0 0 0 0 0 6 0
0 0 0 7 0 4 0 0 0
0 1 9 0 2 0 4 3 0
0 0 2 0 0 0 9 0 0
4 0 0 2 0 5 0 0 8
0 0 6 0 0 0 2 0 0
0 3 4 0 5 0 8 2 0
0 0 0 8 0 6 0 0 0
0 7 0 0 0 0 0 4 0

19 19
0 0 9 2 0 1 3 0 0
0 1 2 0 9 0 7 6 0
0 0 0 0 8 0 0 0 0
5 0 0 0 0 0 0 0 2
1 0 0 4 0 5 0 0 6
9 0 0 0 0 0 0 0 3
0 0 0 1 0 9 0 0 0
7 0 0 0 0 0 0 0 1
2 3 1 0 0 0 9 8 7

19 20
0 0 0 8 0 0 1 0 0
0 1 9 0 6 0 2 3 0
3 0 0 0 0 5 0 6 0
0 6 0 5 0 0 3 0 0
0 0 2 0 0 0 7 0 0
0 0 3 0 0 7 0 1 0
0 8 0 1 0 0 0 0 3
0 7 1 0 8 0 6 9 0
0 0 6 0 0 9 0 0 0

19 21
0 9 0 0 1 0 0 7 0
0 7 0 0 0 0 0 8 0
0 0 0 7 4 8 0 0 0
0 5 0 2 0 7 0 3 0
0 0 2 6 0 3 7 0 0
0 0 3 0 0 0 5 0 0
0 2 0 0 0 0 0 4 0
5 0 0 8 0 2 0 0 7
0 3 1 0 0 0 9 2 0

19 22
8 0 0 0 2 0 0 0 1
0 0 2 0 9 0 7 0 0
0 1 0 4 0 3 0 6 0
2 0 0 0 0 0 0 0 6
0 5 3 0 0 0 1 2 0
1 0 0 0 0 0 0 0 3
0 2 0 5 0 9 0 4 0
0 0 7 0 1 0 8 0 0
9 0 0 0 7 0 0 0 2

19 23
0 0 1 2 0 0 8 0 0
0 4 0 0 1 8 0 3 0
0 0 8 0 0 0 7 0 0
0 0 0 5 3 0 0 6 0
8 3 9 0 0 0 0 0 1
0 0 0 8 4 0 0 7 0
0 0 3 0 0 0 9 0 0
0 8 0 0 6 3 0 5 0
0 0 5 1 0 0 4 0 0

19 24
0 0 9 0 0 0 1 0 0
0 1 0 6 0 8 0 7 0
0 0 0 4 0 1 0 0 0
1 7 0 0 0 0 0 6 2
0 0 0 1 0 5 0 0 0
8 6 0 0 0 0 0 1 5
9 0 0 0 0 0 0 0 1
0 5 6 0 0 0 3 8 0
0 0 1 3 0 9 7 0 0

19 25
0 3 0 0 0 0 0 8 0
0 0 6 9 0 1 2 0 0
7 0 0 0 0 0 0 0 1
2 1 0 0 8 0 0 6 7
0 0 0 0 0 0 0 0 0
3 6 0 0 1 0 0 2 9
5 0 0 0 0 0 0 0 3
0 0 1 4 0 5 6 0 0
0 4 0 0 0 0 0 5 0

19 26
0 0 8 0 0 0 2 0 0
0 0 0 6 0 9 0 0 0
5 0 7 0 2 0 6 0 3
0 3 0 0 0 0 0 7 0
6 0 2 0 0 0 8 0 4
0 9 0 0 0 0 0 6 0
2 0 3 0 6 0 7 0 9
0 0 0 1 0 5 0 0 0
0 0 6 0 0 0 4 0 0

19 27
9 0 0 0 0 0 0 0 0
0 0 0 8 5 1 0 7 0
0 0 0 2 0 4 0 0 0
0 6 3 0 0 5 9 1 0
1 5 0 0 0 0 0 2 8
0 2 7 0 0 8 6 5 0
0 0 0 3 0 9 0 0 0
0 0 0 1 7 2 0 6 0
7 0 0 0 0 0 0 0 0

19 28
0 0 9 0 0 0 1 0 0
0 0 0 5 0 3 0 0 0
0 0 0 9 7 8 0 0 0
0 5 7 0 0 0 2 6 0
3 0 0 0 0 0 0 0 5
1 0 0 2 5 7 0 0 3
0 6 0 7 0 2 0 8 0
0 7 0 8 0 1 0 2 0
0 2 0 0 0 0 0 7 0

19 29
0 0 0 5 0 3 0 0 0
8 5 0 0 0 0 0 7 9
0 0 1 0 9 0 2 0 0
0 0 0 1 0 9 0 0 0
9 3 0 0 0 0 0 2 6
0 0 5 0 8 0 9 0 0
0 0 0 9 0 8 0 0 0
7 2 0 0 0 0 0 9 3
0 0 9 0 2 0 4 0 0

19 30
8 0 3 0 0 0 6 0 5
0 0 0 8 0 5 0 0 0
0 6 0 0 9 0 0 8 0
1 0 4 0 0 0 5 0 2
0 0 0 0 0 0 0 0 0
5 0 6 2 0 4 3 0 1
0 5 0 0 3 0 0 2 0
0 0 0 7 0 9 0 0 0
3 0 2 0 0 0 7 0 9

19 31
0 0 0 9 0 8 0 0 0
0 0 1 0 0 0 7 0 0
0 8 0 7 0 2 0 1 0
8 0 0 0 0 0 0 0 6
0 2 6 0 0 0 3 8 0
0 0 0 8 0 5 0 0 0
0 7 8 0 2 0 4 9 0
0 3 2 0 5 0 8 6 0
9 0 0 0 0 0 0 0 2

19 32
1 0 0 0 8 0 0 5 0
0 9 0 1 5 3 0 0 7
0 0 0 0 4 0 0 9 0
0 1 0 0 0 0 6 0 5
8 0 2 0 0 0 0 0 0
0 5 0 0 0 0 4 0 3
0 0 0 0 7 0 0 6 0
0 6 0 5 1 4 0 0 8
5 0 0 0 6 0 0 3 0

19 33
0 9 0 0 0 5 0 7 0
1 0 2 0 0 3 0 0 0
5 0 0 0 8 0 0 0 0
0 0 5 0 0 1 7 3 4
0 0 0 0 0 0 0 0 0
8 3 6 5 0 0 2 0 0
0 0 0 0 5 0 0 0 2
0 0 0 7 0 0 8 0 5
0 5 0 4 0 0 0 9 0

19 34
0 9 0 0 8 0 0 1 0
0 7 1 0 0 0 9 2 0
0 0 3 0 7 0 5 0 0
5 0 0 0 1 0 0 0 6
3 0 0 7 0 5 0 0 9
0 0 0 0 3 0 0 0 0
0 0 0 2 0 7 0 0 0
1 0 6 0 0 0 8 0 5
0 3 0 0 0 0 0 9 0

19 35
0 9 0 0 3 0 0 5 0
5 3 0 0 0 0 0 7 8
0 0 0 8 0 5 0 0 0
0 5 0 0 0 0 0 6 0
0 0 1 5 0 4 2 0 0
3 0 0 2 0 1 0 0 4
0 0 0 7 0 3 0 0 0
6 0 5 0 0 0 8 0 2
0 0 0 0 0 0 0 0 0

19 36
0 0 0 1 0 0 0 0 8
0 9 4 0 8 0 2 0 0
0 8 0 0 0 0 7 3 0
0 0 0 0 2 8 6 0 0
0 0 2 0 0 0 0 0 5
0 0 0 0 5 7 8 0 0
0 5 0 0 0 0 9 8 0
0 2 9 0 4 0 3 0 0
0 0 0 6 0 0 0 0 4

19 37
0 1 5 0 0 0 0 0 6
0 9 0 2 0 0 0 0 7
0 0 0 0 3 8 0 9 0
9 0 0 0 0 5 0 6 0
4 0 0 0 0 0 7 0 0
6 0 0 0 0 9 0 2 0
0 0 0 0 6 2 0 5 0
0 7 0 9 0 0 0 0 8
0 2 9 0 0 0 0 0 4

19 38
0 9 0 8 0 0 0 0 0
0 0 8 0 1 0 5 0 0
0 2 3 0 4 0 0 7 0
0 8 0 5 0 0 0 0 6
7 0 0 0 0 0 0 0 4
9 0 0 0 0 7 0 8 0
0 5 0 0 7 0 8 2 0
0 0 2 0 8 0 6 0 0
0 0 0 0 0 2 0 1 0

19 39
0 0 0 6 7 0 0 0 0
5 0 0 8 0 4 0 0 0
0 9 8 2 0 1 3 0 0
0 5 0 0 0 8 0 7 0
0 0 0 0 0 9 0 0 5
0 1 0 0 0 6 0 4 0
0 3 4 1 0 2 7 0 0
1 0 0 9 0 7 0 0 0
0 0 0 4 8 0 0 0 0

19 40
0 0 0 0 8 4 0 0 0
0 0 0 1 0 0 4 0 0
0 0 9 0 0 0 7 0 0
8 7 2 0 5 0 1 4 0
9 0 1 0 0 0 3 0 5
0 3 5 0 1 0 2 7 6
0 0 3 0 0 0 9 0 0
0 0 7 0 0 6 0 0 0
0 0 0 3 7 0 0 0 0

19 41
7 0 0 0 6 0 0 0 2
0 0 4 0 0 0 5 0 0
0 6 0 9 0 2 0 8 0
0 0 3 0 0 0 9 0 0
8 2 0 0 0 0 0 1 4
0 0 1 0 0 0 8 0 0
0 4 0 8 0 6 0 9 0
0 0 8 0 0 0 7 0 0
3 0 0 0 4 0 0 0 8

19 42
0 0 0 0 0 0 0 0 0
0 0 9 0 7 0 4 0 0
5 0 0 6 4 3 0 0 2
0 1 0 0 3 0 0 8 0
0 0 7 0 0 0 3 0 0
4 0 0 0 8 0 0 0 7
0 4 0 0 5 0 0 2 0
0 0 3 4 0 6 7 0 0
7 0 0 0 2 0 0 0 5

19 43
0 4 0 0 8 0 0 9 0
2 0 5 0 0 0 3 0 1
0 0 0 0 3 0 0 2 0
0 9 0 0 0 0 0 1 0
0 0 3 7 0 6 9 0 0
0 6 0 0 0 0 0 4 0
0 3 0 0 9 0 0 0 0
9 0 6 0 0 0 2 0 4
0 1 0 0 6 0 0 7 0

19 44
0 0 7 0 5 0 8 0 0
0 1 8 0 0 0 9 5 0
0 0 0 9 0 4 0 0 0
3 0 0 0 1 0 0 0 5
0 5 0 0 0 0 0 4 0
8 0 0 0 9 0 0 0 1
0 0 0 6 0 7 0 0 0
0 9 6 0 0 0 7 3 0
0 0 5 0 3 0 4 0 0

19 45
0 0 0 0 4 0 0 0 0
4 8 0 0 0 0 0 6 1
7 0 0 2 0 1 0 0 9
9 0 6 0 1 0 3 0 7
0 0 3 0 0 0 5 0 0
0 0 0 0 9 0 0 0 0
0 9 0 0 0 0 0 2 0
0 0 8 0 0 0 9 0 0
1 0 0 9 7 5 0 0 4

19 46
0 9 0 4 0 0 0 8 0
6 0 0 0 5 0 2 0 0
0 0 7 8 0 1 0 0 0
0 5 0 0 0 0 0 9 1
8 0 0 0 0 0 5 0 0
0 1 0 0 0 0 0 4 8
0 0 4 5 0 8 0 0 0
5 0 0 0 6 0 8 0 0
0 8 0 7 0 0 0 2 0

19 47
0 0 3 9 0 2 6 0 0
6 0 0 0 0 0 0 0 4
0 8 5 0 7 0 2 3 0
0 0 0 0 9 0 0 0 0
0 6 0 0 0 0 0 2 0
0 7 0 0 3 0 0 8 0
0 2 7 0 0 0 3 9 0
3 0 0 0 0 0 0 0 2
0 0 4 7 0 3 5 0 0

19 48
0 0 0 0 9 2 0 0 1
8 0 3 0 7 0 0 2 0
0 4 0 0 0 0 0 0 0
0 2 0 0 0 5 6 0 0
7 0 1 0 2 0 0 0 8
0 5 0 0 0 4 2 0 0
0 3 0 0 0 0 0 0 0
2 0 7 0 5 0 0 8 0
0 0 0 0 1 7 0 0 3

19 49
1 0 0 0 0 0 0 4 9
3 0 0 0 7 8 0 0 0
0 0 4 0 9 0 7 0 0
0 7 0 2 0 9 0 0 0
0 6 0 0 0 0 0 7 0
0 0 0 3 0 7 0 5 0
0 0 9 0 5 0 3 0 0
0 0 0 7 8 0 0 0 2
7 2 0 0 0 0 0 0 8

19 50
6 0 0 0 0 2 7 0 9
0 0 8 3 0 0 5 0 0
0 0 9 7 0 0 0 0 0
0 1 0 0 0 7 0 0 2
0 0 7 0 0 0 8 0 0
5 0 0 9 0 0 0 1 0
0 0 0 0 0 9 4 0 0
0 0 5 0 0 8 9 0 0
7 0 4 5 0 0 0 0 3

20 1
6 0 0 2 0 0 9 0 0
0 0 0 5 0 0 7 4 0
0 7 4 9 0 0 0 0 0
0 0 0 0 0 8 0 5 4
1 0 0 0 0 0 0 0 9
8 9 0 3 0 0 0 0 0
0 0 0 0 0 9 2 7 0
0 2 9 0 0 3 0 0 0
0 0 3 0 0 2 0 0 8

20 2
0 0 0 0 9 1 4 0 0
4 0 0 0 0 5 0 0 0
0 0 6 0 2 0 5 0 9
0 0 8 0 0 0 0 0 3
7 0 0 5 0 9 0 8 0
0 0 5 0 0 0 0 0 7
0 0 4 0 5 0 3 0 2
5 0 0 0 0 4 0 0 0
0 0 0 0 3 7 1 0 0

20 3
5 0 0 0 0 0 0 0 3
0 0 9 8 0 5 4 0 0
0 0 0 0 1 0 0 0 0
0 1 0 0 8 0 0 4 0
0 4 6 0 0 0 7 5 0
0 7 0 0 4 0 0 2 0
3 0 0 0 2 0 0 0 4
0 0 4 3 0 1 9 0 0
1 0 0 0 0 0 0 0 6

20 4
4 0 0 0 7 0 0 0 0
0 8 5 0 6 0 0 2 0
0 1 9 0 0 0 8 0 6
5 0 0 0 0 9 0 0 0
0 0 7 0 0 0 6 0 0
0 0 0 4 0 0 0 0 3
6 0 2 0 0 0 7 4 0
0 3 0 0 2 0 9 6 0
0 0 0 0 5 0 0 0 1

20 5
0 0 0 0 8 0 0 0 0
0 0 9 2 0 5 7 0 0
0 0 5 9 0 3 8 0 0
0 0 0 0 0 0 0 0 0
0 5 7 3 0 1 2 6 0
0 6 0 0 0 0 0 5 0
1 0 0 0 9 0 0 0 5
5 2 0 0 0 0 0 7 8
6 9 0 0 0 0 0 2 4

20 6
0 0 0 0 0 1 0 0 0
0 0 9 0 8 3 5 0 0
0 5 0 2 0 0 0 7 0
6 2 0 0 0 5 4 0 8
5 0 0 0 1 0 0 0 0
9 3 0 0 0 2 6 0 5
0 7 0 5 0 0 0 4 0
0 0 5 0 9 4 8 0 0
0 0 0 0 0 7 0 0 0

20 7
1 9 0 0 0 0 0 8 5
0 0 7 0 8 0 4 0 0
0 0 0 6 0 2 0 0 0
0 0 8 0 1 0 5 0 0
2 0 0 0 5 0 0 0 4
0 4 0 0 0 0 0 7 0
0 0 0 8 0 7 0 0 0
8 0 0 0 3 0 0 0 1
0 5 3 0 0 0 7 9 0

20 8
8 0 0 0 0 2 0 0 9
0 0 5 0 7 0 0 2 0
0 4 2 8 0 0 0 0 0
0 0 3 0 2 0 0 4 0
4 0 0 0 0 0 0 0 8
0 5 0 0 1 0 6 0 0
0 0 0 0 0 5 1 3 0
0 1 0 0 9 0 2 0 0
2 0 0 1 0 0 0 0 7

20 9
0 0 9 5 0 2 6 0 0
0 0 0 7 0 9 0 0 0
0 0 0 8 0 1 0 0 0
0 5 0 0 1 0 0 7 0
0 0 0 2 0 8 0 0 0
0 6 2 0 0 0 5 9 0
0 0 5 0 0 0 9 0 0
0 3 7 4 0 5 2 6 0
0 0 0 1 8 3 0 0 0

20 10
9 0 0 0 0 5 0 0 0
5 0 0 7 2 0 8 0 0
2 4 0 0 0 0 0 6 0
0 0 5 0 6 2 1 0 3
0 0 0 0 0 0 0 0 0
0 0 1 0 5 3 2 0 7
3 5 0 0 0 0 0 2 0
6 0 0 5 8 0 9 0 0
1 0 0 0 0 9 0 0 0

20 11
0 3 1 5 0 0 9 7 0
0 0 0 8 0 9 0 0 0
0 4 0 0 0 2 0 5 0
6 0 0 0 0 0 0 0 5
0 0 2 0 0 0 7 0 0
5 0 0 0 0 0 0 0 1
0 5 0 9 0 0 0 3 0
0 0 0 4 0 8 0 0 0
0 9 7 0 0 5 6 4 0

20 12
0 7 0 2 0 1 0 5 0
0 0 9 4 0 8 3 0 0
6 0 0 0 0 0 0 0 1
0 0 0 0 0 0 0 0 0
7 0 0 1 0 9 0 0 2
0 0 1 0 0 0 8 0 0
1 0 0 7 0 2 0 0 4
0 0 7 5 0 4 9 0 0
0 5 0 0 0 0 0 3 0

20 13
2 9 0 0 0 4 7 0 0
0 0 7 0 0 0 0 1 0
0 0 0 8 0 0 2 9 0
7 0 0 0 4 2 0 0 5
5 0 0 0 0 0 0 0 7
3 0 0 7 6 0 0 0 1
0 7 2 0 0 3 0 0 0
0 1 0 0 0 0 6 0 0
0 0 3 9 0 0 0 7 2

20 14
0 0 0 0 0 0 0 0 0
0 0 9 7 0 0 8 0 0
0 8 0 2 0 4 0 6 0
2 0 0 0 6 0 0 8 7
0 3 7 8 2 0 0 5 6
8 0 0 0 5 0 0 2 9
0 5 0 6 0 8 0 1 0
0 0 8 3 0 0 2 0 0
0 0 0 0 0 0 0 0 0

20 15
0 5 0 0 8 0 0 4 0
0 0 1 0 0 0 2 0 0
0 9 0 5 0 7 0 6 0
2 0 0 6 0 4 0 0 9
0 0 0 0 0 0 0 0 0
0 3 0 7 0 2 0 5 0
0 6 0 0 9 0 0 8 0
0 0 3 0 0 0 6 0 0
0 4 0 3 0 6 0 1 0

20 16
8 0 0 0 6 0 0 9 0
0 0 0 3 0 7 0 0 0
0 0 7 0 0 0 4 0 2
5 0 0 1 0 9 0 2 0
0 0 0 0 5 0 0 0 8
9 0 0 2 0 8 0 3 0
0 0 9 0 0 0 8 0 5
0 0 0 9 0 6 0 0 0
2 0 0 0 3 0 0 4 0

20 17
0 0 0 3 0 1 0 0 0
0 0 7 0 0 0 8 0 0
2 0 0 8 0 4 0 0 7
9 6 0 0 0 0 0 3 8
0 0 0 0 0 0 0 0 0
8 4 0 0 2 0 0 6 5
4 0 0 5 0 8 0 0 2
0 0 8 0 0 0 5 0 0
0 0 0 1 0 6 0 0 0

20 18
0 1 0 0 3 0 0 5 0
0 0 0 7 0 5 0 0 9
8 0 0 0 4 0 0 0 2
0 0 9 0 0 0 0 0 0
0 5 3 0 0 0 7 1 0
0 0 0 0 0 0 5 0 0
2 0 0 0 5 0 0 0 8
5 0 0 9 0 4 0 0 0
0 9 0 0 2 0 0 3 0

20 19
0 0 0 2 0 1 0 0 0
0 0 0 9 0 7 0 0 0
0 0 9 0 0 0 7 0 0
0 3 8 0 0 0 2 5 0
1 0 0 0 7 0 0 0 8
2 0 0 6 0 8 0 0 9
0 8 0 5 0 3 0 2 0
0 0 2 0 0 0 6 0 0
0 0 1 0 0 0 8 0 0

20 20
1 0 0 0 0 0 7 0 0
9 0 0 8 7 0 1 0 0
0 0 2 0 0 0 0 5 0
0 3 0 1 0 0 0 0 6
0 0 1 0 3 0 2 0 0
6 0 0 0 0 5 0 1 0
0 1 0 0 0 0 8 0 0
0 0 7 0 4 9 0 0 1
0 0 4 0 0 0 0 0 5

20 21
2 0 0 6 0 1 0 0 8
0 0 0 0 8 0 0 0 0
0 9 0 0 0 0 0 6 0
3 0 0 2 0 8 0 0 7
0 0 8 0 5 0 2 0 0
1 0 0 0 0 0 0 0 3
0 8 0 3 0 6 0 5 0
0 0 7 0 0 0 9 0 0
0 2 0 0 0 0 0 4 0

20 22
0 0 2 1 0 0 0 0 7
0 0 9 0 8 0 0 1 0
0 4 0 0 0 0 0 3 0
7 0 0 0 0 3 6 0 0
0 0 1 5 0 0 0 0 0
6 0 0 0 0 8 7 0 0
0 1 0 0 0 0 0 8 0
0 0 7 0 9 0 0 2 0
0 0 3 2 0 0 0 0 5

20 23
8 0 0 0 0 0 0 0 6
0 0 7 0 3 0 1 0 0
0 3 0 1 0 2 0 9 0
2 0 1 0 0 0 4 0 9
0 0 0 0 0 0 0 0 0
0 0 9 0 0 0 8 0 0
0 9 0 2 0 4 0 3 0
0 0 5 0 1 0 7 0 0
1 0 0 0 0 0 0 0 2

20 24
0 0 6 0 0 5 0 0 0
0 9 0 0 6 0 0 3 0
3 0 0 7 0 0 1 0 5
0 0 2 0 0 0 0 0 0
0 1 5 2 0 8 0 0 0
0 0 3 0 0 0 0 0 0
7 0 0 8 0 0 9 0 2
0 8 0 0 5 0 0 7 0
0 0 1 0 0 2 0 0 0

20 25
0 0 1 8 0 2 0 0 0
0 9 0 0 0 0 7 0 1
0 0 0 6 1 0 0 0 0
0 0 0 0 6 1 0 0 5
0 1 6 0 0 0 0 0 0
0 0 0 0 8 4 0 0 2
0 0 0 3 2 0 0 0 0
0 5 0 0 0 0 3 0 7
0 0 9 1 0 6 0 0 0

20 26
0 0 9 0 8 0 1 0 0
8 0 0 0 7 0 0 0 5
3 0 1 0 0 0 2 0 7
0 0 0 0 0 0 0 0 0
0 7 2 0 1 0 3 6 0
0 0 0 4 0 6 0 0 0
0 0 6 0 0 0 8 0 0
0 0 0 0 9 0 0 0 0
9 0 3 0 0 0 6 0 1

20 27
0 1 0 0 0 0 0 9 0
8 0 0 2 0 5 0 0 3
0 0 0 0 6 0 0 0 0
0 0 7 0 0 0 2 0 0
0 3 5 0 0 0 8 1 0
0 0 2 4 0 6 5 0 0
0 0 0 1 0 7 0 0 0
0 5 9 0 0 0 4 7 0
0 0 0 0 5 0 0 0 0

20 28
2 0 0 8 0 0 0 0 0
0 1 0 0 3 2 7 0 0
0 0 9 0 0 0 0 1 0
3 0 0 0 7 5 1 0 0
0 7 0 0 0 0 0 6 0
0 0 2 1 9 0 0 0 4
0 5 0 0 0 0 9 0 0
0 0 1 7 8 0 0 2 0
0 0 0 0 0 6 0 0 1

20 29
4 0 0 0 1 0 7 0 6
0 1 0 0 3 0 0 2 0
0 0 8 0 0 0 0 0 0
5 0 0 0 0 9 4 0 7
0 0 0 0 0 0 0 0 0
7 0 4 2 0 0 0 0 3
0 0 0 0 0 0 9 0 0
0 6 0 0 7 0 0 8 0
2 0 7 0 5 0 0 0 1

20 30
0 0 0 0 0 0 0 0 0
0 0 3 0 8 0 9 0 0
4 0 1 0 0 0 7 0 5
0 0 2 0 5 0 1 0 0
6 0 0 7 0 3 0 0 2
0 4 0 2 0 1 0 6 0
5 0 0 0 0 0 0 0 8
3 0 0 0 2 0 0 0 9
0 0 7 0 0 0 2 0 0

20 31
0 0 7 0 0 0 1 0 0
0 0 0 2 0 8 0 0 0
6 0 0 3 0 4 0 0 8
8 0 1 0 0 0 6 0 5
0 0 0 0 9 0 0 0 0
5 0 3 0 0 0 4 0 2
3 0 0 8 0 7 0 0 6
0 0 0 5 0 3 0 0 0
0 0 8 0 0 0 5 0 0

20 32
0 0 0 5 0 6 0 0 0
2 0 4 0 0 0 3 0 8
0 7 0 0 0 0 0 1 0
0 0 9 0 4 1 0 0 0
0 0 8 0 0 0 6 0 0
0 0 0 8 5 0 9 0 0
0 3 0 0 0 0 0 7 0
8 0 1 0 0 0 4 0 2
0 0 0 1 0 3 0 0 0

20 33
7 0 0 8 0 0 1 2 0
0 9 0 0 0 2 0 0 7
3 0 0 9 0 0 0 0 0
0 0 0 0 4 0 0 0 0
0 1 7 0 6 0 5 0 0
0 0 0 0 5 0 0 0 0
2 0 0 4 0 0 0 0 0
0 8 0 0 0 7 0 0 6
5 0 0 1 0 0 7 4 0

20 34
0 0 0 1 0 6 0 0 0
7 0 0 0 2 0 0 0 3
0 9 0 0 0 0 0 7 0
0 0 5 0 0 0 6 0 0
0 0 0 8 6 9 0 0 0
0 2 0 0 3 0 0 8 0
0 0 7 0 0 0 8 0 0
0 8 0 5 0 1 0 2 0
2 0 0 0 8 0 0 0 9

20 35
0 0 0 0 0 0 0 0 0
0 2 6 0 0 0 9 7 0
0 1 9 0 8 0 6 2 0
0 0 0 1 0 7 0 0 0
0 0 0 0 0 0 0 0 0
3 5 0 0 0 0 0 6 2
0 6 0 0 0 0 0 5 0
9 7 0 0 0 0 0 1 8
0 0 0 9 2 3 0 0 0

20 36
0 8 0 0 0 0 0 7 0
0 0 0 8 0 7 0 0 0
0 1 9 0 0 0 4 6 0
0 0 0 0 0 0 0 0 0
9 0 0 1 0 5 0 0 7
0 0 5 0 2 0 3 0 0
8 0 0 0 0 0 0 0 9
0 3 0 0 7 0 0 2 0
2 0 0 4 0 8 0 0 1

20 37
0 0 2 0 0 0 7 0 0
6 0 0 9 0 5 0 0 1
0 3 0 0 0 0 0 8 0
0 1 0 6 0 7 0 5 0
0 0 0 0 0 0 0 0 0
0 4 0 1 0 8 0 7 0
0 5 0 0 0 0 0 4 0
2 0 0 5 0 1 0 0 8
0 0 8 0 0 0 3 0 0

20 38
5 0 0 0 1 0 0 0 7
0 3 0 0 0 0 0 1 0
0 0 0 6 7 8 0 0 0
0 5 0 0 0 0 0 7 0
7 0 1 0 0 0 6 0 4
0 2 0 0 0 0 0 8 0
0 0 0 7 4 2 0 0 0
0 7 0 0 0 0 0 3 0
4 0 0 0 9 0 0 0 6

20 39
0 0 0 5 0 3 0 0 0
0 4 0 0 0 0 0 1 0
7 8 0 0 0 0 0 5 0
5 0 0 0 0 8 9 0 0
0 0 2 9 0 5 1 0 0
0 0 6 2 0 0 0 0 4
0 1 0 0 0 0 0 6 3
0 5 0 0 0 0 0 4 0
0 0 0 8 0 2 0 0 0

20 40
0 4 0 0 0 0 6 0 0
0 9 0 2 0 0 0 1 5
0 0 0 3 0 8 0 0 0
0 0 0 0 0 1 0 3 0
0 1 7 5 0 0 0 0 9
0 0 0 0 0 4 0 5 0
0 0 0 1 0 3 0 0 0
0 5 0 7 0 0 0 9 2
0 7 0 0 0 0 3 0 0

20 41
0 0 0 0 0 0 0 0 0
0 0 8 3 0 9 7 0 0
0 7 0 4 0 5 0 1 0
2 0 0 0 6 0 0 0 3
0 0 6 0 9 0 8 0 0
0 4 0 0 0 0 0 5 0
6 3 0 0 0 0 0 7 4
0 0 7 0 0 0 2 0 0
0 0 0 2 0 7 0 0 0

20 42
0 5 0 7 0 0 2 0 0
0 0 7 0 5 0 0 6 0
6 0 0 0 0 8 1 0 0
0 0 1 0 0 0 0 0 0
7 2 0 0 4 0 0 0 3
0 0 6 0 0 0 0 0 0
1 0 0 0 0 2 9 0 0
0 0 2 0 7 0 0 3 0
0 9 0 8 0 0 7 0 0

20 43
7 0 0 0 4 0 0 0 2
0 0 0 1 0 8 0 0 0
0 0 8 0 0 0 4 0 0
0 0 5 0 0 1 2 3 0
4 0 0 0 0 0 0 0 7
0 2 1 7 0 0 6 0 0
0 0 6 0 0 0 9 0 0
0 0 0 2 0 9 0 0 0
5 0 0 0 6 0 0 0 4

20 44
0 0 0 3 0 8 0 0 0
3 0 0 5 0 4 0 0 8
4 1 0 0 0 0 0 6 5
0 0 2 0 0 0 7 0 0
1 0 0 0 5 0 0 0 2
6 0 0 0 0 0 0 0 1
2 0 0 0 0 0 0 0 6
0 0 7 0 0 0 9 0 0
0 0 0 4 8 9 0 0 0

20 45
9 0 0 0 0 0 4 0 0
0 8 1 0 0 2 0 0 0
0 0 0 0 7 1 0 8 0
0 0 6 5 0 0 0 1 7
0 0 0 0 0 0 0 0 0
0 0 2 1 0 0 0 6 5
0 0 0 0 1 8 0 9 0
0 3 7 0 0 6 0 0 0
1 0 0 0 0 0 3 0 0

20 46
0 0 9 0 0 0 0 0 0
0 1 0 0 0 5 0 8 0
0 2 0 0 7 0 0 1 0
7 0 0 8 0 0 0 0 5
0 0 1 5 0 0 6 0 8
6 0 0 1 0 0 0 0 2
0 3 0 0 9 0 0 2 0
0 7 0 0 0 8 0 9 0
0 0 2 0 0 0 0 0 0

20 47
0 0 9 0 0 0 0 8 0
0 0 3 0 0 0 0 1 2
2 1 0 0 0 7 0 0 0
0 0 1 0 2 0 6 0 0
0 0 0 5 0 6 0 0 0
0 0 6 0 1 0 9 0 0
0 0 0 8 0 0 0 3 4
1 6 0 0 0 0 8 0 0
0 9 0 0 0 0 5 0 0

20 48
0 9 0 0 8 0 0 5 0
0 0 5 0 0 0 7 0 0
2 0 0 1 0 4 0 0 6
0 5 0 0 1 0 0 6 0
0 0 6 0 0 0 5 0 0
3 0 0 0 0 0 0 0 8
0 0 0 7 0 3 0 0 0
7 0 2 0 0 0 9 0 5
0 4 0 0 0 0 0 2 0

20 49
0 0 0 1 0 2 0 0 0
6 0 0 5 0 7 0 4 0
3 0 0 0 8 0 7 0 0
0 0 6 0 0 0 8 0 0
0 0 0 0 7 3 0 5 2
0 0 7 0 0 0 6 0 0
7 0 0 0 2 0 5 0 0
4 0 0 7 0 5 0 8 0
0 0 0 4 0 6 0 0 0

20 50
0 1 0 0 0 0 0 7 0
0 6 0 0 0 0 0 9 0
0 0 8 2 0 9 4 0 0
0 0 9 7 0 6 5 0 0
0 0 0 0 0 0 0 0 0
7 4 0 0 0 0 0 1 2
4 9 0 0 0 0 0 6 8
0 0 0 4 0 5 0 0 0
0 0 3 0 0 0 7 0 0

